# Blender 5.1.2
# www.blender.org
mtllib 曲线.mtl
o NURBS路径
v 0.000000 1.360365 -5.258597
v 0.000000 1.368558 -5.257699
v 0.000000 1.371556 -5.250676
v 0.000000 1.368558 -5.239410
v 0.000000 1.360365 -5.226920
v 0.000000 1.349174 -5.216552
v 0.000000 1.337983 -5.211085
v 0.000000 1.329791 -5.211983
v 0.000000 1.326793 -5.219007
v 0.000000 1.329791 -5.230272
v 0.000000 1.337983 -5.242763
v 0.000000 1.349174 -5.253130
v 0.066179 1.247767 -5.361801
v 0.079079 1.256325 -5.360567
v 0.092440 1.259547 -5.353339
v 0.102684 1.256569 -5.342054
v 0.107065 1.248190 -5.329736
v 0.104409 1.236654 -5.319685
v 0.095429 1.225052 -5.314594
v 0.082530 1.216494 -5.315828
v 0.069168 1.213272 -5.323056
v 0.058924 1.216250 -5.334341
v 0.054543 1.224630 -5.346659
v 0.057199 1.236166 -5.356710
v 0.147406 1.145426 -5.462296
v 0.160004 1.154362 -5.460690
v 0.173182 1.157815 -5.453235
v 0.183409 1.154858 -5.441929
v 0.187944 1.146285 -5.429801
v 0.185572 1.134392 -5.420101
v 0.176929 1.122367 -5.415428
v 0.164331 1.113431 -5.417033
v 0.151153 1.109978 -5.424488
v 0.140926 1.112935 -5.435794
v 0.136391 1.121508 -5.447923
v 0.138763 1.133400 -5.457623
v 0.229170 1.053342 -5.560079
v 0.241420 1.062670 -5.558057
v 0.254385 1.066361 -5.550348
v 0.264592 1.063427 -5.539018
v 0.269306 1.054654 -5.527103
v 0.267263 1.042392 -5.517796
v 0.259011 1.029927 -5.513590
v 0.246761 1.020599 -5.515613
v 0.233796 1.016908 -5.523321
v 0.223589 1.019842 -5.534651
v 0.218875 1.028615 -5.546566
v 0.220918 1.040877 -5.555873
v 0.311469 0.971513 -5.655149
v 0.323315 0.981241 -5.652660
v 0.336034 0.985177 -5.644667
v 0.346217 0.982265 -5.633310
v 0.351138 0.973287 -5.621634
v 0.349476 0.960648 -5.612766
v 0.341677 0.947734 -5.609083
v 0.329831 0.938006 -5.611572
v 0.317112 0.934070 -5.619565
v 0.306928 0.936982 -5.630921
v 0.302008 0.945960 -5.642598
v 0.303670 0.958599 -5.651465
v 0.394298 0.899936 -5.747501
v 0.405677 0.910066 -5.744493
v 0.418111 0.914247 -5.736183
v 0.428269 0.911358 -5.724797
v 0.433428 0.902174 -5.713387
v 0.432206 0.889156 -5.705009
v 0.424930 0.875791 -5.701909
v 0.413551 0.865662 -5.704917
v 0.401116 0.861481 -5.713228
v 0.390959 0.864370 -5.724614
v 0.385800 0.873554 -5.736024
v 0.387022 0.886572 -5.744401
v 0.477654 0.838608 -5.837137
v 0.488497 0.849131 -5.833551
v 0.500603 0.853552 -5.824889
v 0.510730 0.850685 -5.813471
v 0.516164 0.841300 -5.802356
v 0.515448 0.827911 -5.794522
v 0.508775 0.814104 -5.792069
v 0.497933 0.803581 -5.795654
v 0.485826 0.799160 -5.804317
v 0.475699 0.802027 -5.815735
v 0.470265 0.811412 -5.826850
v 0.470981 0.824802 -5.834684
v 0.561535 0.787520 -5.924054
v 0.571764 0.798416 -5.919833
v 0.583496 0.803064 -5.910783
v 0.593588 0.800218 -5.899329
v 0.599336 0.790643 -5.888539
v 0.599199 0.776902 -5.881305
v 0.593215 0.762678 -5.879565
v 0.582986 0.751783 -5.883785
v 0.571253 0.747135 -5.892835
v 0.561161 0.749980 -5.904290
v 0.555413 0.759556 -5.915080
v 0.555550 0.773297 -5.922314
v 0.645938 0.746667 -6.008253
v 0.655472 0.757897 -6.003340
v 0.666780 0.762749 -5.993867
v 0.676833 0.759923 -5.982373
v 0.682936 0.750176 -5.971938
v 0.683455 0.736120 -5.965357
v 0.678250 0.721521 -5.964395
v 0.668716 0.710291 -5.969307
v 0.657408 0.705439 -5.978780
v 0.647355 0.708265 -5.990274
v 0.641252 0.718012 -6.000710
v 0.640733 0.732068 -6.007290
v 0.730863 0.716040 -6.089737
v 0.739620 0.727549 -6.084079
v 0.750455 0.732571 -6.074152
v 0.760463 0.729760 -6.062616
v 0.766964 0.719871 -6.052562
v 0.768216 0.705552 -6.046683
v 0.763882 0.690640 -6.046556
v 0.755125 0.679131 -6.052214
v 0.744290 0.674109 -6.062141
v 0.734282 0.676920 -6.073678
v 0.727781 0.686809 -6.083732
v 0.726529 0.701128 -6.089610
v 0.816312 0.695630 -6.168510
v 0.824215 0.707341 -6.162065
v 0.834529 0.712487 -6.151658
v 0.844489 0.709688 -6.140077
v 0.851427 0.699694 -6.130425
v 0.853484 0.685184 -6.125289
v 0.850109 0.670045 -6.126046
v 0.842206 0.658334 -6.132491
v 0.831892 0.653188 -6.142898
v 0.821932 0.655987 -6.154479
v 0.814994 0.665980 -6.164130
v 0.812937 0.680490 -6.169266
v 0.902290 0.685427 -6.244579
v 0.909272 0.697247 -6.237319
v 0.919024 0.702459 -6.226415
v 0.928931 0.699666 -6.214788
v 0.936341 0.689617 -6.205554
v 0.939267 0.675005 -6.201186
v 0.936925 0.659745 -6.202856
v 0.929943 0.647925 -6.210115
v 0.920192 0.642713 -6.221020
v 0.910284 0.645506 -6.232647
v 0.902874 0.655555 -6.241881
v 0.899948 0.670167 -6.246249
v 0.988805 0.685427 -6.317952
v 0.994816 0.697246 -6.309869
v 1.003975 0.702457 -6.298463
v 1.013828 0.699665 -6.286789
v 1.021734 0.689616 -6.277976
v 1.025576 0.675004 -6.274385
v 1.024323 0.659745 -6.276978
v 1.018312 0.647926 -6.285061
v 1.009153 0.642714 -6.296468
v 0.999301 0.645507 -6.308142
v 0.991394 0.655556 -6.316955
v 0.987553 0.670167 -6.320546
v 1.075866 0.695625 -6.388640
v 1.080879 0.707327 -6.379746
v 1.089429 0.712467 -6.367845
v 1.099225 0.709667 -6.356125
v 1.107642 0.699679 -6.347727
v 1.112426 0.685178 -6.344901
v 1.112293 0.670049 -6.348403
v 1.107281 0.658348 -6.357297
v 1.098731 0.653208 -6.369198
v 1.088935 0.656007 -6.380918
v 1.080518 0.665996 -6.389316
v 1.075734 0.680497 -6.392143
v 1.163486 0.716022 -6.456651
v 1.167499 0.727491 -6.446981
v 1.175438 0.732489 -6.434606
v 1.185177 0.729677 -6.422842
v 1.194107 0.719807 -6.414841
v 1.199834 0.705525 -6.412747
v 1.200824 0.690658 -6.417121
v 1.196811 0.679188 -6.426792
v 1.188872 0.674191 -6.439167
v 1.179133 0.677003 -6.450931
v 1.170203 0.686873 -6.458931
v 1.164476 0.701154 -6.461025
v 1.251676 0.746622 -6.521995
v 1.254712 0.757753 -6.511600
v 1.262055 0.762545 -6.498784
v 1.271739 0.759713 -6.486979
v 1.281168 0.750017 -6.479349
v 1.287817 0.736054 -6.477938
v 1.289903 0.721566 -6.483124
v 1.286867 0.710435 -6.493518
v 1.279524 0.705643 -6.506335
v 1.269840 0.708475 -6.518140
v 1.260410 0.718171 -6.525770
v 1.253762 0.732134 -6.527181
v 1.340446 0.787433 -6.584677
v 1.342551 0.798137 -6.573625
v 1.349326 0.802669 -6.560407
v 1.358957 0.799813 -6.548564
v 1.368863 0.790335 -6.541271
v 1.376390 0.776774 -6.540480
v 1.379520 0.762765 -6.546405
v 1.377416 0.752061 -6.557456
v 1.370640 0.747530 -6.570674
v 1.361009 0.750386 -6.582517
v 1.351103 0.759864 -6.589810
v 1.343577 0.773424 -6.590601
v 1.429804 0.838465 -6.644701
v 1.431040 0.848675 -6.633065
v 1.437286 0.852904 -6.619491
v 1.446867 0.850020 -6.607615
v 1.457218 0.840795 -6.600621
v 1.465563 0.827701 -6.600381
v 1.469668 0.814247 -6.606960
v 1.468432 0.804037 -6.618596
v 1.462186 0.799808 -6.632170
v 1.452605 0.802692 -6.644045
v 1.442254 0.811917 -6.651040
v 1.433909 0.825010 -6.651280
v 1.519755 0.899727 -6.702068
v 1.520196 0.909397 -6.689925
v 1.525956 0.913297 -6.676041
v 1.535493 0.910382 -6.664137
v 1.546250 0.901434 -6.657402
v 1.555346 0.888849 -6.657640
v 1.560342 0.876001 -6.664789
v 1.559901 0.866331 -6.676932
v 1.554141 0.862431 -6.690816
v 1.544604 0.865346 -6.702720
v 1.533847 0.874294 -6.709455
v 1.524751 0.886879 -6.709217
v 1.610300 0.971229 -6.756777
v 1.610024 0.980335 -6.744200
v 1.615347 0.983890 -6.730052
v 1.624843 0.980943 -6.718123
v 1.635967 0.972284 -6.711610
v 1.645739 0.960232 -6.712257
v 1.651540 0.948017 -6.719893
v 1.651816 0.938912 -6.732470
v 1.646493 0.935356 -6.746618
v 1.636997 0.938303 -6.758547
v 1.625873 0.946962 -6.765060
v 1.616101 0.959014 -6.764412
v 1.701440 1.052980 -6.808825
v 1.700525 1.061513 -6.795883
v 1.705459 1.064720 -6.781512
v 1.714918 1.061741 -6.769562
v 1.726369 1.053374 -6.763236
v 1.736744 1.041861 -6.764229
v 1.743262 1.030288 -6.772274
v 1.744177 1.021754 -6.785216
v 1.739243 1.018548 -6.799587
v 1.729784 1.021527 -6.811537
v 1.718333 1.029894 -6.817863
v 1.707958 1.041406 -6.816871
v 1.793174 1.144985 -6.858210
v 1.791694 1.152953 -6.844964
v 1.796283 1.155815 -6.830407
v 1.805710 1.152804 -6.818439
v 1.817450 1.144726 -6.812269
v 1.828357 1.133747 -6.813549
v 1.835509 1.122807 -6.821935
v 1.836988 1.114839 -6.835182
v 1.832400 1.111977 -6.849739
v 1.822972 1.114988 -6.861706
v 1.811232 1.123066 -6.867876
v 1.800325 1.134045 -6.866597
v 1.885497 1.247249 -6.904927
v 1.883521 1.254668 -6.891429
v 1.887807 1.257196 -6.876719
v 1.897207 1.254153 -6.864738
v 1.909201 1.246356 -6.858696
v 1.920576 1.235894 -6.860212
v 1.928284 1.225570 -6.868881
v 1.930260 1.218150 -6.882380
v 1.925974 1.215623 -6.897090
v 1.916575 1.218665 -6.909071
v 1.904581 1.226462 -6.915112
v 1.893205 1.236924 -6.913596
v 1.978406 1.359772 -6.948972
v 1.975991 1.366660 -6.935266
v 1.980009 1.368863 -6.920428
v 1.989383 1.365791 -6.908435
v 2.001602 1.358266 -6.902500
v 2.013392 1.348305 -6.904213
v 2.021593 1.338576 -6.913116
v 2.024008 1.331688 -6.926823
v 2.019990 1.329484 -6.941660
v 2.010616 1.332557 -6.953653
v 1.998397 1.340082 -6.959588
v 1.986607 1.350043 -6.957875
v -0.066179 1.247767 -5.361801
v -0.079079 1.256325 -5.360567
v -0.092440 1.259547 -5.353339
v -0.102684 1.256569 -5.342054
v -0.107065 1.248190 -5.329736
v -0.104409 1.236654 -5.319685
v -0.095429 1.225052 -5.314594
v -0.082530 1.216494 -5.315828
v -0.069168 1.213272 -5.323056
v -0.058924 1.216250 -5.334341
v -0.054543 1.224630 -5.346659
v -0.057199 1.236166 -5.356710
v -0.147406 1.145426 -5.462296
v -0.160004 1.154362 -5.460690
v -0.173182 1.157815 -5.453235
v -0.183409 1.154858 -5.441929
v -0.187944 1.146285 -5.429801
v -0.185572 1.134392 -5.420101
v -0.176929 1.122367 -5.415428
v -0.164331 1.113431 -5.417033
v -0.151153 1.109978 -5.424488
v -0.140926 1.112935 -5.435794
v -0.136391 1.121508 -5.447923
v -0.138763 1.133400 -5.457623
v -0.229170 1.053342 -5.560079
v -0.241420 1.062670 -5.558057
v -0.254385 1.066361 -5.550348
v -0.264592 1.063427 -5.539018
v -0.269306 1.054654 -5.527103
v -0.267263 1.042392 -5.517796
v -0.259011 1.029927 -5.513590
v -0.246761 1.020599 -5.515613
v -0.233796 1.016908 -5.523321
v -0.223589 1.019842 -5.534651
v -0.218875 1.028615 -5.546566
v -0.220918 1.040877 -5.555873
v -0.311469 0.971513 -5.655149
v -0.323315 0.981241 -5.652660
v -0.336034 0.985177 -5.644667
v -0.346217 0.982265 -5.633310
v -0.351138 0.973287 -5.621634
v -0.349476 0.960648 -5.612766
v -0.341677 0.947734 -5.609083
v -0.329831 0.938006 -5.611572
v -0.317112 0.934070 -5.619565
v -0.306928 0.936982 -5.630921
v -0.302008 0.945960 -5.642598
v -0.303670 0.958599 -5.651465
v -0.394298 0.899936 -5.747501
v -0.405677 0.910066 -5.744493
v -0.418111 0.914247 -5.736183
v -0.428269 0.911358 -5.724797
v -0.433428 0.902174 -5.713387
v -0.432206 0.889156 -5.705009
v -0.424930 0.875791 -5.701909
v -0.413551 0.865662 -5.704917
v -0.401116 0.861481 -5.713228
v -0.390959 0.864370 -5.724614
v -0.385800 0.873554 -5.736024
v -0.387022 0.886572 -5.744401
v -0.477654 0.838608 -5.837137
v -0.488497 0.849131 -5.833551
v -0.500603 0.853552 -5.824889
v -0.510730 0.850685 -5.813471
v -0.516164 0.841300 -5.802356
v -0.515448 0.827911 -5.794522
v -0.508775 0.814104 -5.792069
v -0.497933 0.803581 -5.795654
v -0.485826 0.799160 -5.804317
v -0.475699 0.802027 -5.815735
v -0.470265 0.811412 -5.826850
v -0.470981 0.824802 -5.834684
v -0.561535 0.787520 -5.924054
v -0.571764 0.798416 -5.919833
v -0.583496 0.803064 -5.910783
v -0.593588 0.800218 -5.899329
v -0.599336 0.790643 -5.888539
v -0.599199 0.776902 -5.881305
v -0.593215 0.762678 -5.879565
v -0.582986 0.751783 -5.883785
v -0.571253 0.747135 -5.892835
v -0.561161 0.749980 -5.904290
v -0.555413 0.759556 -5.915080
v -0.555550 0.773297 -5.922314
v -0.645938 0.746667 -6.008253
v -0.655472 0.757897 -6.003340
v -0.666780 0.762749 -5.993867
v -0.676833 0.759923 -5.982373
v -0.682936 0.750176 -5.971938
v -0.683455 0.736120 -5.965357
v -0.678250 0.721521 -5.964395
v -0.668716 0.710291 -5.969307
v -0.657408 0.705439 -5.978780
v -0.647355 0.708265 -5.990274
v -0.641252 0.718012 -6.000710
v -0.640733 0.732068 -6.007290
v -0.730863 0.716040 -6.089737
v -0.739620 0.727549 -6.084079
v -0.750455 0.732571 -6.074152
v -0.760463 0.729760 -6.062616
v -0.766964 0.719871 -6.052562
v -0.768216 0.705552 -6.046683
v -0.763882 0.690640 -6.046556
v -0.755125 0.679131 -6.052214
v -0.744290 0.674109 -6.062141
v -0.734282 0.676920 -6.073678
v -0.727781 0.686809 -6.083732
v -0.726529 0.701128 -6.089610
v -0.816312 0.695630 -6.168510
v -0.824215 0.707341 -6.162065
v -0.834529 0.712487 -6.151658
v -0.844489 0.709688 -6.140077
v -0.851427 0.699694 -6.130425
v -0.853484 0.685184 -6.125289
v -0.850109 0.670045 -6.126046
v -0.842206 0.658334 -6.132491
v -0.831892 0.653188 -6.142898
v -0.821932 0.655987 -6.154479
v -0.814994 0.665980 -6.164130
v -0.812937 0.680490 -6.169266
v -0.902290 0.685427 -6.244579
v -0.909272 0.697247 -6.237319
v -0.919024 0.702459 -6.226415
v -0.928931 0.699666 -6.214788
v -0.936341 0.689617 -6.205554
v -0.939267 0.675005 -6.201186
v -0.936925 0.659745 -6.202856
v -0.929943 0.647925 -6.210115
v -0.920192 0.642713 -6.221020
v -0.910284 0.645506 -6.232647
v -0.902874 0.655555 -6.241881
v -0.899948 0.670167 -6.246249
v -0.988805 0.685427 -6.317952
v -0.994816 0.697246 -6.309869
v -1.003975 0.702457 -6.298463
v -1.013828 0.699665 -6.286789
v -1.021734 0.689616 -6.277976
v -1.025576 0.675004 -6.274385
v -1.024323 0.659745 -6.276978
v -1.018312 0.647926 -6.285061
v -1.009153 0.642714 -6.296468
v -0.999301 0.645507 -6.308142
v -0.991394 0.655556 -6.316955
v -0.987553 0.670167 -6.320546
v -1.075866 0.695625 -6.388640
v -1.080879 0.707327 -6.379746
v -1.089429 0.712467 -6.367845
v -1.099225 0.709667 -6.356125
v -1.107642 0.699679 -6.347727
v -1.112426 0.685178 -6.344901
v -1.112293 0.670049 -6.348403
v -1.107281 0.658348 -6.357297
v -1.098731 0.653208 -6.369198
v -1.088935 0.656007 -6.380918
v -1.080518 0.665996 -6.389316
v -1.075734 0.680497 -6.392143
v -1.163486 0.716022 -6.456651
v -1.167499 0.727491 -6.446981
v -1.175438 0.732489 -6.434606
v -1.185177 0.729677 -6.422842
v -1.194107 0.719807 -6.414841
v -1.199834 0.705525 -6.412747
v -1.200824 0.690658 -6.417121
v -1.196811 0.679188 -6.426792
v -1.188872 0.674191 -6.439167
v -1.179133 0.677003 -6.450931
v -1.170203 0.686873 -6.458931
v -1.164476 0.701154 -6.461025
v -1.251676 0.746622 -6.521995
v -1.254712 0.757753 -6.511600
v -1.262055 0.762545 -6.498784
v -1.271739 0.759713 -6.486979
v -1.281168 0.750017 -6.479349
v -1.287817 0.736054 -6.477938
v -1.289903 0.721566 -6.483124
v -1.286867 0.710435 -6.493518
v -1.279524 0.705643 -6.506335
v -1.269840 0.708475 -6.518140
v -1.260410 0.718171 -6.525770
v -1.253762 0.732134 -6.527181
v -1.340446 0.787433 -6.584677
v -1.342551 0.798137 -6.573625
v -1.349326 0.802669 -6.560407
v -1.358957 0.799813 -6.548564
v -1.368863 0.790335 -6.541271
v -1.376390 0.776774 -6.540480
v -1.379520 0.762765 -6.546405
v -1.377416 0.752061 -6.557456
v -1.370640 0.747530 -6.570674
v -1.361009 0.750386 -6.582517
v -1.351103 0.759864 -6.589810
v -1.343577 0.773424 -6.590601
v -1.429804 0.838465 -6.644701
v -1.431040 0.848675 -6.633065
v -1.437286 0.852904 -6.619491
v -1.446867 0.850020 -6.607615
v -1.457218 0.840795 -6.600621
v -1.465563 0.827701 -6.600381
v -1.469668 0.814247 -6.606960
v -1.468432 0.804037 -6.618596
v -1.462186 0.799808 -6.632170
v -1.452605 0.802692 -6.644045
v -1.442254 0.811917 -6.651040
v -1.433909 0.825010 -6.651280
v -1.519755 0.899727 -6.702068
v -1.520196 0.909397 -6.689925
v -1.525956 0.913297 -6.676041
v -1.535493 0.910382 -6.664137
v -1.546250 0.901434 -6.657402
v -1.555346 0.888849 -6.657640
v -1.560342 0.876001 -6.664789
v -1.559901 0.866331 -6.676932
v -1.554141 0.862431 -6.690816
v -1.544604 0.865346 -6.702720
v -1.533847 0.874294 -6.709455
v -1.524751 0.886879 -6.709217
v -1.610300 0.971229 -6.756777
v -1.610024 0.980335 -6.744200
v -1.615347 0.983890 -6.730052
v -1.624843 0.980943 -6.718123
v -1.635967 0.972284 -6.711610
v -1.645739 0.960232 -6.712257
v -1.651540 0.948017 -6.719893
v -1.651816 0.938912 -6.732470
v -1.646493 0.935356 -6.746618
v -1.636997 0.938303 -6.758547
v -1.625873 0.946962 -6.765060
v -1.616101 0.959014 -6.764412
v -1.701440 1.052980 -6.808825
v -1.700525 1.061513 -6.795883
v -1.705459 1.064720 -6.781512
v -1.714918 1.061741 -6.769562
v -1.726369 1.053374 -6.763236
v -1.736744 1.041861 -6.764229
v -1.743262 1.030288 -6.772274
v -1.744177 1.021754 -6.785216
v -1.739243 1.018548 -6.799587
v -1.729784 1.021527 -6.811537
v -1.718333 1.029894 -6.817863
v -1.707958 1.041406 -6.816871
v -1.793174 1.144985 -6.858210
v -1.791694 1.152953 -6.844964
v -1.796283 1.155815 -6.830407
v -1.805710 1.152804 -6.818439
v -1.817450 1.144726 -6.812269
v -1.828357 1.133747 -6.813549
v -1.835509 1.122807 -6.821935
v -1.836988 1.114839 -6.835182
v -1.832400 1.111977 -6.849739
v -1.822972 1.114988 -6.861706
v -1.811232 1.123066 -6.867876
v -1.800325 1.134045 -6.866597
v -1.885497 1.247249 -6.904927
v -1.883521 1.254668 -6.891429
v -1.887807 1.257196 -6.876719
v -1.897207 1.254153 -6.864738
v -1.909201 1.246356 -6.858696
v -1.920576 1.235894 -6.860212
v -1.928284 1.225570 -6.868881
v -1.930260 1.218150 -6.882380
v -1.925974 1.215623 -6.897090
v -1.916575 1.218665 -6.909071
v -1.904581 1.226462 -6.915112
v -1.893205 1.236924 -6.913596
v -1.978406 1.359772 -6.948972
v -1.975991 1.366660 -6.935266
v -1.980009 1.368863 -6.920428
v -1.989383 1.365791 -6.908435
v -2.001602 1.358266 -6.902500
v -2.013392 1.348305 -6.904213
v -2.021593 1.338576 -6.913116
v -2.024008 1.331688 -6.926823
v -2.019990 1.329484 -6.941660
v -2.010616 1.332557 -6.953653
v -1.998397 1.340082 -6.959588
v -1.986607 1.350043 -6.957875
v -2.843013 1.360365 -4.423814
v -2.842527 1.368558 -4.423058
v -2.838730 1.371556 -4.417150
v -2.832639 1.368558 -4.407672
v -2.825887 1.360365 -4.397165
v -2.820282 1.349174 -4.388443
v -2.817326 1.337983 -4.383844
v -2.817811 1.329791 -4.384600
v -2.821608 1.326793 -4.390508
v -2.827699 1.329791 -4.399985
v -2.834452 1.337983 -4.410493
v -2.840057 1.349174 -4.419215
v -2.843135 1.247767 -4.546413
v -2.831617 1.256325 -4.552349
v -2.816468 1.259547 -4.553493
v -2.801750 1.256569 -4.549537
v -2.791404 1.248190 -4.541543
v -2.788204 1.236654 -4.531651
v -2.793007 1.225052 -4.522514
v -2.804526 1.216494 -4.516578
v -2.819674 1.213272 -4.515435
v -2.834393 1.216250 -4.519390
v -2.844738 1.224630 -4.527384
v -2.847938 1.236166 -4.537276
v -2.829135 1.145426 -4.674870
v -2.817668 1.154362 -4.680330
v -2.802552 1.157815 -4.681183
v -2.787836 1.154858 -4.677201
v -2.777464 1.146285 -4.669450
v -2.774215 1.134392 -4.660007
v -2.778959 1.122367 -4.651403
v -2.790426 1.113431 -4.645943
v -2.805542 1.109978 -4.645090
v -2.820258 1.112935 -4.649072
v -2.830630 1.121508 -4.656823
v -2.833879 1.133400 -4.666265
v -2.813216 1.053342 -4.801335
v -2.801817 1.062670 -4.806256
v -2.786743 1.066361 -4.806781
v -2.772031 1.063427 -4.802768
v -2.761624 1.054654 -4.795293
v -2.758310 1.042392 -4.786358
v -2.762979 1.029927 -4.778359
v -2.774377 1.020599 -4.773438
v -2.789452 1.016908 -4.772913
v -2.804164 1.019842 -4.776926
v -2.814571 1.028615 -4.784401
v -2.817884 1.040877 -4.793335
v -2.795381 0.971513 -4.925807
v -2.784070 0.981241 -4.930117
v -2.769048 0.985177 -4.930269
v -2.754341 0.982265 -4.926222
v -2.743890 0.973287 -4.919059
v -2.740494 0.960648 -4.910700
v -2.745063 0.947734 -4.903385
v -2.756374 0.938006 -4.899075
v -2.771395 0.934070 -4.898922
v -2.786102 0.936982 -4.902970
v -2.796554 0.945960 -4.910133
v -2.799950 0.958599 -4.918491
v -2.775630 0.899936 -5.048279
v -2.764431 0.910066 -5.051901
v -2.749477 0.914247 -5.051632
v -2.734776 0.911358 -5.047545
v -2.724268 0.902174 -5.040735
v -2.720767 0.889156 -5.033027
v -2.725211 0.875791 -5.026486
v -2.736411 0.865662 -5.022864
v -2.751364 0.861481 -5.023133
v -2.766065 0.864370 -5.027220
v -2.776573 0.873554 -5.034030
v -2.780075 0.886572 -5.041738
v -2.753967 0.838608 -5.168751
v -2.742907 0.849131 -5.171597
v -2.728039 0.853552 -5.170856
v -2.713346 0.850685 -5.166725
v -2.702766 0.841300 -5.160312
v -2.699133 0.827911 -5.153335
v -2.703421 0.814104 -5.147664
v -2.714480 0.803581 -5.144818
v -2.729348 0.799160 -5.145559
v -2.744041 0.802027 -5.149690
v -2.754622 0.811412 -5.156103
v -2.758255 0.824802 -5.163080
v -2.730393 0.787520 -5.287220
v -2.719506 0.798416 -5.289199
v -2.704743 0.803064 -5.287929
v -2.690060 0.800218 -5.283749
v -2.679391 0.790643 -5.277780
v -2.675595 0.776902 -5.271620
v -2.679689 0.762678 -5.266921
v -2.690576 0.751783 -5.264941
v -2.705339 0.747135 -5.266212
v -2.720022 0.749980 -5.270391
v -2.730690 0.759556 -5.276361
v -2.734487 0.773297 -5.282521
v -2.704910 0.746667 -5.403685
v -2.694233 0.757897 -5.404706
v -2.679598 0.762749 -5.402851
v -2.664927 0.759923 -5.398616
v -2.654151 0.750176 -5.393137
v -2.650157 0.736120 -5.387882
v -2.654015 0.721521 -5.384258
v -2.664692 0.710291 -5.383236
v -2.679327 0.705439 -5.385091
v -2.693998 0.708265 -5.389326
v -2.704774 0.718012 -5.394805
v -2.708768 0.732068 -5.400061
v -2.677520 0.716040 -5.518147
v -2.667094 0.727549 -5.518122
v -2.652612 0.732571 -5.515628
v -2.637955 0.729760 -5.511334
v -2.627051 0.719871 -5.506391
v -2.622820 0.705552 -5.502122
v -2.626397 0.690640 -5.499672
v -2.636823 0.679131 -5.499698
v -2.651305 0.674109 -5.502192
v -2.665962 0.676920 -5.506485
v -2.676866 0.686809 -5.511429
v -2.681097 0.701128 -5.515697
v -2.648223 0.695630 -5.630613
v -2.638090 0.707341 -5.629464
v -2.623788 0.712487 -5.626284
v -2.609148 0.709688 -5.621926
v -2.598093 0.699694 -5.617558
v -2.593586 0.685184 -5.614350
v -2.596834 0.670045 -5.613161
v -2.606967 0.658334 -5.614310
v -2.621270 0.653188 -5.617489
v -2.635910 0.655987 -5.621847
v -2.646964 0.665980 -5.626215
v -2.651472 0.680490 -5.629424
v -2.617020 0.685427 -5.741089
v -2.607221 0.697247 -5.738757
v -2.593123 0.702459 -5.734856
v -2.578502 0.699666 -5.730431
v -2.567276 0.689617 -5.726668
v -2.562453 0.675005 -5.724576
v -2.565326 0.659745 -5.724714
v -2.575125 0.647925 -5.727047
v -2.589223 0.642713 -5.730948
v -2.603844 0.645506 -5.735373
v -2.615070 0.655555 -5.739136
v -2.619893 0.670167 -5.741228
v -2.583908 0.685427 -5.849588
v -2.574481 0.697246 -5.846038
v -2.560609 0.702457 -5.841394
v -2.546009 0.699665 -5.836900
v -2.534593 0.689616 -5.833761
v -2.529420 0.675004 -5.832817
v -2.531876 0.659745 -5.834321
v -2.541302 0.647926 -5.837872
v -2.555174 0.642714 -5.842515
v -2.569774 0.645507 -5.847010
v -2.581190 0.655556 -5.850149
v -2.586364 0.670167 -5.851093
v -2.548883 0.695625 -5.956123
v -2.539858 0.707327 -5.951352
v -2.526232 0.712467 -5.945962
v -2.511654 0.709667 -5.941399
v -2.500033 0.699679 -5.938885
v -2.494481 0.685178 -5.939093
v -2.496486 0.670049 -5.941968
v -2.505511 0.658348 -5.946740
v -2.519138 0.653208 -5.952129
v -2.533715 0.656007 -5.956693
v -2.545336 0.665996 -5.959207
v -2.550889 0.680497 -5.958999
v -2.511943 0.716022 -6.060709
v -2.503339 0.727491 -6.054743
v -2.489970 0.732489 -6.048625
v -2.475416 0.729677 -6.043994
v -2.463579 0.719807 -6.042091
v -2.457629 0.705525 -6.043426
v -2.459161 0.690658 -6.047641
v -2.467765 0.679188 -6.053606
v -2.481134 0.674191 -6.059724
v -2.495687 0.677003 -6.064355
v -2.507525 0.686873 -6.066258
v -2.513475 0.701154 -6.064924
v -2.473080 0.746622 -6.163359
v -2.464907 0.757753 -6.156256
v -2.451800 0.762545 -6.149444
v -2.437271 0.759713 -6.144748
v -2.425213 0.750017 -6.143427
v -2.418858 0.736054 -6.145834
v -2.419907 0.721566 -6.151325
v -2.428080 0.710435 -6.158428
v -2.441187 0.705643 -6.165240
v -2.455716 0.708475 -6.169935
v -2.467773 0.718171 -6.171257
v -2.474129 0.732134 -6.168849
v -2.432290 0.787433 -6.264083
v -2.424545 0.798137 -6.255923
v -2.411699 0.802669 -6.248466
v -2.397194 0.799813 -6.243711
v -2.384918 0.790335 -6.242930
v -2.378159 0.776774 -6.246335
v -2.378728 0.762765 -6.253011
v -2.386473 0.752061 -6.261171
v -2.399320 0.747530 -6.268627
v -2.413824 0.750386 -6.273383
v -2.426101 0.759864 -6.274163
v -2.432860 0.773424 -6.270759
v -2.389569 0.838465 -6.362888
v -2.382239 0.848675 -6.353768
v -2.369646 0.852904 -6.345726
v -2.355165 0.850020 -6.340916
v -2.342676 0.840795 -6.340627
v -2.335526 0.827701 -6.344937
v -2.335629 0.814247 -6.352691
v -2.342960 0.804037 -6.361812
v -2.355553 0.799808 -6.369854
v -2.370034 0.802692 -6.374664
v -2.382523 0.811917 -6.374953
v -2.389673 0.825010 -6.370643
v -2.344913 0.899727 -6.459780
v -2.337977 0.909397 -6.449803
v -2.325624 0.913297 -6.441237
v -2.311166 0.910382 -6.436378
v -2.298475 0.901434 -6.436529
v -2.290953 0.888849 -6.441647
v -2.290614 0.876001 -6.450362
v -2.297550 0.866331 -6.460339
v -2.309902 0.862431 -6.468904
v -2.324361 0.865346 -6.473763
v -2.337052 0.874294 -6.473613
v -2.344574 0.886879 -6.468495
v -2.298319 0.971229 -6.554757
v -2.291752 0.980335 -6.544027
v -2.279625 0.983890 -6.535003
v -2.265187 0.980943 -6.530101
v -2.252307 0.972284 -6.530636
v -2.244437 0.960232 -6.536464
v -2.243685 0.948017 -6.546023
v -2.250252 0.938912 -6.556753
v -2.262380 0.935356 -6.565777
v -2.276817 0.938303 -6.570679
v -2.289697 0.946962 -6.570144
v -2.297567 0.959014 -6.564316
v -2.249787 1.052980 -6.647817
v -2.243559 1.061513 -6.636435
v -2.231640 1.064720 -6.627012
v -2.217221 1.061741 -6.622073
v -2.204168 1.053374 -6.622942
v -2.195977 1.041861 -6.629386
v -2.194843 1.030288 -6.639678
v -2.201071 1.021754 -6.651060
v -2.212990 1.018548 -6.660482
v -2.227409 1.021527 -6.665421
v -2.240462 1.029894 -6.664552
v -2.248653 1.041406 -6.658109
v -2.199315 1.144985 -6.738956
v -2.193398 1.152953 -6.727013
v -2.181668 1.155815 -6.717247
v -2.167267 1.152804 -6.712277
v -2.154055 1.144726 -6.713433
v -2.145571 1.133747 -6.720407
v -2.144089 1.122807 -6.731328
v -2.150006 1.114839 -6.743272
v -2.161736 1.111977 -6.753037
v -2.176137 1.114988 -6.758008
v -2.189350 1.123066 -6.756851
v -2.197833 1.134045 -6.749878
v -2.146905 1.247249 -6.828171
v -2.141269 1.254668 -6.815748
v -2.129711 1.257196 -6.805690
v -2.115326 1.254153 -6.800693
v -2.101969 1.246356 -6.802094
v -2.093220 1.235894 -6.809520
v -2.091422 1.225570 -6.820980
v -2.097058 1.218150 -6.833404
v -2.108616 1.215623 -6.843462
v -2.123001 1.218665 -6.848459
v -2.136358 1.226462 -6.847057
v -2.145107 1.236924 -6.839631
v -2.092557 1.359772 -6.915455
v -2.087179 1.366660 -6.902618
v -2.075777 1.368863 -6.892308
v -2.061407 1.365791 -6.887287
v -2.047919 1.358266 -6.888901
v -2.038927 1.348305 -6.896716
v -2.036841 1.338576 -6.908639
v -2.042220 1.331688 -6.921475
v -2.053622 1.329484 -6.931786
v -2.067992 1.332557 -6.936807
v -2.081480 1.340082 -6.935193
v -2.090471 1.350043 -6.927378
v -2.954483 1.247767 -4.474855
v -2.964667 1.256325 -4.466843
v -2.972000 1.259547 -4.453538
v -2.974516 1.256569 -4.438507
v -2.971542 1.248190 -4.425775
v -2.963874 1.236654 -4.418756
v -2.953567 1.225052 -4.419328
v -2.943382 1.216494 -4.427340
v -2.936050 1.213272 -4.440644
v -2.933533 1.216250 -4.455676
v -2.936507 1.224630 -4.468408
v -2.944175 1.236166 -4.475428
v -3.077147 1.145426 -4.515482
v -3.086877 1.154362 -4.507320
v -3.093932 1.157815 -4.493924
v -3.096423 1.154858 -4.478884
v -3.093681 1.146285 -4.466229
v -3.086442 1.134392 -4.459351
v -3.076644 1.122367 -4.460093
v -3.066914 1.113431 -4.468255
v -3.059858 1.109978 -4.481650
v -3.057368 1.112935 -4.496691
v -3.060109 1.121508 -4.509346
v -3.067349 1.133400 -4.516223
v -3.198797 1.053342 -4.553538
v -3.208008 1.062670 -4.545214
v -3.214747 1.066361 -4.531719
v -3.217209 1.063427 -4.516669
v -3.214732 1.054654 -4.504097
v -3.207982 1.042392 -4.497372
v -3.198766 1.029927 -4.498295
v -3.189554 1.020599 -4.506619
v -3.182815 1.016908 -4.520114
v -3.180354 1.019842 -4.535164
v -3.182830 1.028615 -4.547735
v -3.189581 1.040877 -4.554461
v -3.319429 0.971513 -4.589021
v -3.328049 0.981241 -4.580523
v -3.334427 0.985177 -4.566922
v -3.336855 0.982265 -4.551863
v -3.334681 0.973287 -4.539380
v -3.328488 0.960648 -4.532819
v -3.319936 0.947734 -4.533937
v -3.311316 0.938006 -4.542435
v -3.304938 0.934070 -4.556036
v -3.302510 0.936982 -4.571095
v -3.304684 0.945960 -4.583578
v -3.310877 0.958599 -4.590139
v -3.439039 0.899936 -4.621933
v -3.446985 0.910066 -4.613250
v -3.452953 0.914247 -4.599536
v -3.455342 0.911358 -4.584466
v -3.453513 0.902174 -4.572078
v -3.447956 0.889156 -4.565691
v -3.440159 0.875791 -4.567017
v -3.432213 0.865662 -4.575699
v -3.426245 0.861481 -4.589413
v -3.423856 0.864370 -4.604483
v -3.425685 0.873554 -4.616871
v -3.431242 0.886572 -4.623258
v -3.557623 0.838608 -4.652273
v -3.564806 0.849131 -4.643394
v -3.570308 0.853552 -4.629562
v -3.572654 0.850685 -4.614481
v -3.571216 0.841300 -4.602193
v -3.566379 0.827911 -4.595990
v -3.559439 0.814104 -4.597534
v -3.552256 0.803581 -4.606412
v -3.546754 0.799160 -4.620245
v -3.544408 0.802027 -4.635326
v -3.545846 0.811412 -4.647614
v -3.550683 0.824802 -4.653817
v -3.675179 0.787520 -4.680043
v -3.681502 0.798416 -4.670962
v -3.686479 0.803064 -4.657005
v -3.688776 0.800218 -4.641913
v -3.687778 0.790643 -4.629728
v -3.683752 0.776902 -4.623717
v -3.677777 0.762678 -4.625489
v -3.671453 0.751783 -4.634569
v -3.666476 0.747135 -4.648526
v -3.664179 0.749980 -4.663618
v -3.665178 0.759556 -4.675803
v -3.669204 0.773297 -4.681814
v -3.791705 0.746667 -4.705244
v -3.797069 0.757897 -4.695956
v -3.801461 0.762749 -4.681873
v -3.803704 0.759923 -4.666769
v -3.803196 0.750176 -4.654691
v -3.800075 0.736120 -4.648874
v -3.795176 0.721521 -4.650878
v -3.789812 0.710291 -4.660166
v -3.785419 0.705439 -4.674249
v -3.783177 0.708265 -4.689353
v -3.783684 0.718012 -4.701431
v -3.786806 0.732068 -4.707248
v -3.907202 0.716040 -4.727879
v -3.911510 0.727549 -4.718384
v -3.915258 0.732571 -4.704175
v -3.917441 0.729760 -4.689059
v -3.917474 0.719871 -4.677086
v -3.915349 0.705552 -4.671465
v -3.911634 0.690640 -4.673701
v -3.907326 0.679131 -4.683195
v -3.903578 0.674109 -4.697404
v -3.901395 0.676920 -4.712520
v -3.901362 0.686809 -4.724493
v -3.903488 0.701128 -4.730114
v -4.021674 0.695630 -4.747949
v -4.024838 0.707341 -4.738255
v -4.027888 0.712487 -4.723924
v -4.030006 0.709688 -4.708797
v -4.030624 0.699694 -4.696926
v -4.029578 0.685184 -4.691494
v -4.027148 0.670045 -4.693954
v -4.023983 0.658334 -4.703649
v -4.020934 0.653188 -4.717979
v -4.018816 0.655987 -4.733107
v -4.018198 0.665980 -4.744977
v -4.019244 0.680490 -4.750410
v -4.135130 0.685427 -4.765459
v -4.137078 0.697247 -4.755577
v -4.139387 0.702459 -4.741132
v -4.141436 0.699666 -4.725994
v -4.142676 0.689617 -4.714220
v -4.142776 0.675005 -4.708963
v -4.141709 0.659745 -4.711635
v -4.139760 0.647925 -4.721517
v -4.137452 0.642713 -4.735962
v -4.135403 0.645506 -4.751100
v -4.134162 0.655555 -4.762874
v -4.134062 0.670167 -4.768130
v -4.247579 0.685427 -4.780411
v -4.248266 0.697246 -4.770362
v -4.249804 0.702457 -4.755814
v -4.251781 0.699665 -4.740667
v -4.253668 0.689616 -4.728978
v -4.254958 0.675004 -4.723880
v -4.255307 0.659745 -4.726739
v -4.254620 0.647926 -4.736789
v -4.253082 0.642714 -4.751336
v -4.251105 0.645507 -4.766484
v -4.249218 0.655556 -4.778172
v -4.247928 0.670167 -4.783270
v -4.359036 0.695625 -4.792809
v -4.358445 0.707327 -4.782617
v -4.359203 0.712467 -4.767982
v -4.361108 0.709667 -4.752827
v -4.363649 0.699679 -4.741211
v -4.366145 0.685178 -4.736247
v -4.367928 0.670049 -4.739265
v -4.368519 0.658348 -4.749457
v -4.367761 0.653208 -4.764091
v -4.365856 0.656007 -4.779247
v -4.363315 0.665996 -4.790863
v -4.360819 0.680497 -4.795827
v -4.469517 0.716022 -4.802652
v -4.467664 0.727491 -4.792348
v -4.467653 0.732489 -4.777645
v -4.469486 0.729677 -4.762483
v -4.472672 0.719807 -4.750925
v -4.476358 0.705525 -4.746067
v -4.479556 0.690658 -4.749212
v -4.481408 0.679188 -4.759516
v -4.481420 0.674191 -4.774219
v -4.479586 0.677003 -4.789381
v -4.476400 0.686873 -4.800939
v -4.472714 0.701154 -4.805797
v -4.579034 0.746622 -4.809944
v -4.575968 0.757753 -4.799559
v -4.575217 0.762545 -4.784806
v -4.576981 0.759713 -4.769640
v -4.580788 0.750017 -4.758123
v -4.585618 0.736054 -4.753342
v -4.590177 0.721566 -4.756577
v -4.593243 0.710435 -4.766962
v -4.593994 0.705643 -4.781714
v -4.592230 0.708475 -4.796881
v -4.588423 0.718171 -4.808398
v -4.583593 0.732134 -4.813179
v -4.687601 0.787433 -4.814682
v -4.683396 0.798137 -4.804247
v -4.681950 0.802669 -4.789464
v -4.683649 0.799813 -4.774295
v -4.688039 0.790335 -4.762804
v -4.693944 0.776774 -4.758070
v -4.699780 0.762765 -4.761361
v -4.703985 0.752061 -4.771796
v -4.705431 0.747530 -4.786579
v -4.703732 0.750386 -4.801748
v -4.699342 0.759864 -4.813240
v -4.693437 0.773424 -4.817974
v -4.795225 0.838465 -4.816867
v -4.789974 0.848675 -4.806411
v -4.787889 0.852904 -4.791615
v -4.789530 0.850020 -4.776444
v -4.794455 0.840795 -4.764964
v -4.801346 0.827701 -4.760250
v -4.808356 0.814247 -4.763566
v -4.813607 0.804037 -4.774023
v -4.815692 0.799808 -4.788818
v -4.814052 0.802692 -4.803989
v -4.809126 0.811917 -4.815469
v -4.802235 0.825010 -4.820183
v -4.901911 0.899727 -4.816497
v -4.895717 0.909397 -4.806043
v -4.893057 0.913297 -4.791249
v -4.894644 0.910382 -4.776078
v -4.900052 0.901434 -4.764596
v -4.907833 0.888849 -4.759880
v -4.915901 0.876001 -4.763193
v -4.922095 0.866331 -4.773646
v -4.924755 0.862431 -4.788441
v -4.923168 0.865346 -4.803611
v -4.917760 0.874294 -4.815093
v -4.909979 0.886879 -4.819809
v -5.007661 0.971229 -4.813569
v -5.000629 0.980335 -4.803137
v -4.997458 0.983890 -4.788357
v -4.998997 0.980943 -4.773188
v -5.004834 0.972284 -4.761694
v -5.013405 0.960232 -4.756957
v -5.022413 0.948017 -4.760243
v -5.029444 0.938912 -4.770675
v -5.032615 0.935356 -4.785455
v -5.031076 0.938303 -4.800624
v -5.025239 0.946962 -4.812118
v -5.016668 0.959014 -4.816855
v -5.112472 1.052980 -4.808080
v -5.104705 1.061513 -4.797688
v -5.101086 1.064720 -4.782930
v -5.102583 1.061741 -4.767763
v -5.108796 1.053374 -4.756250
v -5.118061 1.041861 -4.751476
v -5.127893 1.030288 -4.754721
v -5.135660 1.021754 -4.765114
v -5.139279 1.018548 -4.779871
v -5.137782 1.021527 -4.795038
v -5.131569 1.029894 -4.806551
v -5.122305 1.041406 -4.811325
v -5.216342 1.144985 -4.800031
v -5.207936 1.152953 -4.789687
v -5.203926 1.155815 -4.774960
v -5.205387 1.152804 -4.759796
v -5.211928 1.144726 -4.748258
v -5.221795 1.133747 -4.743437
v -5.232346 1.122807 -4.746626
v -5.240752 1.114839 -4.756970
v -5.244761 1.111977 -4.771697
v -5.243300 1.114988 -4.786861
v -5.236760 1.123066 -4.798399
v -5.226892 1.134045 -4.803220
v -5.319267 1.247249 -4.789418
v -5.310308 1.254668 -4.779130
v -5.305960 1.257196 -4.764438
v -5.307390 1.254153 -4.749277
v -5.314214 1.246356 -4.737710
v -5.324603 1.235894 -4.732836
v -5.335774 1.225570 -4.735961
v -5.344734 1.218150 -4.746248
v -5.349081 1.215623 -4.760941
v -5.347651 1.218665 -4.776102
v -5.340828 1.226462 -4.787669
v -5.330439 1.236924 -4.792543
v -5.421240 1.359772 -4.776240
v -5.411798 1.366660 -4.766015
v -5.407156 1.368863 -4.751361
v -5.408558 1.365791 -4.736203
v -5.415629 1.358266 -4.724605
v -5.426473 1.348305 -4.719672
v -5.438186 1.338576 -4.722727
v -5.447628 1.331688 -4.732952
v -5.452270 1.329484 -4.747607
v -5.450867 1.332557 -4.762764
v -5.443797 1.340082 -4.774364
v -5.432952 1.350043 -4.779296
v -4.783389 1.360365 -2.184501
v -4.782571 1.368558 -2.184127
v -4.776183 1.371556 -2.181210
v -4.765935 1.368558 -2.176530
v -4.754573 1.360365 -2.171341
v -4.745143 1.349174 -2.167034
v -4.740170 1.337983 -2.164763
v -4.740987 1.329791 -2.165136
v -4.747375 1.326793 -2.168054
v -4.757623 1.329791 -2.172734
v -4.768985 1.337983 -2.177922
v -4.778416 1.349174 -2.182230
v -4.849774 1.247767 -2.287572
v -4.843293 1.256325 -2.298793
v -4.831167 1.259547 -2.307944
v -4.816647 1.256569 -2.312574
v -4.803621 1.248190 -2.311442
v -4.795582 1.236654 -2.304851
v -4.794682 1.225052 -2.294568
v -4.801163 1.216494 -2.283347
v -4.813288 1.213272 -2.274195
v -4.827809 1.216250 -2.269565
v -4.840834 1.224630 -2.270697
v -4.848874 1.236166 -2.277288
v -4.907444 1.145426 -2.403205
v -4.900750 1.154362 -2.413998
v -4.888494 1.157815 -2.422888
v -4.873962 1.154858 -2.427494
v -4.861046 1.146285 -2.426581
v -4.853208 1.134392 -2.420394
v -4.852547 1.122367 -2.410591
v -4.859241 1.113431 -2.399798
v -4.871497 1.109978 -2.390908
v -4.886030 1.112935 -2.386302
v -4.898946 1.121508 -2.387215
v -4.906784 1.133400 -2.393402
v -4.962425 1.053342 -2.518201
v -4.955497 1.062670 -2.528504
v -4.943099 1.066361 -2.537095
v -4.928553 1.063427 -2.541673
v -4.915756 1.054654 -2.541011
v -4.908139 1.042392 -2.535286
v -4.907741 1.029927 -2.526033
v -4.914669 1.020599 -2.515730
v -4.927068 1.016908 -2.507139
v -4.941614 1.019842 -2.502561
v -4.954410 1.028615 -2.503223
v -4.962028 1.040877 -2.508948
v -5.014715 0.971513 -2.632555
v -5.007531 0.981241 -2.642297
v -4.994976 0.985177 -2.650546
v -4.980415 0.982265 -2.655092
v -4.967751 0.973287 -2.654717
v -4.960374 0.960648 -2.649522
v -4.960264 0.947734 -2.640898
v -4.967448 0.938006 -2.631156
v -4.980003 0.934070 -2.622907
v -4.994564 0.936982 -2.618361
v -5.007229 0.945960 -2.618736
v -5.014605 0.958599 -2.623931
v -5.064314 0.899936 -2.746264
v -5.056850 0.910066 -2.755366
v -5.044126 0.914247 -2.763224
v -5.029549 0.911358 -2.767734
v -5.017027 0.902174 -2.767686
v -5.009914 0.889156 -2.763095
v -5.010117 0.875791 -2.755189
v -5.017580 0.865662 -2.746088
v -5.030305 0.861481 -2.738229
v -5.044881 0.864370 -2.733720
v -5.057404 0.873554 -2.733767
v -5.064517 0.886572 -2.738358
v -5.111222 0.838608 -2.859324
v -5.103456 0.849131 -2.867697
v -5.090548 0.853552 -2.875112
v -5.075954 0.850685 -2.879580
v -5.063586 0.841300 -2.879905
v -5.056758 0.827911 -2.876000
v -5.057299 0.814104 -2.868911
v -5.065064 0.803581 -2.860538
v -5.077973 0.799160 -2.853123
v -5.092566 0.802027 -2.848655
v -5.104935 0.811412 -2.848330
v -5.111763 0.824802 -2.852235
v -5.155439 0.787520 -2.971731
v -5.147350 0.798416 -2.979282
v -5.134244 0.803064 -2.986195
v -5.119633 0.800218 -2.990617
v -5.107430 0.790643 -2.991363
v -5.100906 0.776902 -2.988233
v -5.101810 0.762678 -2.982066
v -5.109899 0.751783 -2.974515
v -5.123004 0.747135 -2.967603
v -5.137616 0.749980 -2.963181
v -5.149819 0.759556 -2.962435
v -5.156343 0.773297 -2.965564
v -5.196967 0.746667 -3.083484
v -5.188537 0.757897 -3.090116
v -5.175223 0.762749 -3.096467
v -5.160592 0.759923 -3.100837
v -5.148564 0.750176 -3.102054
v -5.142362 0.736120 -3.099792
v -5.143649 0.721521 -3.094657
v -5.152079 0.710291 -3.088026
v -5.165393 0.705439 -3.081674
v -5.180024 0.708265 -3.077305
v -5.192052 0.718012 -3.076088
v -5.198254 0.732068 -3.078350
v -5.235808 0.716040 -3.194585
v -5.227024 0.727549 -3.200200
v -5.213493 0.732571 -3.205932
v -5.198842 0.729760 -3.210244
v -5.186995 0.719871 -3.211980
v -5.181129 0.705552 -3.210677
v -5.182813 0.690640 -3.206682
v -5.191597 0.679131 -3.201066
v -5.205129 0.674109 -3.195335
v -5.219780 0.676920 -3.191023
v -5.231626 0.686809 -3.189286
v -5.237493 0.701128 -3.190590
v -5.271966 0.695630 -3.305036
v -5.262820 0.707341 -3.309547
v -5.249069 0.712487 -3.314605
v -5.234397 0.709688 -3.318854
v -5.222736 0.699694 -3.321156
v -5.217210 0.685184 -3.320894
v -5.219299 0.670045 -3.318137
v -5.228445 0.658334 -3.313626
v -5.242196 0.653188 -3.308568
v -5.256868 0.655987 -3.304319
v -5.268529 0.665980 -3.302017
v -5.274055 0.680490 -3.302279
v -5.305444 0.685427 -3.414844
v -5.295940 0.697247 -3.418180
v -5.281970 0.702459 -3.422520
v -5.267278 0.699666 -3.426702
v -5.255800 0.689617 -3.429606
v -5.250612 0.675005 -3.430453
v -5.253104 0.659745 -3.429017
v -5.262608 0.647925 -3.425681
v -5.276577 0.642713 -3.421341
v -5.291270 0.645506 -3.417159
v -5.302748 0.655555 -3.414255
v -5.307936 0.670167 -3.413408
v -5.336247 0.685427 -3.524021
v -5.326398 0.697246 -3.526131
v -5.312217 0.702457 -3.529724
v -5.297505 0.699665 -3.533837
v -5.286204 0.689616 -3.537368
v -5.281342 0.675004 -3.539370
v -5.284221 0.659745 -3.539309
v -5.294071 0.647926 -3.537199
v -5.308251 0.642714 -3.533606
v -5.322963 0.645507 -3.529493
v -5.334264 0.655556 -3.525962
v -5.339127 0.670167 -3.523959
v -5.364380 0.695625 -3.632580
v -5.354208 0.707327 -3.633445
v -5.339831 0.712467 -3.636278
v -5.325100 0.709667 -3.640320
v -5.313964 0.699679 -3.644488
v -5.309406 0.685178 -3.647665
v -5.312648 0.670049 -3.649000
v -5.322820 0.658348 -3.648135
v -5.337197 0.653208 -3.645302
v -5.351927 0.656007 -3.641259
v -5.363063 0.665996 -3.637091
v -5.367621 0.680497 -3.633914
v -5.389847 0.716022 -3.740534
v -5.379384 0.727491 -3.740167
v -5.364829 0.732489 -3.742248
v -5.350082 0.729677 -3.746221
v -5.339095 0.719807 -3.751019
v -5.334812 0.705525 -3.755359
v -5.338379 0.690658 -3.758076
v -5.348842 0.679188 -3.758444
v -5.363397 0.674191 -3.756362
v -5.378144 0.677003 -3.752390
v -5.389131 0.686873 -3.747591
v -5.393414 0.701154 -3.743252
v -5.412650 0.746622 -3.847899
v -5.401934 0.757753 -3.846343
v -5.387225 0.762545 -3.847698
v -5.372464 0.759713 -3.851603
v -5.361607 0.750017 -3.857010
v -5.357561 0.736054 -3.862472
v -5.361413 0.721566 -3.866524
v -5.372128 0.710435 -3.868080
v -5.386837 0.705643 -3.866725
v -5.401598 0.708475 -3.862820
v -5.412456 0.718171 -3.857413
v -5.416502 0.732134 -3.851951
v -5.432791 0.787433 -3.954687
v -5.421864 0.798137 -3.952010
v -5.407026 0.802669 -3.952682
v -5.392253 0.799813 -3.956523
v -5.381503 0.790335 -3.962504
v -5.377657 0.776774 -3.969022
v -5.381746 0.762765 -3.974330
v -5.392673 0.752061 -3.977007
v -5.407512 0.747530 -3.976335
v -5.422285 0.750386 -3.972494
v -5.433034 0.759864 -3.966513
v -5.436880 0.773424 -3.959995
v -5.450271 0.838465 -4.060905
v -5.439173 0.848675 -4.057195
v -5.424231 0.852904 -4.057237
v -5.409448 0.850020 -4.061020
v -5.398786 0.840795 -4.067529
v -5.395101 0.827701 -4.075021
v -5.399380 0.814247 -4.081488
v -5.410478 0.804037 -4.085197
v -5.425420 0.799808 -4.085155
v -5.440203 0.802692 -4.081372
v -5.450865 0.811917 -4.074862
v -5.454550 0.825010 -4.067371
v -5.465087 0.899727 -4.166557
v -5.453858 0.909397 -4.161914
v -5.438836 0.913297 -4.161386
v -5.424046 0.910382 -4.165116
v -5.413450 0.901434 -4.172103
v -5.409889 0.888849 -4.180476
v -5.414316 0.876001 -4.187991
v -5.425545 0.866331 -4.192634
v -5.440567 0.862431 -4.193161
v -5.455358 0.865346 -4.189432
v -5.465952 0.874294 -4.182445
v -5.469514 0.886879 -4.174072
v -5.477238 0.971229 -4.271647
v -5.465912 0.980335 -4.266171
v -5.450831 0.983890 -4.265136
v -5.436036 0.980943 -4.268819
v -5.425490 0.972284 -4.276232
v -5.422020 0.960232 -4.285389
v -5.426555 0.948017 -4.293838
v -5.437881 0.938912 -4.299314
v -5.452962 0.935356 -4.300349
v -5.467758 0.938303 -4.296667
v -5.478303 0.946962 -4.289253
v -5.481773 0.959014 -4.280096
v -5.486722 1.052980 -4.376173
v -5.475329 1.061513 -4.369965
v -5.460207 1.064720 -4.368482
v -5.445408 1.061741 -4.372123
v -5.434896 1.053374 -4.379911
v -5.431489 1.041861 -4.389760
v -5.436100 1.030288 -4.399031
v -5.447493 1.021754 -4.405239
v -5.462615 1.018548 -4.406722
v -5.477414 1.021527 -4.403081
v -5.487926 1.029894 -4.395293
v -5.491333 1.041406 -4.385444
v -5.493536 1.144985 -4.480132
v -5.482101 1.152953 -4.473283
v -5.466954 1.155815 -4.471410
v -5.452152 1.152804 -4.475014
v -5.441662 1.144726 -4.483130
v -5.438295 1.133747 -4.493583
v -5.442953 1.122807 -4.503572
v -5.454388 1.114839 -4.510421
v -5.469536 1.111977 -4.512294
v -5.484338 1.114988 -4.508690
v -5.494827 1.123066 -4.500574
v -5.498195 1.134045 -4.490121
v -5.497679 1.247249 -4.583519
v -5.486222 1.254668 -4.576115
v -5.471060 1.257196 -4.573902
v -5.456257 1.254153 -4.577476
v -5.445779 1.246356 -4.585876
v -5.442433 1.235894 -4.596853
v -5.447116 1.225570 -4.607466
v -5.458574 1.218150 -4.614870
v -5.473735 1.215623 -4.617083
v -5.488539 1.218665 -4.613509
v -5.499017 1.226462 -4.605109
v -5.502362 1.236924 -4.594132
v -5.499148 1.359772 -4.686329
v -5.487684 1.366660 -4.678438
v -5.472517 1.368863 -4.675929
v -5.457714 1.365791 -4.679475
v -5.447239 1.358266 -4.688124
v -5.443901 1.348305 -4.699560
v -5.448592 1.338576 -4.710718
v -5.460056 1.331688 -4.718609
v -5.475223 1.329484 -4.721118
v -5.490026 1.332557 -4.717573
v -5.500501 1.340082 -4.708923
v -5.503839 1.350043 -4.697487
v -4.904757 1.247767 -2.167174
v -4.908994 1.256325 -2.154928
v -4.907969 1.259547 -2.139771
v -4.901959 1.256569 -2.125765
v -4.892574 1.248190 -2.116663
v -4.882329 1.236654 -2.114903
v -4.873967 1.225052 -2.120957
v -4.869731 1.216494 -2.133203
v -4.870755 1.213272 -2.148360
v -4.876765 1.216250 -2.162366
v -4.886150 1.224630 -2.171468
v -4.896396 1.236166 -2.173228
v -5.029914 1.145426 -2.135035
v -5.033687 1.154362 -2.122908
v -5.032380 1.157815 -2.107824
v -5.026344 1.154858 -2.093824
v -5.017196 1.146285 -2.084661
v -5.007386 1.134392 -2.082789
v -4.999545 1.122367 -2.088709
v -4.995772 1.113431 -2.100837
v -4.997079 1.109978 -2.115921
v -5.003115 1.112935 -2.129920
v -5.012263 1.121508 -2.139083
v -5.022072 1.133400 -2.140955
v -5.152827 1.053342 -2.101280
v -5.156075 1.062670 -2.089297
v -5.154449 1.066361 -2.074301
v -5.148383 1.063427 -2.060310
v -5.139503 1.054654 -2.051073
v -5.130188 1.042392 -2.049065
v -5.122935 1.029927 -2.054824
v -5.119686 1.020599 -2.066807
v -5.121312 1.016908 -2.081803
v -5.127378 1.019842 -2.095794
v -5.136258 1.028615 -2.105031
v -5.145573 1.040877 -2.107039
v -5.273493 0.971513 -2.065912
v -5.276150 0.981241 -2.054103
v -5.274163 0.985177 -2.039212
v -5.268063 0.982265 -2.025231
v -5.259486 0.973287 -2.015905
v -5.250729 0.960648 -2.013733
v -5.244139 0.947734 -2.019298
v -5.241481 0.938006 -2.031107
v -5.243469 0.934070 -2.045997
v -5.249568 0.936982 -2.059978
v -5.258146 0.945960 -2.069304
v -5.266902 0.958599 -2.071476
v -5.391908 0.899936 -2.028933
v -5.393899 0.910066 -2.017332
v -5.391505 0.914247 -2.002569
v -5.385367 0.911358 -1.988600
v -5.377131 0.902174 -1.979167
v -5.369003 0.889156 -1.976798
v -5.363161 0.875791 -1.982129
v -5.361170 0.865662 -1.993729
v -5.363564 0.861481 -2.008492
v -5.369702 0.864370 -2.022462
v -5.377938 0.873554 -2.031894
v -5.386066 0.886572 -2.034263
v -5.508071 0.838608 -1.990345
v -5.509314 0.849131 -1.978993
v -5.506464 0.853552 -1.964382
v -5.500284 0.850685 -1.950426
v -5.492430 0.841300 -1.940866
v -5.485008 0.827911 -1.938263
v -5.480004 0.814104 -1.943314
v -5.478761 0.803581 -1.954666
v -5.481612 0.799160 -1.969278
v -5.487792 0.802027 -1.983233
v -5.495645 0.811412 -1.992793
v -5.503067 0.824802 -1.995396
v -5.621979 0.787520 -1.950151
v -5.622389 0.798416 -1.939093
v -5.619030 0.803064 -1.924661
v -5.612803 0.800218 -1.910723
v -5.605376 0.790643 -1.901012
v -5.598739 0.776902 -1.898132
v -5.594670 0.762678 -1.902853
v -5.594260 0.751783 -1.913910
v -5.597619 0.747135 -1.928342
v -5.603846 0.749980 -1.942281
v -5.611273 0.759556 -1.951991
v -5.617910 0.773297 -1.954872
v -5.733632 0.746667 -1.908353
v -5.733123 0.757897 -1.897639
v -5.729204 0.762749 -1.883418
v -5.722925 0.759923 -1.869499
v -5.715968 0.750176 -1.859612
v -5.710197 0.736120 -1.856406
v -5.707159 0.721521 -1.860741
v -5.707668 0.710291 -1.871455
v -5.711586 0.705439 -1.885676
v -5.717866 0.708265 -1.899595
v -5.724823 0.718012 -1.909482
v -5.730593 0.732068 -1.912688
v -5.843031 0.716040 -1.864952
v -5.841522 0.727549 -1.854635
v -5.836993 0.732571 -1.840656
v -5.830657 0.729760 -1.826760
v -5.824212 0.719871 -1.816670
v -5.819385 0.705552 -1.813090
v -5.817469 0.690640 -1.816979
v -5.818978 0.679131 -1.827295
v -5.823507 0.674109 -1.841274
v -5.829843 0.676920 -1.855171
v -5.836288 0.686809 -1.865261
v -5.841115 0.701128 -1.868841
v -5.950182 0.695630 -1.819948
v -5.947603 0.707341 -1.810082
v -5.942420 0.712487 -1.796377
v -5.936024 0.709688 -1.782506
v -5.930127 0.699694 -1.772186
v -5.926309 0.685184 -1.768181
v -5.925595 0.670045 -1.771565
v -5.928174 0.658334 -1.781432
v -5.933357 0.653188 -1.795136
v -5.939754 0.655987 -1.809007
v -5.945651 0.665980 -1.819328
v -5.949468 0.680490 -1.823332
v -6.055094 0.685427 -1.773340
v -6.051391 0.697247 -1.763973
v -6.045522 0.702459 -1.750573
v -6.039062 0.699666 -1.736730
v -6.033740 0.689617 -1.726154
v -6.030982 0.675005 -1.721679
v -6.031528 0.659745 -1.724502
v -6.035232 0.647925 -1.733869
v -6.041100 0.642713 -1.747269
v -6.047561 0.645506 -1.761112
v -6.052882 0.655555 -1.771688
v -6.055640 0.670167 -1.776164
v -6.157776 0.685427 -1.725124
v -6.152920 0.697246 -1.716298
v -6.146349 0.702457 -1.703228
v -6.139823 0.699665 -1.689416
v -6.135091 0.689616 -1.678563
v -6.133420 0.675004 -1.673577
v -6.135260 0.659745 -1.675794
v -6.140115 0.647926 -1.684619
v -6.146686 0.642714 -1.697689
v -6.153212 0.645507 -1.711501
v -6.157944 0.655556 -1.722354
v -6.159615 0.670167 -1.727340
v -6.258242 0.695625 -1.675294
v -6.252234 0.707327 -1.667040
v -6.244961 0.712467 -1.654319
v -6.238369 0.709667 -1.640540
v -6.234227 0.699679 -1.629394
v -6.233643 0.685178 -1.623869
v -6.236774 0.670049 -1.625444
v -6.242782 0.658348 -1.633698
v -6.250056 0.653208 -1.646420
v -6.256647 0.656007 -1.660199
v -6.260789 0.665996 -1.671345
v -6.261374 0.680497 -1.676870
v -6.356506 0.716022 -1.623845
v -6.349377 0.727491 -1.616178
v -6.341418 0.732489 -1.603816
v -6.334763 0.729677 -1.590070
v -6.331194 0.719807 -1.578624
v -6.331669 0.705525 -1.572544
v -6.336059 0.690658 -1.573461
v -6.343188 0.679188 -1.581128
v -6.351147 0.674191 -1.593490
v -6.357802 0.677003 -1.607237
v -6.361370 0.686873 -1.618683
v -6.360896 0.701154 -1.624762
v -6.452580 0.746622 -1.570770
v -6.444386 0.757753 -1.563691
v -6.435778 0.762545 -1.551687
v -6.429063 0.759713 -1.537974
v -6.426039 0.750017 -1.526227
v -6.427517 0.736054 -1.519593
v -6.433102 0.721566 -1.519850
v -6.441296 0.710435 -1.526929
v -6.449903 0.705643 -1.538933
v -6.456619 0.708475 -1.552646
v -6.459642 0.718171 -1.564393
v -6.458164 0.732134 -1.571027
v -6.546474 0.787433 -1.516061
v -6.537295 0.798137 -1.509555
v -6.528086 0.802669 -1.497901
v -6.521315 0.799813 -1.484221
v -6.518795 0.790335 -1.472180
v -6.521203 0.776774 -1.465006
v -6.527892 0.762765 -1.464619
v -6.537071 0.752061 -1.471124
v -6.546280 0.747530 -1.482779
v -6.553051 0.750386 -1.496459
v -6.555571 0.759864 -1.508499
v -6.553164 0.773424 -1.515674
v -6.638194 0.838465 -1.459713
v -6.628123 0.848675 -1.453755
v -6.618371 0.852904 -1.442435
v -6.611548 0.850020 -1.428786
v -6.609486 0.840795 -1.416465
v -6.612734 0.827701 -1.408774
v -6.620424 0.814247 -1.407773
v -6.630495 0.804037 -1.413731
v -6.640248 0.799808 -1.425051
v -6.647070 0.802692 -1.438700
v -6.649133 0.811917 -1.451021
v -6.645884 0.825010 -1.458712
v -6.727744 0.899727 -1.401722
v -6.716882 0.909397 -1.396276
v -6.706645 0.913297 -1.385269
v -6.699779 0.910382 -1.371649
v -6.698121 0.901434 -1.359066
v -6.702116 0.888849 -1.350892
v -6.710694 0.876001 -1.349316
v -6.721557 0.866331 -1.354762
v -6.731793 0.862431 -1.365769
v -6.738660 0.865346 -1.379389
v -6.740318 0.874294 -1.391972
v -6.736322 0.886879 -1.400146
v -6.815123 0.971229 -1.342086
v -6.803568 0.980335 -1.337112
v -6.792910 0.983890 -1.326393
v -6.786004 0.980943 -1.312799
v -6.784700 0.972284 -1.299975
v -6.789349 0.960232 -1.291355
v -6.798704 0.948017 -1.289250
v -6.810258 0.938912 -1.294224
v -6.820917 0.935356 -1.304944
v -6.827823 0.938303 -1.318537
v -6.829126 0.946962 -1.331362
v -6.824478 0.959014 -1.339981
v -6.900329 1.052980 -1.280804
v -6.888176 1.061513 -1.276259
v -6.877153 1.064720 -1.265802
v -6.870213 1.061741 -1.252233
v -6.869215 1.053374 -1.239189
v -6.874428 1.041861 -1.230164
v -6.884454 1.030288 -1.227577
v -6.896606 1.021754 -1.232121
v -6.907629 1.018548 -1.242579
v -6.914570 1.021527 -1.256148
v -6.915567 1.029894 -1.269192
v -6.910355 1.041406 -1.278217
v -6.983358 1.144985 -1.217875
v -6.970694 1.152953 -1.213718
v -6.959359 1.155815 -1.203497
v -6.952390 1.152804 -1.189950
v -6.951654 1.144726 -1.176708
v -6.957349 1.133747 -1.167318
v -6.967948 1.122807 -1.164297
v -6.980613 1.114839 -1.168453
v -6.991948 1.111977 -1.178675
v -6.998917 1.114988 -1.192222
v -6.999653 1.123066 -1.205464
v -6.993958 1.134045 -1.214854
v -7.064206 1.247249 -1.153302
v -7.051107 1.254668 -1.149492
v -7.039507 1.257196 -1.139482
v -7.032513 1.254153 -1.125955
v -7.032000 1.246356 -1.112535
v -7.038105 1.235894 -1.102818
v -7.049192 1.225570 -1.099407
v -7.062291 1.218150 -1.103217
v -7.073892 1.215623 -1.113227
v -7.080886 1.218665 -1.126754
v -7.081399 1.226462 -1.140174
v -7.075294 1.236924 -1.149891
v -7.142867 1.359772 -1.087086
v -7.129395 1.366660 -1.083588
v -7.117568 1.368863 -1.073770
v -7.110553 1.365791 -1.060261
v -7.110230 1.358266 -1.046680
v -7.116686 1.348305 -1.036668
v -7.128191 1.338576 -1.032906
v -7.141663 1.331688 -1.036403
v -7.153490 1.329484 -1.046222
v -7.160505 1.332557 -1.059731
v -7.160828 1.340082 -1.073312
v -7.154372 1.350043 -1.083324
v -5.205072 1.360365 0.748377
v -5.204183 1.368558 0.748249
v -5.197231 1.371556 0.747250
v -5.186080 1.368558 0.745646
v -5.173717 1.360365 0.743869
v -5.163455 1.349174 0.742393
v -5.158043 1.337983 0.741615
v -5.158932 1.329791 0.741743
v -5.165884 1.326793 0.742743
v -5.177035 1.329791 0.744346
v -5.189398 1.337983 0.746124
v -5.199661 1.349174 0.747599
v -5.316643 1.247767 0.697559
v -5.317258 1.256325 0.684615
v -5.312005 1.259547 0.670361
v -5.302292 1.256569 0.658615
v -5.290723 1.248190 0.652526
v -5.280396 1.236654 0.653724
v -5.274079 1.225052 0.661889
v -5.273465 1.216494 0.674832
v -5.278718 1.213272 0.689086
v -5.288430 1.216250 0.700832
v -5.300000 1.224630 0.706921
v -5.310327 1.236166 0.705723
v -5.427675 1.145426 0.631461
v -5.427878 1.154362 0.618762
v -5.422375 1.157815 0.604657
v -5.412640 1.154858 0.592926
v -5.401280 1.146285 0.586711
v -5.391341 1.134392 0.587678
v -5.385486 1.122367 0.595568
v -5.385282 1.113431 0.608267
v -5.390786 1.109978 0.622371
v -5.400521 1.112935 0.634103
v -5.411880 1.121508 0.640318
v -5.421820 1.133400 0.639351
v -5.536099 1.053342 0.564445
v -5.535841 1.062670 0.552032
v -5.530056 1.066361 0.538101
v -5.520294 1.063427 0.526386
v -5.509171 1.054654 0.520025
v -5.499668 1.042392 0.520723
v -5.494330 1.029927 0.528292
v -5.494589 1.020599 0.540705
v -5.500374 1.016908 0.554635
v -5.510136 1.019842 0.566351
v -5.521259 1.028615 0.572712
v -5.530762 1.040877 0.572014
v -5.641913 0.971513 0.496514
v -5.641136 0.981241 0.484434
v -5.635034 0.985177 0.470707
v -5.625243 0.982265 0.459011
v -5.614385 0.973287 0.452479
v -5.605371 0.960648 0.452862
v -5.600616 0.947734 0.460058
v -5.601393 0.938006 0.472137
v -5.607495 0.934070 0.485864
v -5.617286 0.936982 0.497561
v -5.628144 0.945960 0.504092
v -5.637158 0.958599 0.503709
v -5.745114 0.899936 0.427671
v -5.743756 0.910066 0.415979
v -5.737299 0.914247 0.402489
v -5.727475 0.911358 0.390814
v -5.716915 0.902174 0.384084
v -5.708449 0.889156 0.384102
v -5.704345 0.875791 0.390862
v -5.705703 0.865662 0.402554
v -5.712160 0.861481 0.416044
v -5.721984 0.864370 0.427718
v -5.732544 0.873554 0.434449
v -5.741010 0.886572 0.434431
v -5.845700 0.838608 0.357920
v -5.843694 0.849131 0.346677
v -5.836843 0.853552 0.333461
v -5.826982 0.850685 0.321812
v -5.816753 0.841300 0.314852
v -5.808897 0.827911 0.314445
v -5.805520 0.814104 0.320701
v -5.807526 0.803581 0.331944
v -5.814377 0.799160 0.345160
v -5.824238 0.802027 0.356809
v -5.834467 0.811412 0.363769
v -5.842322 0.824802 0.364176
v -5.943670 0.787520 0.287262
v -5.940948 0.798416 0.276537
v -5.933660 0.803064 0.263636
v -5.923758 0.800218 0.252016
v -5.913896 0.790643 0.244792
v -5.906716 0.776902 0.243897
v -5.904142 0.762678 0.249573
v -5.906864 0.751783 0.260299
v -5.914152 0.747135 0.273200
v -5.924054 0.749980 0.284819
v -5.933916 0.759556 0.292044
v -5.941096 0.773297 0.292938
v -6.039024 0.746667 0.215701
v -6.035517 0.757897 0.205565
v -6.027750 0.762749 0.193023
v -6.017804 0.759923 0.181437
v -6.008344 0.750176 0.173911
v -6.001904 0.736120 0.172461
v -6.000210 0.721521 0.177476
v -6.003716 0.710291 0.187612
v -6.011483 0.705439 0.200154
v -6.021430 0.708265 0.211740
v -6.030890 0.718012 0.219266
v -6.037330 0.732068 0.220716
v -6.131764 0.716040 0.143237
v -6.127410 0.727549 0.133763
v -6.119126 0.732571 0.121626
v -6.109132 0.729760 0.110078
v -6.100105 0.719871 0.102212
v -6.094465 0.705552 0.100137
v -6.093722 0.690640 0.104409
v -6.098076 0.679131 0.113882
v -6.106360 0.674109 0.126019
v -6.116355 0.676920 0.137567
v -6.125381 0.686809 0.145433
v -6.131022 0.701128 0.147508
v -6.221896 0.695630 0.069868
v -6.216641 0.707341 0.061128
v -6.207808 0.712487 0.049438
v -6.197762 0.709688 0.037932
v -6.189197 0.699694 0.029691
v -6.184406 0.685184 0.026924
v -6.184674 0.670045 0.030372
v -6.189929 0.658334 0.039112
v -6.198762 0.653188 0.050801
v -6.208807 0.655987 0.062308
v -6.217373 0.665980 0.070549
v -6.222164 0.680490 0.073316
v -6.309427 0.685427 -0.004409
v -6.303235 0.697247 -0.012353
v -6.293829 0.702459 -0.023557
v -6.283731 0.699666 -0.035019
v -6.275644 0.689617 -0.043667
v -6.271738 0.675005 -0.047185
v -6.273057 0.659745 -0.044629
v -6.279250 0.647925 -0.036685
v -6.288655 0.642713 -0.025481
v -6.298754 0.645506 -0.014020
v -6.306840 0.655555 -0.005371
v -6.310747 0.670167 -0.001854
v -6.394366 0.685427 -0.079601
v -6.387220 0.697246 -0.086702
v -6.377234 0.702457 -0.097391
v -6.367081 0.699665 -0.108804
v -6.359482 0.689616 -0.117885
v -6.356475 0.675004 -0.122198
v -6.358864 0.659745 -0.120589
v -6.366009 0.647926 -0.113489
v -6.375996 0.642714 -0.102800
v -6.386149 0.645507 -0.091386
v -6.393747 0.655556 -0.082306
v -6.396755 0.670167 -0.077993
v -6.476724 0.695625 -0.155717
v -6.468634 0.707327 -0.161944
v -6.458071 0.712467 -0.172101
v -6.447865 0.709667 -0.183465
v -6.440750 0.699679 -0.192992
v -6.438633 0.685178 -0.198129
v -6.442081 0.670049 -0.197499
v -6.450171 0.658348 -0.191272
v -6.460734 0.653208 -0.181116
v -6.470941 0.656007 -0.169751
v -6.478055 0.665996 -0.160224
v -6.480172 0.680497 -0.155087
v -6.556512 0.716022 -0.232766
v -6.547512 0.727491 -0.238114
v -6.536393 0.732489 -0.247733
v -6.526134 0.729677 -0.259048
v -6.519486 0.719807 -0.269025
v -6.518229 0.705525 -0.274991
v -6.522699 0.690658 -0.275349
v -6.531700 0.679188 -0.270001
v -6.542819 0.674191 -0.260381
v -6.553077 0.677003 -0.249067
v -6.559725 0.686873 -0.239090
v -6.560983 0.701154 -0.233123
v -6.633742 0.746622 -0.310759
v -6.623885 0.757753 -0.315243
v -6.612244 0.762545 -0.324335
v -6.601937 0.759713 -0.335601
v -6.595727 0.750017 -0.346020
v -6.595276 0.736054 -0.352801
v -6.600707 0.721566 -0.354128
v -6.610563 0.710435 -0.349644
v -6.622204 0.705643 -0.340551
v -6.632511 0.708475 -0.329286
v -6.638721 0.718171 -0.318867
v -6.639172 0.732134 -0.312085
v -6.708419 0.787433 -0.389705
v -6.697779 0.798137 -0.393361
v -6.685660 0.802669 -0.401948
v -6.675309 0.799813 -0.413166
v -6.669499 0.790335 -0.424009
v -6.669788 0.776774 -0.431572
v -6.676097 0.762765 -0.433827
v -6.686737 0.752061 -0.430172
v -6.698856 0.747530 -0.421584
v -6.709208 0.750386 -0.410366
v -6.715017 0.759864 -0.399523
v -6.714729 0.773424 -0.391960
v -6.780549 0.838465 -0.469611
v -6.769208 0.848675 -0.472490
v -6.756660 0.852904 -0.480604
v -6.746270 0.850020 -0.491778
v -6.740819 0.840795 -0.503018
v -6.741769 0.827701 -0.511313
v -6.748866 0.814247 -0.514440
v -6.760207 0.804037 -0.511560
v -6.772754 0.799808 -0.503447
v -6.783145 0.802692 -0.492272
v -6.788596 0.811917 -0.481032
v -6.787645 0.825010 -0.472737
v -6.850133 0.899727 -0.550481
v -6.838177 0.909397 -0.552646
v -6.825254 0.913297 -0.560324
v -6.814828 0.910382 -0.571458
v -6.809692 0.901434 -0.583064
v -6.811223 0.888849 -0.592033
v -6.819010 0.876001 -0.595961
v -6.830967 0.866331 -0.593796
v -6.843890 0.862431 -0.586119
v -6.854316 0.865346 -0.574985
v -6.859451 0.874294 -0.563379
v -6.857921 0.886879 -0.554410
v -6.917172 0.971229 -0.632319
v -6.904684 0.980335 -0.633836
v -6.891437 0.983890 -0.641119
v -6.880981 0.980943 -0.652215
v -6.876117 0.972284 -0.664153
v -6.878149 0.960232 -0.673733
v -6.886532 0.948017 -0.678389
v -6.899020 0.938912 -0.676872
v -6.912267 0.935356 -0.669589
v -6.922723 0.938303 -0.658492
v -6.927587 0.946962 -0.646555
v -6.925555 0.959014 -0.636975
v -6.981661 1.052980 -0.715124
v -6.968720 1.061513 -0.716061
v -6.955198 1.064720 -0.722989
v -6.944716 1.061741 -0.734053
v -6.940084 1.053374 -0.746288
v -6.942543 1.041861 -0.756415
v -6.951433 1.030288 -0.761722
v -6.964374 1.021754 -0.760786
v -6.977897 1.018548 -0.753857
v -6.988379 1.021527 -0.742794
v -6.993011 1.029894 -0.730559
v -6.990552 1.041406 -0.720431
v -7.043598 1.144985 -0.798896
v -7.030276 1.152953 -0.799317
v -7.016520 1.155815 -0.805930
v -7.006017 1.152804 -0.816965
v -7.001580 1.144726 -0.829464
v -7.004398 1.133747 -0.840078
v -7.013718 1.122807 -0.845963
v -7.027040 1.114839 -0.845542
v -7.040795 1.111977 -0.838928
v -7.051299 1.114988 -0.827894
v -7.055736 1.123066 -0.815395
v -7.052917 1.134045 -0.804781
v -7.102979 1.247249 -0.883631
v -7.089337 1.254668 -0.883597
v -7.075386 1.257196 -0.889932
v -7.064865 1.254153 -0.900941
v -7.060591 1.246356 -0.913673
v -7.063711 1.235894 -0.924717
v -7.073389 1.225570 -0.931113
v -7.087030 1.218150 -0.931147
v -7.100982 1.215623 -0.924812
v -7.111503 1.218665 -0.913803
v -7.115776 1.226462 -0.901071
v -7.112656 1.236924 -0.890027
v -7.159798 1.359772 -0.969326
v -7.145887 1.366660 -0.968886
v -7.131772 1.368863 -0.974975
v -7.121235 1.365791 -0.985961
v -7.117100 1.358266 -0.998900
v -7.120473 1.348305 -1.010326
v -7.130453 1.338576 -1.017177
v -7.144363 1.331688 -1.017617
v -7.158478 1.329484 -1.011528
v -7.169015 1.332557 -1.000542
v -7.173151 1.340082 -0.987603
v -7.169777 1.350043 -0.976177
v -5.297807 1.247767 0.828570
v -5.294749 1.256325 0.841163
v -5.285694 1.259547 0.853360
v -5.273066 1.256569 0.861893
v -5.260249 1.248190 0.864476
v -5.250678 1.236654 0.860417
v -5.246917 1.225052 0.850804
v -5.249975 1.216494 0.838211
v -5.259030 1.213272 0.826015
v -5.271658 1.216250 0.817481
v -5.284475 1.224630 0.814898
v -5.294046 1.236166 0.818957
v -5.385719 1.145426 0.923272
v -5.382337 1.154362 0.935514
v -5.373082 1.157815 0.947497
v -5.360436 1.154858 0.956010
v -5.347786 1.146285 0.958773
v -5.338522 1.134392 0.955045
v -5.335126 1.122367 0.945825
v -5.338509 1.113431 0.933583
v -5.347763 1.109978 0.921600
v -5.360409 1.112935 0.913087
v -5.373059 1.121508 0.910324
v -5.382323 1.133400 0.914052
v -5.470871 1.053342 1.018120
v -5.467125 1.062670 1.029957
v -5.457650 1.066361 1.041693
v -5.444983 1.063427 1.050184
v -5.432518 1.054654 1.053154
v -5.423596 1.042392 1.049807
v -5.420608 1.029927 1.041041
v -5.424353 1.020599 1.029203
v -5.433829 1.016908 1.017467
v -5.446496 1.019842 1.008977
v -5.458960 1.028615 1.006007
v -5.467882 1.040877 1.009354
v -5.553260 0.971513 1.113110
v -5.549111 0.981241 1.124482
v -5.539389 0.985177 1.135934
v -5.526699 0.982265 1.144398
v -5.514441 0.973287 1.147606
v -5.505900 0.960648 1.144699
v -5.503365 0.947734 1.136455
v -5.507514 0.938006 1.125084
v -5.517236 0.934070 1.113632
v -5.529926 0.936982 1.105168
v -5.542183 0.945960 1.101960
v -5.550725 0.958599 1.104867
v -5.632885 0.899936 1.208240
v -5.628288 0.910066 1.219075
v -5.618293 0.914247 1.230200
v -5.605577 0.911358 1.238634
v -5.593549 0.902174 1.242116
v -5.585430 0.889156 1.239715
v -5.583397 0.875791 1.232072
v -5.587995 0.865662 1.221236
v -5.597990 0.861481 1.210111
v -5.610705 0.864370 1.201678
v -5.622734 0.873554 1.198195
v -5.630852 0.886572 1.200597
v -5.709745 0.838608 1.303504
v -5.704654 0.849131 1.313726
v -5.694356 0.853552 1.324477
v -5.681613 0.850685 1.332876
v -5.669837 0.841300 1.336672
v -5.662186 0.827911 1.334849
v -5.660707 0.814104 1.327895
v -5.665799 0.803581 1.317673
v -5.676096 0.799160 1.306922
v -5.688840 0.802027 1.298523
v -5.700615 0.811412 1.294727
v -5.708267 0.824802 1.296550
v -5.783840 0.787520 1.398901
v -5.778207 0.798416 1.408425
v -5.767579 0.803064 1.418750
v -5.754805 0.800218 1.427109
v -5.743307 0.790643 1.431263
v -5.736166 0.776902 1.430098
v -5.735295 0.762678 1.423926
v -5.740929 0.751783 1.414402
v -5.751556 0.747135 1.404077
v -5.764330 0.749980 1.395718
v -5.775829 0.759556 1.391564
v -5.782969 0.773297 1.392729
v -5.855171 0.746667 1.494427
v -5.848950 0.757897 1.503165
v -5.837965 0.762749 1.513010
v -5.825157 0.759923 1.521325
v -5.813960 0.750176 1.525881
v -5.807372 0.736120 1.525458
v -5.807160 0.721521 1.520169
v -5.813380 0.710291 1.511431
v -5.824366 0.705439 1.501586
v -5.837173 0.708265 1.493271
v -5.848371 0.718012 1.488715
v -5.854959 0.732068 1.489138
v -5.923739 0.716040 1.590085
v -5.916893 0.727549 1.597947
v -5.905524 0.732571 1.607259
v -5.892681 0.729760 1.615524
v -5.881804 0.719871 1.620528
v -5.875808 0.705552 1.620930
v -5.876298 0.690640 1.616622
v -5.883145 0.679131 1.608759
v -5.894513 0.674109 1.599448
v -5.907356 0.676920 1.591183
v -5.918233 0.686809 1.586179
v -5.924230 0.701128 1.585777
v -5.989550 0.695630 1.685874
v -5.982046 0.707341 1.692780
v -5.970276 0.712487 1.701507
v -5.957396 0.709688 1.709718
v -5.946856 0.699694 1.715212
v -5.941479 0.685184 1.716517
v -5.942708 0.670045 1.713284
v -5.950212 0.658334 1.706378
v -5.961981 0.653188 1.697651
v -5.974861 0.655987 1.689440
v -5.985402 0.665980 1.683946
v -5.990778 0.680490 1.682641
v -6.052608 0.685427 1.781803
v -6.044429 0.697247 1.787681
v -6.032248 0.702459 1.795781
v -6.019329 0.699666 1.803933
v -6.009134 0.689617 1.809953
v -6.004395 0.675005 1.812228
v -6.006381 0.659745 1.810148
v -6.014560 0.647925 1.804270
v -6.026741 0.642713 1.796170
v -6.039660 0.645506 1.788017
v -6.049855 0.655555 1.781997
v -6.054595 0.670167 1.779723
v -6.112923 0.685427 1.877879
v -6.104066 0.697246 1.882679
v -6.091472 0.702457 1.890121
v -6.078515 0.699665 1.898212
v -6.068666 0.689616 1.904784
v -6.064565 0.675004 1.908076
v -6.067311 0.659745 1.907205
v -6.076167 0.647926 1.902405
v -6.088761 0.642714 1.894963
v -6.101718 0.645507 1.886872
v -6.111567 0.655556 1.880300
v -6.115668 0.670167 1.877009
v -6.170500 0.695625 1.974115
v -6.160984 0.707327 1.977811
v -6.147987 0.712467 1.984580
v -6.134993 0.709667 1.992608
v -6.125482 0.699679 1.999745
v -6.122004 0.685178 2.004077
v -6.125489 0.670049 2.004445
v -6.135006 0.658348 2.000749
v -6.148003 0.653208 1.993980
v -6.160997 0.656007 1.985951
v -6.170508 0.665996 1.978815
v -6.173986 0.680497 1.974482
v -6.225350 0.716022 2.070522
v -6.215207 0.727491 2.073117
v -6.201828 0.732489 2.079214
v -6.188798 0.729677 2.087180
v -6.179608 0.719807 2.094880
v -6.176720 0.705525 2.100251
v -6.180909 0.690658 2.101853
v -6.191051 0.679188 2.099258
v -6.204431 0.674191 2.093160
v -6.217461 0.677003 2.085195
v -6.226651 0.686873 2.077495
v -6.229538 0.701154 2.072124
v -6.277477 0.746622 2.167113
v -6.266757 0.757753 2.168639
v -6.253026 0.762545 2.174083
v -6.239963 0.759713 2.181988
v -6.231068 0.750017 2.190236
v -6.228725 0.736054 2.196616
v -6.233562 0.721566 2.199419
v -6.244283 0.710435 2.197893
v -6.258014 0.705643 2.192449
v -6.271077 0.708475 2.184543
v -6.279972 0.718171 2.176296
v -6.282314 0.732134 2.169916
v -6.326888 0.787433 2.263900
v -6.315650 0.798137 2.264410
v -6.301601 0.802669 2.269236
v -6.288509 0.799813 2.277083
v -6.279880 0.790335 2.285851
v -6.278027 0.776774 2.293188
v -6.283445 0.762765 2.297130
v -6.294684 0.752061 2.296619
v -6.308732 0.747530 2.291794
v -6.321824 0.750386 2.283947
v -6.330453 0.759864 2.275179
v -6.332307 0.773424 2.267842
v -6.373584 0.838465 2.360891
v -6.361891 0.848675 2.360458
v -6.347566 0.852904 2.364709
v -6.334448 0.850020 2.372503
v -6.326052 0.840795 2.381752
v -6.324626 0.827701 2.389979
v -6.330554 0.814247 2.394978
v -6.342247 0.804037 2.395411
v -6.356572 0.799808 2.391160
v -6.369691 0.802692 2.383366
v -6.378088 0.811917 2.374117
v -6.379512 0.825010 2.365890
v -6.417566 0.899727 2.458090
v -6.405484 0.909397 2.456799
v -6.390922 0.913297 2.460525
v -6.377781 0.910382 2.468270
v -6.369584 0.901434 2.477959
v -6.368526 0.888849 2.486996
v -6.374890 0.876001 2.492959
v -6.386973 0.866331 2.494251
v -6.401535 0.862431 2.490525
v -6.414675 0.865346 2.482780
v -6.422873 0.874294 2.473090
v -6.423931 0.886879 2.464053
v -6.458833 0.971229 2.555500
v -6.446423 0.980335 2.553437
v -6.431661 0.983890 2.556692
v -6.418502 0.980943 2.564394
v -6.410472 0.972284 2.574478
v -6.409723 0.960232 2.584242
v -6.416455 0.948017 2.591071
v -6.428864 0.938912 2.593134
v -6.443626 0.935356 2.589878
v -6.456785 0.938303 2.582177
v -6.464815 0.946962 2.572093
v -6.465564 0.959014 2.562328
v -6.497381 1.052980 2.653120
v -6.484700 1.061513 2.650372
v -6.469773 1.064720 2.653210
v -6.456599 1.061741 2.660872
v -6.448708 1.053374 2.671307
v -6.448214 1.041861 2.681717
v -6.455249 1.030288 2.689313
v -6.467929 1.021754 2.692061
v -6.482856 1.018548 2.689223
v -6.496031 1.021527 2.681560
v -6.503922 1.029894 2.671126
v -6.504416 1.041406 2.660716
v -6.533208 1.144985 2.750947
v -6.520307 1.152953 2.747598
v -6.505244 1.155815 2.750068
v -6.492058 1.152804 2.757696
v -6.484280 1.144726 2.768439
v -6.483994 1.133747 2.779417
v -6.491277 1.122807 2.787689
v -6.504178 1.114839 2.791039
v -6.519240 1.111977 2.788568
v -6.532427 1.114988 2.780940
v -6.540205 1.123066 2.770198
v -6.540491 1.134045 2.759219
v -6.566310 1.247249 2.848980
v -6.553231 1.254668 2.845103
v -6.538060 1.257196 2.847252
v -6.524863 1.254153 2.854851
v -6.517176 1.246356 2.865863
v -6.517058 1.235894 2.877338
v -6.524542 1.225570 2.886201
v -6.537621 1.218150 2.890078
v -6.552792 1.215623 2.887929
v -6.565989 1.218665 2.880331
v -6.573676 1.226462 2.869318
v -6.573793 1.236924 2.857843
v -6.596684 1.359772 2.947212
v -6.583461 1.366660 2.942870
v -6.568203 1.368863 2.944736
v -6.554997 1.365791 2.952308
v -6.547384 1.358266 2.963558
v -6.547402 1.348305 2.975471
v -6.555047 1.338576 2.984856
v -6.568271 1.331688 2.989197
v -6.583529 1.329484 2.987331
v -6.596734 1.332557 2.979759
v -6.604348 1.340082 2.968509
v -6.604330 1.350043 2.956596
v -3.974183 1.360365 3.443649
v -3.973504 1.368558 3.443061
v -3.968196 1.371556 3.438462
v -3.959682 1.368558 3.431084
v -3.950242 1.360365 3.422905
v -3.942407 1.349174 3.416116
v -3.938275 1.337983 3.412535
v -3.938954 1.329791 3.413124
v -3.944262 1.326793 3.417723
v -3.952776 1.329791 3.425100
v -3.962215 1.337983 3.433280
v -3.970051 1.349174 3.440069
v -4.095517 1.247767 3.461218
v -4.103031 1.256325 3.450661
v -4.106319 1.259547 3.435830
v -4.104498 1.256569 3.420698
v -4.098058 1.248190 3.409321
v -4.088723 1.236654 3.404745
v -4.078994 1.225052 3.408199
v -4.071480 1.216494 3.418756
v -4.068192 1.213272 3.433587
v -4.070013 1.216250 3.448719
v -4.076453 1.224630 3.460096
v -4.085789 1.236166 3.464672
v -4.224658 1.145426 3.465641
v -4.231695 1.154362 3.455069
v -4.234690 1.157815 3.440228
v -4.232843 1.154858 3.425095
v -4.226647 1.146285 3.413725
v -4.217762 1.134392 3.409165
v -4.208571 1.122367 3.412637
v -4.201534 1.113431 3.423210
v -4.198538 1.109978 3.438051
v -4.200386 1.112935 3.453184
v -4.206582 1.121508 3.464553
v -4.215466 1.133400 3.469113
v -4.352102 1.053342 3.467883
v -4.358595 1.062670 3.457301
v -4.361259 1.066361 3.442454
v -4.359381 1.063427 3.427320
v -4.353463 1.054654 3.415956
v -4.345091 1.042392 3.411405
v -4.336509 1.029927 3.414886
v -4.330016 1.020599 3.425469
v -4.327351 1.016908 3.440316
v -4.329229 1.019842 3.455449
v -4.335147 1.028615 3.466814
v -4.343519 1.040877 3.471365
v -4.477844 0.971513 3.467943
v -4.483721 0.981241 3.457361
v -4.486009 0.985177 3.442514
v -4.484096 0.982265 3.427381
v -4.478494 0.973287 3.416016
v -4.470703 0.960648 3.411465
v -4.462812 0.947734 3.414947
v -4.456936 0.938006 3.425529
v -4.454648 0.934070 3.440376
v -4.456561 0.936982 3.455509
v -4.462163 0.945960 3.466874
v -4.469954 0.958599 3.471425
v -4.601882 0.899936 3.465823
v -4.607060 0.910066 3.455253
v -4.608922 0.914247 3.440414
v -4.606969 0.911358 3.425281
v -4.601724 0.902174 3.413910
v -4.594593 0.889156 3.409348
v -4.587485 0.875791 3.412816
v -4.582307 0.865662 3.423386
v -4.580445 0.861481 3.438225
v -4.582398 0.864370 3.453358
v -4.587643 0.873554 3.464729
v -4.594774 0.886572 3.469292
v -4.724210 0.838608 3.461525
v -4.728601 0.849131 3.450983
v -4.729983 0.853552 3.436161
v -4.727985 0.850685 3.421030
v -4.723143 0.841300 3.409645
v -4.716754 0.827911 3.405056
v -4.710531 0.814104 3.408493
v -4.706140 0.803581 3.419035
v -4.704758 0.799160 3.433857
v -4.706756 0.802027 3.448988
v -4.711598 0.811412 3.460373
v -4.717987 0.824802 3.464962
v -4.844828 0.787520 3.455051
v -4.848337 0.798416 3.444557
v -4.849180 0.803064 3.429763
v -4.847133 0.800218 3.414635
v -4.842742 0.790643 3.403225
v -4.837185 0.776902 3.398592
v -4.831951 0.762678 3.401975
v -4.828443 0.751783 3.412469
v -4.827599 0.747135 3.427263
v -4.829647 0.749980 3.442391
v -4.834037 0.759556 3.453801
v -4.839594 0.773297 3.458435
v -4.963734 0.746667 3.446402
v -4.966264 0.757897 3.435979
v -4.966511 0.762749 3.421230
v -4.964407 0.759923 3.406106
v -4.960517 0.750176 3.394659
v -4.955884 0.736120 3.389958
v -4.951748 0.721521 3.393261
v -4.949217 0.710291 3.403684
v -4.948971 0.705439 3.418434
v -4.951074 0.708265 3.433558
v -4.954964 0.718012 3.445004
v -4.959598 0.732068 3.449706
v -5.080930 0.716040 3.435581
v -5.082388 0.727549 3.425257
v -5.081981 0.732571 3.410568
v -5.079817 0.729760 3.395450
v -5.076476 0.719871 3.383953
v -5.072853 0.705552 3.379158
v -5.069919 0.690640 3.382349
v -5.068460 0.679131 3.392673
v -5.068867 0.674109 3.407362
v -5.071031 0.676920 3.422481
v -5.074372 0.686809 3.433978
v -5.077995 0.701128 3.438773
v -5.196420 0.695630 3.422588
v -5.196724 0.707341 3.412395
v -5.195613 0.712487 3.397785
v -5.193383 0.709688 3.382674
v -5.190632 0.699694 3.371110
v -5.188098 0.685184 3.366192
v -5.186459 0.670045 3.369238
v -5.186154 0.658334 3.379431
v -5.187266 0.653188 3.394041
v -5.189496 0.655987 3.409152
v -5.192246 0.665980 3.420716
v -5.194780 0.680490 3.425634
v -5.310212 0.685427 3.407425
v -5.309298 0.697247 3.397394
v -5.307443 0.702459 3.382884
v -5.305144 0.699666 3.367782
v -5.303017 0.689617 3.356135
v -5.301632 0.675005 3.351063
v -5.301361 0.659745 3.353927
v -5.302275 0.647925 3.363957
v -5.304131 0.642713 3.378468
v -5.306429 0.645506 3.393570
v -5.308556 0.655555 3.405217
v -5.309941 0.670167 3.410288
v -5.422319 0.685427 3.390091
v -5.420147 0.697246 3.380255
v -5.417524 0.702457 3.365863
v -5.415154 0.699665 3.350772
v -5.413671 0.689616 3.339025
v -5.413473 0.675004 3.333771
v -5.414613 0.659745 3.336415
v -5.416785 0.647926 3.346251
v -5.419408 0.642714 3.360643
v -5.421778 0.645507 3.375734
v -5.423261 0.655556 3.387481
v -5.423459 0.670167 3.392735
v -5.532754 0.695625 3.370584
v -5.529316 0.707327 3.360972
v -5.525920 0.712467 3.346717
v -5.523478 0.709667 3.331639
v -5.522644 0.699679 3.319777
v -5.523640 0.685178 3.314312
v -5.526200 0.670049 3.316706
v -5.529639 0.658348 3.326318
v -5.533035 0.653208 3.340573
v -5.535477 0.656007 3.355651
v -5.536312 0.665996 3.367512
v -5.535315 0.680497 3.372978
v -5.641533 0.716022 3.348904
v -5.636852 0.727491 3.339539
v -5.632699 0.732489 3.325435
v -5.630187 0.729677 3.310370
v -5.629987 0.719807 3.298383
v -5.632155 0.705525 3.292683
v -5.636109 0.690658 3.294800
v -5.640790 0.679188 3.304164
v -5.644943 0.674191 3.318269
v -5.647456 0.677003 3.333333
v -5.647655 0.686873 3.345321
v -5.645487 0.701154 3.351020
v -5.748668 0.746622 3.325045
v -5.742801 0.757753 3.315944
v -5.737924 0.762545 3.302001
v -5.735343 0.759713 3.286952
v -5.735752 0.750017 3.274829
v -5.739039 0.736054 3.268881
v -5.744325 0.721566 3.270701
v -5.750192 0.710435 3.279802
v -5.755070 0.705643 3.293745
v -5.757649 0.708475 3.308794
v -5.757241 0.718171 3.320917
v -5.753954 0.732134 3.326865
v -5.854172 0.787433 3.299005
v -5.847198 0.798137 3.290177
v -5.841645 0.802669 3.276401
v -5.839003 0.799813 3.261367
v -5.839977 0.790335 3.249104
v -5.844309 0.776774 3.242898
v -5.850836 0.762765 3.244412
v -5.857810 0.752061 3.253240
v -5.863363 0.747530 3.267017
v -5.866006 0.750386 3.282051
v -5.865031 0.759864 3.294313
v -5.860700 0.773424 3.300519
v -5.958053 0.838465 3.270781
v -5.950068 0.848675 3.262227
v -5.943900 0.852904 3.248617
v -5.941199 0.850020 3.233599
v -5.942691 0.840795 3.221196
v -5.947975 0.827701 3.214732
v -5.955635 0.814247 3.215939
v -5.963619 0.804037 3.224492
v -5.969788 0.799808 3.238101
v -5.972488 0.802692 3.253120
v -5.970997 0.811917 3.265523
v -5.965713 0.825010 3.271987
v -6.060313 0.899727 3.240368
v -6.051425 0.909397 3.232083
v -6.044704 0.913297 3.218637
v -6.041953 0.910382 3.203634
v -6.043907 0.901434 3.191094
v -6.050044 0.888849 3.184376
v -6.058719 0.876001 3.185282
v -6.067607 0.866331 3.193567
v -6.074327 0.862431 3.207012
v -6.077079 0.865346 3.222015
v -6.075124 0.874294 3.234556
v -6.068988 0.886879 3.241273
v -6.160954 0.971229 3.207765
v -6.151268 0.980335 3.199738
v -6.144062 0.983890 3.186450
v -6.141265 0.980943 3.171461
v -6.143627 0.972284 3.158789
v -6.150516 0.960232 3.151828
v -6.160085 0.948017 3.152444
v -6.169770 0.938912 3.160471
v -6.176977 0.935356 3.173760
v -6.179774 0.938303 3.188748
v -6.177412 0.946962 3.201420
v -6.170523 0.959014 3.208381
v -6.259974 1.052980 3.172971
v -6.249594 1.061513 3.165187
v -6.241963 1.064720 3.152047
v -6.239127 1.061741 3.137073
v -6.241845 1.053374 3.124276
v -6.249389 1.041861 3.117085
v -6.259737 1.030288 3.117428
v -6.270117 1.021754 3.125212
v -6.277747 1.018548 3.138351
v -6.280583 1.021527 3.153326
v -6.277866 1.029894 3.166122
v -6.270322 1.041406 3.173313
v -6.357368 1.144985 3.135983
v -6.346389 1.152953 3.128427
v -6.338392 1.155815 3.115426
v -6.335522 1.152804 3.100465
v -6.338547 1.144726 3.087551
v -6.346656 1.133747 3.080146
v -6.357677 1.122807 3.080234
v -6.368658 1.114839 3.087790
v -6.376654 1.111977 3.100791
v -6.379524 1.114988 3.115752
v -6.376500 1.123066 3.128666
v -6.368390 1.134045 3.136071
v -6.453134 1.247249 3.096803
v -6.441639 1.254668 3.089457
v -6.433329 1.257196 3.076584
v -6.430429 1.254153 3.061635
v -6.433718 1.246356 3.048614
v -6.442313 1.235894 3.041010
v -6.453912 1.225570 3.040862
v -6.465407 1.218150 3.048208
v -6.473718 1.215623 3.061080
v -6.476617 1.218665 3.076030
v -6.473329 1.226462 3.089051
v -6.464733 1.236924 3.096654
v -6.547264 1.359772 3.055430
v -6.535323 1.366660 3.048280
v -6.526741 1.368863 3.035527
v -6.523816 1.365791 3.020588
v -6.527332 1.358266 3.007467
v -6.536348 1.348305 2.999679
v -6.548447 1.338576 2.999311
v -6.560387 1.331688 3.006462
v -6.568969 1.329484 3.019215
v -6.571894 1.332557 3.034153
v -6.568377 1.340082 3.047275
v -6.559362 1.350043 3.055062
v -4.008840 1.247767 3.561248
v -3.999460 1.256325 3.570189
v -3.985248 1.259547 3.575554
v -3.970011 1.256569 3.575905
v -3.957832 1.248190 3.571149
v -3.951975 1.236654 3.562560
v -3.954009 1.225052 3.552439
v -3.963389 1.216494 3.543499
v -3.977601 1.213272 3.538134
v -3.992838 1.216250 3.537783
v -4.005017 1.224630 3.542539
v -4.010874 1.236166 3.551128
v -4.031597 1.145426 3.688446
v -4.022133 1.154362 3.696915
v -4.007870 1.157815 3.701993
v -3.992628 1.154858 3.702317
v -3.980492 1.146285 3.697803
v -3.974714 1.134392 3.689658
v -3.976842 1.122367 3.680065
v -3.986306 1.113431 3.671596
v -4.000570 1.109978 3.666518
v -4.015812 1.112935 3.666194
v -4.027947 1.121508 3.670709
v -4.033725 1.133400 3.678853
v -4.051952 1.053342 3.814273
v -4.042402 1.062670 3.822206
v -4.028086 1.066361 3.826957
v -4.012839 1.063427 3.827251
v -4.000748 1.054654 3.823011
v -3.995051 1.042392 3.815372
v -3.997277 1.029927 3.806381
v -4.006827 1.020599 3.798448
v -4.021144 1.016908 3.793698
v -4.036390 1.019842 3.793403
v -4.048481 1.028615 3.797644
v -4.054178 1.040877 3.805283
v -4.069907 0.971513 3.938727
v -4.060269 0.981241 3.946050
v -4.045899 0.985177 3.950428
v -4.030647 0.982265 3.950688
v -4.018601 0.973287 3.946760
v -4.012987 0.960648 3.939697
v -4.015311 0.947734 3.931391
v -4.024949 0.938006 3.924067
v -4.039320 0.934070 3.919690
v -4.054571 0.936982 3.919430
v -4.066617 0.945960 3.923358
v -4.072231 0.958599 3.930421
v -4.085461 0.899936 4.061804
v -4.075736 0.910066 4.068434
v -4.061312 0.914247 4.072389
v -4.046056 0.911358 4.072609
v -4.034054 0.902174 4.069036
v -4.028523 0.889156 4.062626
v -4.030945 0.875791 4.055098
v -4.040670 0.865662 4.048468
v -4.055094 0.861481 4.044513
v -4.070350 0.864370 4.044292
v -4.082352 0.873554 4.047865
v -4.087883 0.886572 4.054275
v -4.098616 0.838608 4.183499
v -4.088806 0.849131 4.189345
v -4.074331 0.853552 4.192822
v -4.059070 0.850685 4.192998
v -4.047112 0.841300 4.189826
v -4.041660 0.827911 4.184155
v -4.044177 0.814104 4.177506
v -4.053987 0.803581 4.171659
v -4.068461 0.799160 4.168182
v -4.083723 0.802027 4.168006
v -4.095681 0.811412 4.171179
v -4.101132 0.824802 4.176849
v -4.109374 0.787520 4.303810
v -4.099485 0.798416 4.308777
v -4.084963 0.803064 4.311717
v -4.069697 0.800218 4.311843
v -4.057778 0.790643 4.309121
v -4.052401 0.776902 4.304280
v -4.055005 0.762678 4.298618
v -4.064893 0.751783 4.293652
v -4.079416 0.747135 4.290711
v -4.094682 0.749980 4.290586
v -4.106600 0.759556 4.293307
v -4.111978 0.773297 4.298148
v -4.117735 0.746667 4.422737
v -4.107778 0.757897 4.426725
v -4.093214 0.762749 4.429068
v -4.077944 0.759923 4.429138
v -4.066061 0.750176 4.426917
v -4.060748 0.736120 4.422999
v -4.063428 0.721521 4.418436
v -4.073385 0.710291 4.414447
v -4.087950 0.705439 4.412105
v -4.103220 0.708265 4.412034
v -4.115103 0.718012 4.414255
v -4.120416 0.732068 4.418173
v -4.123702 0.716040 4.540280
v -4.113691 0.727549 4.543193
v -4.099094 0.732571 4.544880
v -4.083821 0.729760 4.544889
v -4.071965 0.719871 4.543219
v -4.066703 0.705552 4.540315
v -4.069445 0.690640 4.536956
v -4.079456 0.679131 4.534043
v -4.094054 0.674109 4.532356
v -4.109326 0.676920 4.532346
v -4.121182 0.686809 4.534018
v -4.126444 0.701128 4.536922
v -4.127277 0.695630 4.656443
v -4.117231 0.707341 4.658195
v -4.102612 0.712487 4.659174
v -4.087337 0.709688 4.659118
v -4.075500 0.699694 4.658041
v -4.070271 0.685184 4.656232
v -4.073053 0.670045 4.654176
v -4.083099 0.658334 4.652424
v -4.097718 0.653188 4.651445
v -4.112993 0.655987 4.651502
v -4.124831 0.665980 4.652579
v -4.130059 0.680490 4.654387
v -4.128463 0.685427 4.771235
v -4.118404 0.697247 4.771758
v -4.103777 0.702459 4.771987
v -4.088502 0.699666 4.771861
v -4.076671 0.689617 4.771413
v -4.071454 0.675005 4.770764
v -4.074249 0.659745 4.770088
v -4.084308 0.647925 4.769566
v -4.098935 0.642713 4.769337
v -4.114210 0.645506 4.769463
v -4.126041 0.655555 4.769911
v -4.131258 0.670167 4.770559
v -4.127259 0.685427 4.884668
v -4.117214 0.697246 4.883918
v -4.102596 0.702457 4.883370
v -4.087321 0.699665 4.883172
v -4.075483 0.689616 4.883376
v -4.070254 0.675004 4.883927
v -4.073034 0.659745 4.884679
v -4.083079 0.647926 4.885429
v -4.097697 0.642714 4.885977
v -4.112972 0.645507 4.886176
v -4.124810 0.655556 4.885972
v -4.130040 0.670167 4.885420
v -4.123668 0.695625 4.996756
v -4.113665 0.707327 4.994720
v -4.099071 0.712467 4.993388
v -4.083799 0.709667 4.993116
v -4.071939 0.699679 4.993978
v -4.066671 0.685178 4.995742
v -4.069405 0.670049 4.997936
v -4.079409 0.658348 4.999972
v -4.094002 0.653208 5.001304
v -4.109274 0.656007 5.001575
v -4.121134 0.665996 5.000714
v -4.126402 0.680497 4.998950
v -4.117689 0.716022 5.107512
v -4.107753 0.727491 5.104212
v -4.093202 0.732489 5.102108
v -4.077933 0.729677 5.101765
v -4.066039 0.719807 5.103274
v -4.060706 0.705525 5.106231
v -4.063364 0.690658 5.109843
v -4.073299 0.679188 5.113144
v -4.087851 0.674191 5.115247
v -4.103119 0.677003 5.115591
v -4.115014 0.686873 5.114082
v -4.120347 0.701154 5.111125
v -4.109320 0.746622 5.216952
v -4.099477 0.757753 5.212440
v -4.084982 0.762545 5.209597
v -4.069719 0.759713 5.209185
v -4.057777 0.750017 5.211314
v -4.052357 0.736054 5.215415
v -4.054911 0.721566 5.220387
v -4.064754 0.710435 5.224900
v -4.079249 0.705643 5.227743
v -4.094512 0.708475 5.228155
v -4.106454 0.718171 5.226026
v -4.111874 0.732134 5.221926
v -4.098560 0.787433 5.325089
v -4.088830 0.798137 5.319442
v -4.074403 0.802669 5.315906
v -4.059146 0.799813 5.315430
v -4.047147 0.790335 5.318140
v -4.041621 0.776774 5.323310
v -4.044048 0.762765 5.329556
v -4.053779 0.752061 5.335203
v -4.068205 0.747530 5.338738
v -4.083462 0.750386 5.339215
v -4.095461 0.759864 5.336505
v -4.100987 0.773424 5.331334
v -4.085406 0.838465 5.431928
v -4.075803 0.848675 5.425242
v -4.061454 0.852904 5.421073
v -4.046205 0.850020 5.420538
v -4.034141 0.840795 5.423779
v -4.028494 0.827701 5.429930
v -4.030778 0.814247 5.437340
v -4.040381 0.804037 5.444026
v -4.054730 0.799808 5.448195
v -4.069980 0.802692 5.448730
v -4.082044 0.811917 5.445489
v -4.087690 0.825010 5.439339
v -4.069856 0.899727 5.537476
v -4.060390 0.909397 5.529857
v -4.046125 0.913297 5.525119
v -4.030883 0.910382 5.524530
v -4.018749 0.901434 5.528249
v -4.012973 0.888849 5.535280
v -4.015103 0.876001 5.543737
v -4.024570 0.866331 5.551356
v -4.038835 0.862431 5.556094
v -4.054076 0.865346 5.556683
v -4.066211 0.874294 5.552964
v -4.071987 0.886879 5.545934
v -4.051908 0.971229 5.641732
v -4.042584 0.980335 5.633288
v -4.028405 0.983890 5.628046
v -4.013172 0.980943 5.627410
v -4.000964 0.972284 5.631552
v -3.995055 0.960232 5.639361
v -3.997026 0.948017 5.648746
v -4.006351 0.938912 5.657190
v -4.020529 0.935356 5.662432
v -4.035763 0.938303 5.663067
v -4.047970 0.946962 5.658926
v -4.053880 0.959014 5.651116
v -4.031559 1.052980 5.744696
v -4.022377 1.061513 5.735529
v -4.008286 1.064720 5.729846
v -3.993060 1.061741 5.729170
v -3.980780 1.053374 5.733682
v -3.974736 1.041861 5.742172
v -3.976548 1.030288 5.752366
v -3.985730 1.021754 5.761533
v -3.999822 1.018548 5.767216
v -4.015048 1.021527 5.767892
v -4.027328 1.029894 5.763381
v -4.033371 1.041406 5.754890
v -4.008810 1.144985 5.846364
v -3.999767 1.152953 5.836571
v -3.985761 1.155815 5.830505
v -3.970543 1.152804 5.829794
v -3.958192 1.144726 5.834626
v -3.952016 1.133747 5.843707
v -3.953671 1.122807 5.854603
v -3.962713 1.114839 5.864396
v -3.976720 1.111977 5.870461
v -3.991937 1.114988 5.871173
v -4.004289 1.123066 5.866341
v -4.010465 1.134045 5.857260
v -3.983657 1.247249 5.946730
v -3.974749 1.254668 5.936398
v -3.960825 1.257196 5.930004
v -3.945615 1.254153 5.929261
v -3.933195 1.246356 5.934369
v -3.926892 1.235894 5.943959
v -3.928395 1.225570 5.955462
v -3.937303 1.218150 5.965794
v -3.951227 1.215623 5.972188
v -3.966437 1.218665 5.972931
v -3.978857 1.226462 5.967823
v -3.985160 1.236924 5.958232
v -3.956101 1.359772 6.045790
v -3.947324 1.366660 6.034988
v -3.933479 1.368863 6.028308
v -3.918277 1.365791 6.027539
v -3.905789 1.358266 6.032887
v -3.899364 1.348305 6.042919
v -3.900722 1.338576 6.054947
v -3.909499 1.331688 6.065748
v -3.923343 1.329484 6.072428
v -3.938546 1.332557 6.073197
v -3.951033 1.340082 6.067850
v -3.957459 1.350043 6.057817
v -1.481517 1.360365 5.045588
v -1.481264 1.368558 5.044726
v -1.479285 1.371556 5.037987
v -1.476111 1.368558 5.027177
v -1.472592 1.360365 5.015193
v -1.469672 1.349174 5.005245
v -1.468131 1.337983 5.000000
v -1.468384 1.329791 5.000862
v -1.470363 1.326793 5.007600
v -1.473537 1.329791 5.018410
v -1.477056 1.337983 5.030394
v -1.479977 1.349174 5.040342
v -1.574092 1.247767 5.125966
v -1.586121 1.256325 5.121148
v -1.596905 1.259547 5.110448
v -1.603554 1.256569 5.096734
v -1.604287 1.248190 5.083680
v -1.598907 1.236654 5.074784
v -1.588856 1.225052 5.072430
v -1.576827 1.216494 5.077249
v -1.566043 1.213272 5.087948
v -1.559394 1.216250 5.101662
v -1.558661 1.224630 5.114716
v -1.564041 1.236166 5.123611
v -1.680341 1.145426 5.199506
v -1.691976 1.154362 5.194416
v -1.702520 1.157815 5.183550
v -1.709147 1.154858 5.169821
v -1.710082 1.146285 5.156906
v -1.705073 1.134392 5.148267
v -1.695464 1.122367 5.146218
v -1.683828 1.113431 5.151309
v -1.673284 1.109978 5.162174
v -1.666657 1.112935 5.175903
v -1.665722 1.121508 5.188818
v -1.670731 1.133400 5.197457
v -1.786341 1.053342 5.270293
v -1.797525 1.062670 5.264901
v -1.807793 1.066361 5.253851
v -1.814395 1.063427 5.240105
v -1.815561 1.054654 5.227345
v -1.810978 1.042392 5.218990
v -1.801876 1.029927 5.217279
v -1.790692 1.020599 5.222671
v -1.780424 1.016908 5.233720
v -1.773822 1.019842 5.247467
v -1.772657 1.028615 5.260227
v -1.777239 1.040877 5.268582
v -1.892090 0.971513 5.338325
v -1.902755 0.981241 5.332600
v -1.912707 0.985177 5.321347
v -1.919279 0.982265 5.307581
v -1.920710 0.973287 5.294991
v -1.916617 0.960648 5.286951
v -1.908097 0.947734 5.285614
v -1.897431 0.938006 5.291340
v -1.887480 0.934070 5.302593
v -1.880908 0.936982 5.316358
v -1.879476 0.945960 5.328948
v -1.883570 0.958599 5.336988
v -1.997583 0.899936 5.403601
v -2.007654 0.910066 5.397509
v -2.017243 0.914247 5.386032
v -2.023782 0.911358 5.372245
v -2.025517 0.902174 5.359844
v -2.021984 0.889156 5.352150
v -2.014130 0.875791 5.351225
v -2.004059 0.865662 5.357317
v -1.994470 0.861481 5.368794
v -1.987931 0.864370 5.382581
v -1.986196 0.873554 5.394982
v -1.989729 0.886572 5.402677
v -2.102816 0.838608 5.466121
v -2.112209 0.849131 5.459627
v -2.121385 0.853552 5.447904
v -2.127885 0.850685 5.434095
v -2.129967 0.841300 5.421899
v -2.127074 0.827911 5.414585
v -2.119980 0.814104 5.414112
v -2.110586 0.803581 5.420606
v -2.101410 0.799160 5.432329
v -2.094911 0.802027 5.446137
v -2.092829 0.811412 5.458333
v -2.095722 0.824802 5.465648
v -2.207786 0.787520 5.525886
v -2.216412 0.798416 5.518954
v -2.225119 0.803064 5.506965
v -2.231575 0.800218 5.493132
v -2.234051 0.790643 5.481159
v -2.231881 0.776902 5.474257
v -2.225649 0.762678 5.474273
v -2.217023 0.751783 5.481205
v -2.208316 0.747135 5.493194
v -2.201860 0.749980 5.507028
v -2.199385 0.759556 5.519000
v -2.201554 0.773297 5.525902
v -2.312492 0.746667 5.582895
v -2.320256 0.757897 5.575495
v -2.328437 0.762749 5.563220
v -2.334845 0.759923 5.549359
v -2.337761 0.750176 5.537627
v -2.336404 0.736120 5.531167
v -2.331139 0.721521 5.531710
v -2.323375 0.710291 5.539110
v -2.315194 0.705439 5.551385
v -2.308786 0.708265 5.565245
v -2.305871 0.718012 5.576978
v -2.307227 0.732068 5.583438
v -2.416934 0.716040 5.637152
v -2.423743 0.727549 5.629256
v -2.431341 0.732571 5.616679
v -2.437694 0.729760 5.602790
v -2.441099 0.719871 5.591312
v -2.440644 0.705552 5.585319
v -2.436450 0.690640 5.586418
v -2.429641 0.679131 5.594314
v -2.422043 0.674109 5.606892
v -2.415689 0.676920 5.620780
v -2.412285 0.686809 5.632258
v -2.412740 0.701128 5.638251
v -2.521115 0.695630 5.688661
v -2.526882 0.707341 5.680250
v -2.533845 0.712487 5.667359
v -2.540139 0.709688 5.653441
v -2.544077 0.699694 5.642226
v -2.544604 0.685184 5.636718
v -2.541579 0.670045 5.638395
v -2.535811 0.658334 5.646805
v -2.528848 0.653188 5.659697
v -2.522554 0.655987 5.673615
v -2.518616 0.665980 5.684830
v -2.518089 0.680490 5.690337
v -2.625041 0.685427 5.737425
v -2.629695 0.697247 5.728493
v -2.635979 0.702459 5.715283
v -2.642210 0.699666 5.701335
v -2.646718 0.689617 5.690387
v -2.648295 0.675005 5.685372
v -2.646518 0.659745 5.687634
v -2.641864 0.647925 5.696567
v -2.635580 0.642713 5.709777
v -2.629349 0.645506 5.723724
v -2.624842 0.655555 5.734673
v -2.623265 0.670167 5.739687
v -2.728723 0.685427 5.783453
v -2.732213 0.697246 5.774004
v -2.737788 0.702457 5.760478
v -2.743952 0.699665 5.746502
v -2.749056 0.689616 5.735818
v -2.751730 0.675004 5.731290
v -2.751259 0.659745 5.734132
v -2.747769 0.647926 5.743581
v -2.742194 0.642714 5.757106
v -2.736030 0.645507 5.771082
v -2.730927 0.655556 5.781766
v -2.728252 0.670167 5.786294
v -2.832173 0.695625 5.826749
v -2.834477 0.707327 5.816803
v -2.839327 0.712467 5.802975
v -2.845425 0.709667 5.788970
v -2.851135 0.699679 5.778541
v -2.854928 0.685178 5.774481
v -2.855788 0.670049 5.777880
v -2.853484 0.658348 5.787825
v -2.848634 0.653208 5.801653
v -2.842536 0.656007 5.815658
v -2.836826 0.665996 5.826087
v -2.833033 0.680497 5.830147
v -2.935405 0.716022 5.867320
v -2.936530 0.727491 5.856911
v -2.940661 0.732489 5.842801
v -2.946692 0.729677 5.828769
v -2.953005 0.719807 5.818577
v -2.957911 0.705525 5.814954
v -2.960093 0.690658 5.818872
v -2.958967 0.679188 5.829281
v -2.954836 0.674191 5.843391
v -2.948805 0.677003 5.857423
v -2.942492 0.686873 5.867615
v -2.937587 0.701154 5.871238
v -3.038432 0.746622 5.905170
v -3.038416 0.757753 5.894342
v -3.041851 0.762545 5.879976
v -3.047817 0.759713 5.865921
v -3.054714 0.750017 5.855943
v -3.060696 0.736054 5.852716
v -3.064158 0.721566 5.857105
v -3.064174 0.710435 5.867933
v -3.060739 0.705643 5.882299
v -3.054773 0.708475 5.896355
v -3.047875 0.718171 5.906332
v -3.041894 0.732134 5.909559
v -3.141265 0.787433 5.940304
v -3.140171 0.798137 5.929107
v -3.142948 0.802669 5.914515
v -3.148852 0.799813 5.900439
v -3.156302 0.790335 5.890650
v -3.163301 0.776774 5.887772
v -3.167974 0.762765 5.892574
v -3.169068 0.752061 5.903771
v -3.166291 0.747530 5.918363
v -3.160387 0.750386 5.932438
v -3.152937 0.759864 5.942227
v -3.145938 0.773424 5.945107
v -3.243914 0.838465 5.972722
v -3.241822 0.848675 5.961209
v -3.243990 0.852904 5.946425
v -3.249838 0.850020 5.932331
v -3.257799 0.840795 5.922704
v -3.265738 0.827701 5.920122
v -3.271531 0.814247 5.925279
v -3.273623 0.804037 5.936791
v -3.271454 0.799808 5.951575
v -3.265607 0.802692 5.965669
v -3.257646 0.811917 5.975296
v -3.249706 0.825010 5.977878
v -3.346383 0.899727 6.002423
v -3.343385 0.909397 5.990647
v -3.345001 0.913297 5.975703
v -3.350798 0.910382 5.961594
v -3.359221 0.901434 5.952101
v -3.368016 0.888849 5.949768
v -3.374824 0.876001 5.955219
v -3.377822 0.866331 5.966995
v -3.376206 0.862431 5.981939
v -3.370410 0.865346 5.996048
v -3.361986 0.874294 6.005541
v -3.353192 0.886879 6.007874
v -3.448674 0.971229 6.029407
v -3.444866 0.980335 6.017417
v -3.445988 0.983890 6.002342
v -3.451738 0.980943 5.988221
v -3.460577 0.972284 5.978837
v -3.470135 0.960232 5.976706
v -3.477852 0.948017 5.982398
v -3.481660 0.938912 5.994387
v -3.480539 0.935356 6.009462
v -3.474788 0.938303 6.023583
v -3.465950 0.946962 6.032967
v -3.456391 0.959014 6.035098
v -3.550786 1.052980 6.053669
v -3.546262 1.061513 6.041509
v -3.546947 1.064720 6.026330
v -3.552657 1.061741 6.012199
v -3.561862 1.053374 6.002903
v -3.572095 1.041861 6.000933
v -3.580616 1.030288 6.006816
v -3.585140 1.021754 6.018976
v -3.584455 1.018548 6.034155
v -3.578746 1.021527 6.048285
v -3.569541 1.029894 6.057582
v -3.559307 1.041406 6.059552
v -3.652717 1.144985 6.075210
v -3.647565 1.152953 6.062916
v -3.647867 1.155815 6.047656
v -3.653541 1.152804 6.033518
v -3.663068 1.144726 6.024290
v -3.673893 1.133747 6.022445
v -3.683118 1.122807 6.028477
v -3.688269 1.114839 6.040770
v -3.687968 1.111977 6.056030
v -3.682294 1.114988 6.070168
v -3.672767 1.123066 6.079396
v -3.661942 1.134045 6.081242
v -3.754463 1.247249 6.094024
v -3.748764 1.254668 6.081629
v -3.748732 1.257196 6.066307
v -3.754375 1.254153 6.052163
v -3.764181 1.246356 6.042987
v -3.775523 1.235894 6.041237
v -3.785361 1.225570 6.047383
v -3.791060 1.218150 6.059778
v -3.791092 1.215623 6.075100
v -3.785449 1.218665 6.089244
v -3.775642 1.226462 6.098420
v -3.764301 1.236924 6.100170
v -3.856017 1.359772 6.110109
v -3.849838 1.366660 6.097638
v -3.849513 1.368863 6.082270
v -3.855129 1.365791 6.068121
v -3.865181 1.358266 6.058984
v -3.876976 1.348305 6.057306
v -3.887353 1.338576 6.063538
v -3.893532 1.331688 6.076009
v -3.893857 1.329484 6.091378
v -3.888241 1.332557 6.105526
v -3.878189 1.340082 6.114663
v -3.866394 1.350043 6.116341
v -1.447094 1.247767 5.163255
v -1.434370 1.256325 5.165706
v -1.419513 1.259547 5.162535
v -1.406505 1.256569 5.154593
v -1.398831 1.248190 5.144008
v -1.398547 1.236654 5.133615
v -1.405730 1.225052 5.126201
v -1.418454 1.216494 5.123751
v -1.433311 1.213272 5.126922
v -1.446319 1.216250 5.134864
v -1.453993 1.224630 5.145449
v -1.454277 1.236166 5.155841
v -1.397470 1.145426 5.282564
v -1.384930 1.154362 5.284573
v -1.370186 1.157815 5.281132
v -1.357188 1.154858 5.273165
v -1.349420 1.146285 5.262806
v -1.348962 1.134392 5.252831
v -1.355939 1.122367 5.245912
v -1.368479 1.113431 5.243903
v -1.383224 1.109978 5.247343
v -1.396221 1.112935 5.255310
v -1.403990 1.121508 5.265669
v -1.404447 1.133400 5.275645
v -1.346567 1.053342 5.399422
v -1.334244 1.062670 5.400932
v -1.319632 1.066361 5.397189
v -1.306646 1.063427 5.389193
v -1.298767 1.054654 5.379089
v -1.298105 1.042392 5.369583
v -1.304838 1.029927 5.363223
v -1.317161 1.020599 5.361712
v -1.331773 1.016908 5.365456
v -1.344758 1.019842 5.373451
v -1.352638 1.028615 5.383555
v -1.353300 1.040877 5.393062
v -1.294387 0.971513 5.513826
v -1.282319 0.981241 5.514776
v -1.267864 0.985177 5.510690
v -1.254893 0.982265 5.502663
v -1.246882 0.973287 5.492846
v -1.245979 0.960648 5.483869
v -1.252424 0.947734 5.478137
v -1.264491 0.938006 5.477188
v -1.278947 0.934070 5.481274
v -1.291918 0.936982 5.489301
v -1.299928 0.945960 5.499118
v -1.300832 0.958599 5.508095
v -1.240931 0.899936 5.625774
v -1.229165 0.910066 5.626093
v -1.214893 0.914247 5.621623
v -1.201940 0.911358 5.613560
v -1.193775 0.902174 5.604065
v -1.192587 0.889156 5.595683
v -1.198695 0.875791 5.590659
v -1.210461 0.865662 5.590339
v -1.224733 0.861481 5.594810
v -1.237686 0.864370 5.602872
v -1.245851 0.873554 5.612367
v -1.247039 0.886572 5.620749
v -1.186205 0.838608 5.735262
v -1.174791 0.849131 5.734877
v -1.160734 0.853552 5.729977
v -1.147801 0.850685 5.721874
v -1.139456 0.841300 5.712740
v -1.137935 0.827911 5.705022
v -1.143647 0.814104 5.700788
v -1.155061 0.803581 5.701174
v -1.169117 0.799160 5.706074
v -1.182051 0.802027 5.714177
v -1.190396 0.811412 5.723311
v -1.191916 0.824802 5.731029
v -1.130209 0.787520 5.842291
v -1.119205 0.798416 5.841123
v -1.105399 0.803064 5.835745
v -1.092488 0.800218 5.827598
v -1.083933 0.790643 5.818864
v -1.082026 0.776902 5.811884
v -1.087278 0.762678 5.808529
v -1.098282 0.751783 5.809697
v -1.112089 0.747135 5.815075
v -1.125000 0.749980 5.823222
v -1.133554 0.759556 5.831955
v -1.135461 0.773297 5.838935
v -1.072947 0.746667 5.946858
v -1.062414 0.757897 5.944830
v -1.048895 0.762749 5.938927
v -1.036012 0.759923 5.930731
v -1.027215 0.750176 5.922438
v -1.024864 0.736120 5.916270
v -1.029587 0.721521 5.913880
v -1.040119 0.710291 5.915908
v -1.053638 0.705439 5.921811
v -1.066522 0.708265 5.930007
v -1.075318 0.718012 5.938300
v -1.077670 0.732068 5.944468
v -1.014418 0.716040 6.048968
v -1.004421 0.727549 6.046006
v -0.991229 0.732571 6.039534
v -0.978376 0.729760 6.031284
v -0.969306 0.719871 6.023469
v -0.966449 0.705552 6.018181
v -0.970571 0.690640 6.016839
v -0.980568 0.679131 6.019800
v -0.993760 0.674109 6.026273
v -1.006613 0.676920 6.034522
v -1.015684 0.686809 6.042337
v -1.018540 0.701128 6.047625
v -0.954623 0.695630 6.148624
v -0.945224 0.707341 6.144667
v -0.932397 0.712487 6.137586
v -0.919577 0.709688 6.129281
v -0.910201 0.699694 6.121975
v -0.906781 0.685184 6.117627
v -0.910232 0.670045 6.117401
v -0.919631 0.658334 6.121358
v -0.932459 0.653188 6.128438
v -0.945278 0.655987 6.136744
v -0.954654 0.665980 6.144050
v -0.958075 0.680490 6.148398
v -0.893559 0.685427 6.245834
v -0.884814 0.697247 6.240836
v -0.872386 0.702459 6.233120
v -0.859604 0.699666 6.224756
v -0.849893 0.689617 6.217983
v -0.845855 0.675005 6.214616
v -0.848572 0.659745 6.215559
v -0.857317 0.647925 6.220557
v -0.869745 0.642713 6.228273
v -0.882527 0.645506 6.236638
v -0.892238 0.655555 6.243411
v -0.896276 0.670167 6.246777
v -0.831220 0.685427 6.340610
v -0.823175 0.697246 6.334548
v -0.811174 0.702457 6.326183
v -0.798432 0.699665 6.317758
v -0.788362 0.689616 6.311529
v -0.783665 0.675004 6.309166
v -0.785597 0.659745 6.311302
v -0.793642 0.647926 6.317364
v -0.805643 0.642714 6.325728
v -0.818386 0.645507 6.334153
v -0.828455 0.655556 6.340382
v -0.833153 0.670167 6.342745
v -0.767600 0.695625 6.432961
v -0.760285 0.707327 6.425840
v -0.748729 0.712467 6.416830
v -0.736028 0.709667 6.408345
v -0.725585 0.699679 6.402658
v -0.720199 0.685178 6.401294
v -0.721313 0.670049 6.404618
v -0.728628 0.658348 6.411739
v -0.740185 0.653208 6.420749
v -0.752886 0.656007 6.429235
v -0.763328 0.665996 6.434921
v -0.768714 0.680497 6.436285
v -0.702691 0.716022 6.522903
v -0.696117 0.727491 6.514755
v -0.685012 0.732489 6.505118
v -0.672353 0.729677 6.496575
v -0.661531 0.719807 6.491414
v -0.655447 0.705525 6.491018
v -0.655729 0.690658 6.495494
v -0.662303 0.679188 6.503642
v -0.673407 0.674191 6.513279
v -0.686067 0.677003 6.521822
v -0.696888 0.686873 6.526983
v -0.702973 0.701154 6.527379
v -0.636483 0.746622 6.610446
v -0.630642 0.757753 6.601328
v -0.619985 0.762545 6.591099
v -0.607367 0.759713 6.582501
v -0.596170 0.750017 6.577836
v -0.589394 0.736054 6.578355
v -0.588853 0.721566 6.583920
v -0.594694 0.710435 6.593037
v -0.605351 0.705643 6.603266
v -0.617969 0.708475 6.611865
v -0.629166 0.718171 6.616529
v -0.635942 0.732134 6.616010
v -0.568968 0.787433 6.695599
v -0.563835 0.798137 6.685587
v -0.553610 0.802669 6.674813
v -0.541033 0.799813 6.666164
v -0.529473 0.790335 6.661956
v -0.522029 0.776774 6.663319
v -0.520694 0.762765 6.669885
v -0.525827 0.752061 6.679896
v -0.536052 0.747530 6.690670
v -0.548629 0.750386 6.699319
v -0.560189 0.759864 6.703526
v -0.567633 0.773424 6.702165
v -0.500140 0.838465 6.778366
v -0.495676 0.848675 6.767550
v -0.485859 0.852904 6.756285
v -0.473320 0.850020 6.747590
v -0.461418 0.840795 6.743794
v -0.453343 0.827701 6.745916
v -0.451258 0.814247 6.753385
v -0.455722 0.804037 6.764201
v -0.465539 0.799808 6.775466
v -0.478079 0.802692 6.784161
v -0.489980 0.811917 6.787956
v -0.498055 0.825010 6.785835
v -0.429996 0.899727 6.858751
v -0.426151 0.909397 6.847224
v -0.416713 0.913297 6.835526
v -0.404208 0.910382 6.826791
v -0.391989 0.901434 6.823359
v -0.383330 0.888849 6.826150
v -0.380549 0.876001 6.834417
v -0.384394 0.866331 6.845944
v -0.393833 0.862431 6.857643
v -0.406337 0.865346 6.866378
v -0.418555 0.874294 6.869810
v -0.427215 0.886879 6.867018
v -0.358531 0.971229 6.936754
v -0.355253 0.980335 6.924609
v -0.346159 0.983890 6.912533
v -0.333687 0.980943 6.903763
v -0.321179 0.972284 6.900648
v -0.311985 0.960232 6.904022
v -0.308570 0.948017 6.912982
v -0.311849 0.938912 6.925127
v -0.320943 0.935356 6.937203
v -0.333414 0.938303 6.945973
v -0.345923 0.946962 6.949089
v -0.355116 0.959014 6.945714
v -0.285747 1.052980 7.012371
v -0.282978 1.061513 6.999696
v -0.274196 1.064720 6.987296
v -0.261753 1.061741 6.978496
v -0.248983 1.053374 6.975652
v -0.239309 1.041861 6.979527
v -0.235321 1.030288 6.989082
v -0.238090 1.021754 7.001758
v -0.246872 1.018548 7.014157
v -0.259315 1.021527 7.022958
v -0.272085 1.029894 7.025802
v -0.281759 1.041406 7.021927
v -0.211643 1.144985 7.085600
v -0.209330 1.152953 7.072473
v -0.200826 1.155815 7.059798
v -0.188409 1.152804 7.050972
v -0.175406 1.144726 7.048359
v -0.165301 1.133747 7.052660
v -0.160802 1.122807 7.062721
v -0.163115 1.114839 7.075849
v -0.171619 1.111977 7.088523
v -0.184036 1.114988 7.097349
v -0.197039 1.123066 7.099962
v -0.207144 1.134045 7.095661
v -0.136220 1.247249 7.156435
v -0.134313 1.254668 7.142927
v -0.126056 1.257196 7.130020
v -0.113662 1.254153 7.121172
v -0.100452 1.246356 7.118754
v -0.089965 1.235894 7.123414
v -0.085011 1.225570 7.133904
v -0.086918 1.218150 7.147411
v -0.095175 1.215623 7.160318
v -0.107569 1.218665 7.169167
v -0.120780 1.226462 7.171584
v -0.131266 1.236924 7.166924
v -0.059484 1.359772 7.224871
v -0.057939 1.366660 7.211040
v -0.049904 1.368863 7.197935
v -0.037530 1.365791 7.189069
v -0.024134 1.358266 7.186817
v -0.013305 1.348305 7.191782
v -0.007944 1.338576 7.202635
v -0.009488 1.331688 7.216466
v -0.017524 1.329484 7.229571
v -0.029898 1.332557 7.238437
v -0.043294 1.340082 7.240689
v -0.054123 1.350043 7.235724
v 1.481519 1.360365 5.045587
v 1.481266 1.368558 5.044725
v 1.479288 1.371556 5.037987
v 1.476114 1.368558 5.027177
v 1.472595 1.360365 5.015193
v 1.469674 1.349174 5.005245
v 1.468133 1.337983 4.999999
v 1.468387 1.329791 5.000861
v 1.470365 1.326793 5.007600
v 1.473539 1.329791 5.018409
v 1.477058 1.337983 5.030394
v 1.479979 1.349174 5.040341
v 1.447096 1.247767 5.163255
v 1.434372 1.256325 5.165705
v 1.419515 1.259547 5.162534
v 1.406507 1.256569 5.154593
v 1.398833 1.248190 5.144007
v 1.398549 1.236654 5.133615
v 1.405732 1.225052 5.126201
v 1.418456 1.216494 5.123751
v 1.433313 1.213272 5.126921
v 1.446321 1.216250 5.134863
v 1.453995 1.224630 5.145448
v 1.454279 1.236166 5.155840
v 1.397473 1.145426 5.282564
v 1.384932 1.154362 5.284572
v 1.370188 1.157815 5.281132
v 1.357190 1.154858 5.273165
v 1.349422 1.146285 5.262806
v 1.348965 1.134392 5.252830
v 1.355941 1.122367 5.245911
v 1.368481 1.113431 5.243903
v 1.383226 1.109978 5.247343
v 1.396224 1.112935 5.255310
v 1.403992 1.121508 5.265669
v 1.404449 1.133400 5.275644
v 1.346569 1.053342 5.399422
v 1.334246 1.062670 5.400932
v 1.319634 1.066361 5.397188
v 1.306649 1.063427 5.389193
v 1.298769 1.054654 5.379088
v 1.298107 1.042392 5.369583
v 1.304840 1.029927 5.363222
v 1.317163 1.020599 5.361712
v 1.331775 1.016908 5.365456
v 1.344761 1.019842 5.373451
v 1.352640 1.028615 5.383555
v 1.353302 1.040877 5.393061
v 1.294389 0.971513 5.513826
v 1.282322 0.981241 5.514775
v 1.267866 0.985177 5.510689
v 1.254895 0.982265 5.502662
v 1.246885 0.973287 5.492845
v 1.245981 0.960648 5.483868
v 1.252426 0.947734 5.478137
v 1.264494 0.938006 5.477187
v 1.278949 0.934070 5.481274
v 1.291920 0.936982 5.489301
v 1.299931 0.945960 5.499118
v 1.300834 0.958599 5.508095
v 1.240934 0.899936 5.625773
v 1.229168 0.910066 5.626093
v 1.214896 0.914247 5.621623
v 1.201942 0.911358 5.613560
v 1.193777 0.902174 5.604065
v 1.192590 0.889156 5.595682
v 1.198697 0.875791 5.590658
v 1.210463 0.865662 5.590339
v 1.224735 0.861481 5.594810
v 1.237689 0.864370 5.602872
v 1.245853 0.873554 5.612367
v 1.247041 0.886572 5.620749
v 1.186207 0.838608 5.735262
v 1.174794 0.849131 5.734877
v 1.160737 0.853552 5.729976
v 1.147803 0.850685 5.721873
v 1.139458 0.841300 5.712739
v 1.137938 0.827911 5.705022
v 1.143650 0.814104 5.700788
v 1.155063 0.803581 5.701173
v 1.169120 0.799160 5.706074
v 1.182054 0.802027 5.714177
v 1.190399 0.811412 5.723311
v 1.191919 0.824802 5.731029
v 1.130212 0.787520 5.842290
v 1.119208 0.798416 5.841123
v 1.105401 0.803064 5.835744
v 1.092491 0.800218 5.827597
v 1.083936 0.790643 5.818864
v 1.082029 0.776902 5.811884
v 1.087281 0.762678 5.808528
v 1.098285 0.751783 5.809696
v 1.112091 0.747135 5.815074
v 1.125002 0.749980 5.823222
v 1.133557 0.759556 5.831955
v 1.135463 0.773297 5.838935
v 1.072949 0.746667 5.946858
v 1.062417 0.757897 5.944830
v 1.048898 0.762749 5.938927
v 1.036014 0.759923 5.930731
v 1.027218 0.750176 5.922438
v 1.024866 0.736120 5.916270
v 1.029589 0.721521 5.913879
v 1.040121 0.710291 5.915907
v 1.053641 0.705439 5.921811
v 1.066524 0.708265 5.930007
v 1.075320 0.718012 5.938300
v 1.077672 0.732068 5.944468
v 1.014421 0.716040 6.048968
v 1.004424 0.727549 6.046006
v 0.991232 0.732571 6.039534
v 0.978378 0.729760 6.031284
v 0.969308 0.719871 6.023469
v 0.966451 0.705552 6.018181
v 0.970574 0.690640 6.016839
v 0.980570 0.679131 6.019800
v 0.993763 0.674109 6.026273
v 1.006616 0.676920 6.034522
v 1.015686 0.686809 6.042337
v 1.018543 0.701128 6.047625
v 0.954626 0.695630 6.148623
v 0.945227 0.707341 6.144666
v 0.932399 0.712487 6.137586
v 0.919580 0.709688 6.129281
v 0.910204 0.699694 6.121975
v 0.906783 0.685184 6.117626
v 0.910235 0.670045 6.117401
v 0.919633 0.658334 6.121358
v 0.932461 0.653188 6.128438
v 0.945280 0.655987 6.136744
v 0.954657 0.665980 6.144050
v 0.958077 0.680490 6.148398
v 0.893561 0.685427 6.245834
v 0.884817 0.697247 6.240836
v 0.872389 0.702459 6.233120
v 0.859606 0.699666 6.224755
v 0.849895 0.689617 6.217982
v 0.845858 0.675005 6.214616
v 0.848575 0.659745 6.215559
v 0.857319 0.647925 6.220557
v 0.869748 0.642713 6.228272
v 0.882530 0.645506 6.236638
v 0.892241 0.655555 6.243410
v 0.896279 0.670167 6.246777
v 0.831223 0.685427 6.340610
v 0.823178 0.697246 6.334547
v 0.811177 0.702457 6.326183
v 0.798434 0.699665 6.317758
v 0.788365 0.689616 6.311529
v 0.783667 0.675004 6.309166
v 0.785600 0.659745 6.311302
v 0.793644 0.647926 6.317364
v 0.805646 0.642714 6.325728
v 0.818388 0.645507 6.334153
v 0.828458 0.655556 6.340382
v 0.833155 0.670167 6.342745
v 0.767603 0.695625 6.432961
v 0.760288 0.707327 6.425840
v 0.748731 0.712467 6.416830
v 0.736030 0.709667 6.408345
v 0.725588 0.699679 6.402658
v 0.720202 0.685178 6.401294
v 0.721316 0.670049 6.404618
v 0.728631 0.658348 6.411739
v 0.740187 0.653208 6.420749
v 0.752888 0.656007 6.429235
v 0.763331 0.665996 6.434921
v 0.768717 0.680497 6.436285
v 0.702693 0.716022 6.522903
v 0.696119 0.727491 6.514755
v 0.685015 0.732489 6.505118
v 0.672356 0.729677 6.496575
v 0.661534 0.719807 6.491414
v 0.655449 0.705525 6.491018
v 0.655732 0.690658 6.495494
v 0.662306 0.679188 6.503642
v 0.673410 0.674191 6.513279
v 0.686069 0.677003 6.521822
v 0.696891 0.686873 6.526983
v 0.702976 0.701154 6.527379
v 0.636485 0.746622 6.610446
v 0.630644 0.757753 6.601328
v 0.619987 0.762545 6.591099
v 0.607370 0.759713 6.582501
v 0.596173 0.750017 6.577836
v 0.589396 0.736054 6.578355
v 0.588856 0.721566 6.583920
v 0.594697 0.710435 6.593037
v 0.605354 0.705643 6.603266
v 0.617971 0.708475 6.611865
v 0.629169 0.718171 6.616529
v 0.635945 0.732134 6.616010
v 0.568970 0.787433 6.695599
v 0.563838 0.798137 6.685587
v 0.553613 0.802669 6.674813
v 0.541035 0.799813 6.666164
v 0.529476 0.790335 6.661957
v 0.522032 0.776774 6.663319
v 0.520697 0.762765 6.669885
v 0.525830 0.752061 6.679896
v 0.536055 0.747530 6.690670
v 0.548632 0.750386 6.699319
v 0.560192 0.759864 6.703527
v 0.567636 0.773424 6.702165
v 0.500143 0.838465 6.778366
v 0.495679 0.848675 6.767550
v 0.485862 0.852904 6.756285
v 0.473323 0.850020 6.747590
v 0.461421 0.840795 6.743795
v 0.453346 0.827701 6.745916
v 0.451261 0.814247 6.753385
v 0.455725 0.804037 6.764201
v 0.465542 0.799808 6.775466
v 0.478081 0.802692 6.784161
v 0.489983 0.811917 6.787956
v 0.498058 0.825010 6.785835
v 0.429998 0.899727 6.858751
v 0.426154 0.909397 6.847224
v 0.416715 0.913297 6.835526
v 0.404211 0.910382 6.826791
v 0.391992 0.901434 6.823359
v 0.383332 0.888849 6.826150
v 0.380552 0.876001 6.834417
v 0.384397 0.866331 6.845944
v 0.393835 0.862431 6.857643
v 0.406339 0.865346 6.866378
v 0.418558 0.874294 6.869810
v 0.427218 0.886879 6.867018
v 0.358534 0.971229 6.936754
v 0.355255 0.980335 6.924609
v 0.346162 0.983890 6.912534
v 0.333690 0.980943 6.903763
v 0.321181 0.972284 6.900648
v 0.311988 0.960232 6.904022
v 0.308573 0.948017 6.912982
v 0.311852 0.938912 6.925128
v 0.320945 0.935356 6.937203
v 0.333417 0.938303 6.945973
v 0.345926 0.946962 6.949089
v 0.355119 0.959014 6.945714
v 0.285750 1.052980 7.012371
v 0.282981 1.061513 6.999696
v 0.274199 1.064720 6.987297
v 0.261756 1.061741 6.978496
v 0.248986 1.053374 6.975652
v 0.239312 1.041861 6.979527
v 0.235324 1.030288 6.989082
v 0.238093 1.021754 7.001758
v 0.246875 1.018548 7.014157
v 0.259318 1.021527 7.022958
v 0.272088 1.029894 7.025802
v 0.281762 1.041406 7.021927
v 0.211645 1.144985 7.085600
v 0.209333 1.152953 7.072473
v 0.200829 1.155815 7.059798
v 0.188412 1.152804 7.050972
v 0.175409 1.144726 7.048359
v 0.165304 1.133747 7.052660
v 0.160805 1.122807 7.062722
v 0.163117 1.114839 7.075849
v 0.171621 1.111977 7.088523
v 0.184039 1.114988 7.097349
v 0.197042 1.123066 7.099962
v 0.207146 1.134045 7.095662
v 0.136223 1.247249 7.156435
v 0.134316 1.254668 7.142927
v 0.126059 1.257196 7.130020
v 0.113665 1.254153 7.121172
v 0.100455 1.246356 7.118754
v 0.089968 1.235894 7.123415
v 0.085014 1.225570 7.133904
v 0.086921 1.218150 7.147412
v 0.095178 1.215623 7.160319
v 0.107572 1.218665 7.169167
v 0.120782 1.226462 7.171585
v 0.131269 1.236924 7.166924
v 0.059487 1.359772 7.224872
v 0.057942 1.366660 7.211040
v 0.049907 1.368863 7.197935
v 0.037533 1.365791 7.189069
v 0.024137 1.358266 7.186817
v 0.013308 1.348305 7.191782
v 0.007947 1.338576 7.202635
v 0.009491 1.331688 7.216467
v 0.017527 1.329484 7.229571
v 0.029900 1.332557 7.238438
v 0.043296 1.340082 7.240690
v 0.054126 1.350043 7.235724
v 1.574094 1.247767 5.125965
v 1.586123 1.256325 5.121147
v 1.596907 1.259547 5.110447
v 1.603556 1.256569 5.096734
v 1.604289 1.248190 5.083680
v 1.598910 1.236654 5.074784
v 1.588859 1.225052 5.072430
v 1.576830 1.216494 5.077248
v 1.566046 1.213272 5.087947
v 1.559396 1.216250 5.101661
v 1.558663 1.224630 5.114715
v 1.564043 1.236166 5.123611
v 1.680343 1.145426 5.199505
v 1.691978 1.154362 5.194415
v 1.702522 1.157815 5.183549
v 1.709149 1.154858 5.169820
v 1.710084 1.146285 5.156906
v 1.705075 1.134392 5.148266
v 1.695466 1.122367 5.146217
v 1.683830 1.113431 5.151308
v 1.673286 1.109978 5.162173
v 1.666659 1.112935 5.175903
v 1.665725 1.121508 5.188817
v 1.670733 1.133400 5.197456
v 1.786344 1.053342 5.270292
v 1.797527 1.062670 5.264900
v 1.807796 1.066361 5.253851
v 1.814397 1.063427 5.240104
v 1.815563 1.054654 5.227344
v 1.810981 1.042392 5.218989
v 1.801878 1.029927 5.217278
v 1.790694 1.020599 5.222671
v 1.780426 1.016908 5.233720
v 1.773825 1.019842 5.247466
v 1.772659 1.028615 5.260226
v 1.777241 1.040877 5.268581
v 1.892093 0.971513 5.338324
v 1.902758 0.981241 5.332599
v 1.912709 0.985177 5.321346
v 1.919281 0.982265 5.307580
v 1.920713 0.973287 5.294991
v 1.916620 0.960648 5.286951
v 1.908099 0.947734 5.285614
v 1.897434 0.938006 5.291339
v 1.887482 0.934070 5.302592
v 1.880910 0.936982 5.316358
v 1.879479 0.945960 5.328947
v 1.883572 0.958599 5.336987
v 1.997585 0.899936 5.403600
v 2.007656 0.910066 5.397508
v 2.017246 0.914247 5.386031
v 2.023784 0.911358 5.372245
v 2.025519 0.902174 5.359843
v 2.021986 0.889156 5.352149
v 2.014132 0.875791 5.351224
v 2.004061 0.865662 5.357317
v 1.994472 0.861481 5.368794
v 1.987934 0.864370 5.382580
v 1.986199 0.873554 5.394982
v 1.989731 0.886572 5.402676
v 2.102818 0.838608 5.466121
v 2.112212 0.849131 5.459626
v 2.121388 0.853552 5.447904
v 2.127887 0.850685 5.434094
v 2.129970 0.841300 5.421899
v 2.127076 0.827911 5.414584
v 2.119982 0.814104 5.414111
v 2.110589 0.803581 5.420606
v 2.101413 0.799160 5.432328
v 2.094913 0.802027 5.446137
v 2.092831 0.811412 5.458333
v 2.095725 0.824802 5.465647
v 2.207789 0.787520 5.525885
v 2.216414 0.798416 5.518953
v 2.225122 0.803064 5.506965
v 2.231578 0.800218 5.493131
v 2.234053 0.790643 5.481159
v 2.231884 0.776902 5.474256
v 2.225651 0.762678 5.474273
v 2.217026 0.751783 5.481204
v 2.208318 0.747135 5.493193
v 2.201862 0.749980 5.507027
v 2.199387 0.759556 5.518999
v 2.201556 0.773297 5.525902
v 2.312495 0.746667 5.582894
v 2.320258 0.757897 5.575494
v 2.328440 0.762749 5.563219
v 2.334847 0.759923 5.549359
v 2.337763 0.750176 5.537626
v 2.336407 0.736120 5.531166
v 2.331141 0.721521 5.531709
v 2.323378 0.710291 5.539109
v 2.315196 0.705439 5.551384
v 2.308789 0.708265 5.565245
v 2.305873 0.718012 5.576977
v 2.307229 0.732068 5.583437
v 2.416936 0.716040 5.637152
v 2.423745 0.727549 5.629255
v 2.431344 0.732571 5.616678
v 2.437697 0.729760 5.602789
v 2.441102 0.719871 5.591311
v 2.440646 0.705552 5.585318
v 2.436452 0.690640 5.586417
v 2.429644 0.679131 5.594313
v 2.422045 0.674109 5.606891
v 2.415692 0.676920 5.620780
v 2.412287 0.686809 5.632258
v 2.412743 0.701128 5.638250
v 2.521117 0.695630 5.688660
v 2.526885 0.707341 5.680249
v 2.533848 0.712487 5.667358
v 2.540142 0.709688 5.653440
v 2.544080 0.699694 5.642225
v 2.544607 0.685184 5.636718
v 2.541581 0.670045 5.638394
v 2.535814 0.658334 5.646804
v 2.528850 0.653188 5.659696
v 2.522556 0.655987 5.673614
v 2.518619 0.665980 5.684829
v 2.518092 0.680490 5.690336
v 2.625044 0.685427 5.737424
v 2.629698 0.697247 5.728492
v 2.635982 0.702459 5.715282
v 2.642213 0.699666 5.701334
v 2.646720 0.689617 5.690387
v 2.648297 0.675005 5.685372
v 2.646521 0.659745 5.687634
v 2.641867 0.647925 5.696567
v 2.635582 0.642713 5.709776
v 2.629352 0.645506 5.723724
v 2.624844 0.655555 5.734672
v 2.623267 0.670167 5.739686
v 2.728726 0.685427 5.783452
v 2.732216 0.697246 5.774003
v 2.737790 0.702457 5.760478
v 2.743955 0.699665 5.746501
v 2.749058 0.689616 5.735817
v 2.751733 0.675004 5.731289
v 2.751262 0.659745 5.734131
v 2.747771 0.647926 5.743580
v 2.742197 0.642714 5.757105
v 2.736032 0.645507 5.771081
v 2.730929 0.655556 5.781765
v 2.728255 0.670167 5.786293
v 2.832175 0.695625 5.826748
v 2.834479 0.707327 5.816803
v 2.839330 0.712467 5.802975
v 2.845428 0.709667 5.788970
v 2.851138 0.699679 5.778540
v 2.854931 0.685178 5.774480
v 2.855791 0.670049 5.777879
v 2.853487 0.658348 5.787824
v 2.848637 0.653208 5.801652
v 2.842539 0.656007 5.815657
v 2.836829 0.665996 5.826087
v 2.833035 0.680497 5.830146
v 2.935407 0.716022 5.867319
v 2.936532 0.727491 5.856910
v 2.940664 0.732489 5.842800
v 2.946694 0.729677 5.828768
v 2.953008 0.719807 5.818576
v 2.957913 0.705525 5.814953
v 2.960095 0.690658 5.818871
v 2.958970 0.679188 5.829280
v 2.954839 0.674191 5.843390
v 2.948808 0.677003 5.857422
v 2.942494 0.686873 5.867614
v 2.937589 0.701154 5.871237
v 3.038434 0.746622 5.905169
v 3.038418 0.757753 5.894341
v 3.041853 0.762545 5.879975
v 3.047819 0.759713 5.865920
v 3.054717 0.750017 5.855942
v 3.060698 0.736054 5.852715
v 3.064161 0.721566 5.857104
v 3.064177 0.710435 5.867932
v 3.060741 0.705643 5.882298
v 3.054776 0.708475 5.896354
v 3.047878 0.718171 5.906331
v 3.041897 0.732134 5.909558
v 3.141268 0.787433 5.940303
v 3.140173 0.798137 5.929106
v 3.142951 0.802669 5.914515
v 3.148855 0.799813 5.900438
v 3.156305 0.790335 5.890649
v 3.163304 0.776774 5.887770
v 3.167976 0.762765 5.892573
v 3.169071 0.752061 5.903770
v 3.166294 0.747530 5.918362
v 3.160389 0.750386 5.932437
v 3.152940 0.759864 5.942226
v 3.145941 0.773424 5.945106
v 3.243917 0.838465 5.972721
v 3.241825 0.848675 5.961208
v 3.243993 0.852904 5.946424
v 3.249841 0.850020 5.932330
v 3.257801 0.840795 5.922703
v 3.265741 0.827701 5.920121
v 3.271533 0.814247 5.925278
v 3.273625 0.804037 5.936790
v 3.271457 0.799808 5.951574
v 3.265609 0.802692 5.965668
v 3.257649 0.811917 5.975296
v 3.249709 0.825010 5.977877
v 3.346386 0.899727 6.002422
v 3.343388 0.909397 5.990646
v 3.345004 0.913297 5.975702
v 3.350801 0.910382 5.961593
v 3.359224 0.901434 5.952100
v 3.368019 0.888849 5.949767
v 3.374827 0.876001 5.955218
v 3.377825 0.866331 5.966994
v 3.376209 0.862431 5.981938
v 3.370413 0.865346 5.996047
v 3.361989 0.874294 6.005540
v 3.353194 0.886879 6.007873
v 3.448677 0.971229 6.029405
v 3.444869 0.980335 6.017416
v 3.445991 0.983890 6.002341
v 3.451741 0.980943 5.988220
v 3.460580 0.972284 5.978837
v 3.470138 0.960232 5.976705
v 3.477855 0.948017 5.982397
v 3.481663 0.938912 5.994386
v 3.480541 0.935356 6.009461
v 3.474791 0.938303 6.023582
v 3.465953 0.946962 6.032966
v 3.456394 0.959014 6.035097
v 3.550789 1.052980 6.053668
v 3.546265 1.061513 6.041508
v 3.546950 1.064720 6.026329
v 3.552660 1.061741 6.012198
v 3.561864 1.053374 6.002903
v 3.572098 1.041861 6.000932
v 3.580619 1.030288 6.006814
v 3.585143 1.021754 6.018975
v 3.584458 1.018548 6.034154
v 3.578748 1.021527 6.048285
v 3.569543 1.029894 6.057580
v 3.559309 1.041406 6.059551
v 3.652720 1.144985 6.075208
v 3.647568 1.152953 6.062915
v 3.647870 1.155815 6.047655
v 3.653544 1.152804 6.033517
v 3.663070 1.144726 6.024289
v 3.673896 1.133747 6.022443
v 3.683121 1.122807 6.028476
v 3.688272 1.114839 6.040769
v 3.687971 1.111977 6.056029
v 3.682296 1.114988 6.070167
v 3.672770 1.123066 6.079395
v 3.661944 1.134045 6.081241
v 3.754466 1.247249 6.094022
v 3.748767 1.254668 6.081628
v 3.748735 1.257196 6.066306
v 3.754378 1.254153 6.052162
v 3.764184 1.246356 6.042985
v 3.775526 1.235894 6.041236
v 3.785364 1.225570 6.047382
v 3.791063 1.218150 6.059777
v 3.791095 1.215623 6.075099
v 3.785452 1.218665 6.089243
v 3.775645 1.226462 6.098419
v 3.764304 1.236924 6.100168
v 3.856020 1.359772 6.110107
v 3.849841 1.366660 6.097637
v 3.849516 1.368863 6.082268
v 3.855132 1.365791 6.068120
v 3.865184 1.358266 6.058983
v 3.876979 1.348305 6.057305
v 3.887356 1.338576 6.063537
v 3.893535 1.331688 6.076008
v 3.893860 1.329484 6.091376
v 3.888244 1.332557 6.105525
v 3.878192 1.340082 6.114662
v 3.866397 1.350043 6.116339
v 3.974183 1.360365 3.443649
v 3.973504 1.368558 3.443061
v 3.968196 1.371556 3.438461
v 3.959682 1.368558 3.431084
v 3.950243 1.360365 3.422904
v 3.942407 1.349174 3.416115
v 3.938275 1.337983 3.412535
v 3.938954 1.329791 3.413123
v 3.944262 1.326793 3.417722
v 3.952776 1.329791 3.425100
v 3.962216 1.337983 3.433279
v 3.970051 1.349174 3.440068
v 4.008841 1.247767 3.561248
v 3.999461 1.256325 3.570188
v 3.985248 1.259547 3.575553
v 3.970011 1.256569 3.575904
v 3.957833 1.248190 3.571149
v 3.951976 1.236654 3.562560
v 3.954010 1.225052 3.552439
v 3.963389 1.216494 3.543499
v 3.977602 1.213272 3.538134
v 3.992839 1.216250 3.537782
v 4.005017 1.224630 3.542538
v 4.010874 1.236166 3.551127
v 4.031598 1.145426 3.688445
v 4.022134 1.154362 3.696914
v 4.007870 1.157815 3.701992
v 3.992628 1.154858 3.702317
v 3.980493 1.146285 3.697802
v 3.974715 1.134392 3.689657
v 3.976843 1.122367 3.680065
v 3.986307 1.113431 3.671595
v 4.000571 1.109978 3.666518
v 4.015812 1.112935 3.666193
v 4.027948 1.121508 3.670708
v 4.033726 1.133400 3.678853
v 4.051953 1.053342 3.814273
v 4.042403 1.062670 3.822206
v 4.028086 1.066361 3.826956
v 4.012840 1.063427 3.827250
v 4.000748 1.054654 3.823010
v 3.995052 1.042392 3.815371
v 3.997277 1.029927 3.806381
v 4.006828 1.020599 3.798447
v 4.021144 1.016908 3.793697
v 4.036391 1.019842 3.793403
v 4.048482 1.028615 3.797643
v 4.054178 1.040877 3.805282
v 4.069908 0.971513 3.938727
v 4.060269 0.981241 3.946049
v 4.045899 0.985177 3.950428
v 4.030648 0.982265 3.950687
v 4.018601 0.973287 3.946759
v 4.012988 0.960648 3.939696
v 4.015312 0.947734 3.931390
v 4.024950 0.938006 3.924067
v 4.039320 0.934070 3.919689
v 4.054572 0.936982 3.919429
v 4.066618 0.945960 3.923357
v 4.072231 0.958599 3.930421
v 4.085462 0.899936 4.061803
v 4.075737 0.910066 4.068433
v 4.061313 0.914247 4.072388
v 4.046056 0.911358 4.072608
v 4.034055 0.902174 4.069035
v 4.028523 0.889156 4.062625
v 4.030945 0.875791 4.055097
v 4.040671 0.865662 4.048467
v 4.055094 0.861481 4.044512
v 4.070351 0.864370 4.044291
v 4.082353 0.873554 4.047865
v 4.087883 0.886572 4.054275
v 4.098617 0.838608 4.183498
v 4.088807 0.849131 4.189345
v 4.074332 0.853552 4.192822
v 4.059071 0.850685 4.192998
v 4.047112 0.841300 4.189825
v 4.041661 0.827911 4.184155
v 4.044177 0.814104 4.177505
v 4.053987 0.803581 4.171659
v 4.068462 0.799160 4.168181
v 4.083723 0.802027 4.168006
v 4.095682 0.811412 4.171178
v 4.101133 0.824802 4.176849
v 4.109374 0.787520 4.303810
v 4.099486 0.798416 4.308776
v 4.084963 0.803064 4.311716
v 4.069697 0.800218 4.311842
v 4.057779 0.790643 4.309120
v 4.052402 0.776902 4.304279
v 4.055006 0.762678 4.298617
v 4.064894 0.751783 4.293651
v 4.079417 0.747135 4.290710
v 4.094682 0.749980 4.290585
v 4.106601 0.759556 4.293306
v 4.111979 0.773297 4.298147
v 4.117735 0.746667 4.422736
v 4.107779 0.757897 4.426724
v 4.093215 0.762749 4.429067
v 4.077945 0.759923 4.429137
v 4.066061 0.750176 4.426916
v 4.060749 0.736120 4.422998
v 4.063429 0.721521 4.418435
v 4.073386 0.710291 4.414447
v 4.087951 0.705439 4.412104
v 4.103220 0.708265 4.412033
v 4.115104 0.718012 4.414254
v 4.120417 0.732068 4.418172
v 4.123703 0.716040 4.540279
v 4.113692 0.727549 4.543192
v 4.099094 0.732571 4.544879
v 4.083822 0.729760 4.544888
v 4.071966 0.719871 4.543218
v 4.066704 0.705552 4.540314
v 4.069446 0.690640 4.536955
v 4.079457 0.679131 4.534042
v 4.094054 0.674109 4.532355
v 4.109327 0.676920 4.532346
v 4.121183 0.686809 4.534017
v 4.126445 0.701128 4.536921
v 4.127278 0.695630 4.656442
v 4.117232 0.707341 4.658195
v 4.102613 0.712487 4.659173
v 4.087338 0.709688 4.659117
v 4.075500 0.699694 4.658040
v 4.070272 0.685184 4.656231
v 4.073054 0.670045 4.654176
v 4.083100 0.658334 4.652423
v 4.097719 0.653188 4.651444
v 4.112994 0.655987 4.651501
v 4.124831 0.665980 4.652578
v 4.130060 0.680490 4.654387
v 4.128464 0.685427 4.771235
v 4.118405 0.697247 4.771757
v 4.103778 0.702459 4.771986
v 4.088503 0.699666 4.771860
v 4.076672 0.689617 4.771412
v 4.071455 0.675005 4.770763
v 4.074250 0.659745 4.770087
v 4.084309 0.647925 4.769565
v 4.098936 0.642713 4.769336
v 4.114211 0.645506 4.769462
v 4.126042 0.655555 4.769909
v 4.131259 0.670167 4.770558
v 4.127261 0.685427 4.884667
v 4.117215 0.697246 4.883917
v 4.102597 0.702457 4.883369
v 4.087322 0.699665 4.883171
v 4.075484 0.689616 4.883375
v 4.070255 0.675004 4.883926
v 4.073035 0.659745 4.884678
v 4.083080 0.647926 4.885428
v 4.097698 0.642714 4.885976
v 4.112973 0.645507 4.886175
v 4.124811 0.655556 4.885971
v 4.130041 0.670167 4.885419
v 4.123669 0.695625 4.996755
v 4.113666 0.707327 4.994719
v 4.099072 0.712467 4.993387
v 4.083800 0.709667 4.993115
v 4.071941 0.699679 4.993977
v 4.066672 0.685178 4.995741
v 4.069406 0.670049 4.997935
v 4.079410 0.658348 4.999971
v 4.094003 0.653208 5.001303
v 4.109275 0.656007 5.001575
v 4.121135 0.665996 5.000712
v 4.126403 0.680497 4.998949
v 4.117690 0.716022 5.107512
v 4.107754 0.727491 5.104211
v 4.093203 0.732489 5.102107
v 4.077934 0.729677 5.101764
v 4.066040 0.719807 5.103273
v 4.060708 0.705525 5.106230
v 4.063365 0.690658 5.109842
v 4.073300 0.679188 5.113143
v 4.087852 0.674191 5.115246
v 4.103121 0.677003 5.115590
v 4.115015 0.686873 5.114080
v 4.120347 0.701154 5.111124
v 4.109322 0.746622 5.216951
v 4.099478 0.757753 5.212439
v 4.084983 0.762545 5.209596
v 4.069720 0.759713 5.209184
v 4.057778 0.750017 5.211313
v 4.052358 0.736054 5.215414
v 4.054912 0.721566 5.220387
v 4.064755 0.710435 5.224899
v 4.079250 0.705643 5.227742
v 4.094513 0.708475 5.228154
v 4.106455 0.718171 5.226025
v 4.111875 0.732134 5.221924
v 4.098561 0.787433 5.325088
v 4.088830 0.798137 5.319440
v 4.074404 0.802669 5.315905
v 4.059147 0.799813 5.315429
v 4.047148 0.790335 5.318139
v 4.041622 0.776774 5.323309
v 4.044049 0.762765 5.329555
v 4.053780 0.752061 5.335202
v 4.068206 0.747530 5.338737
v 4.083463 0.750386 5.339213
v 4.095462 0.759864 5.336504
v 4.100988 0.773424 5.331333
v 4.085407 0.838465 5.431927
v 4.075804 0.848675 5.425241
v 4.061456 0.852904 5.421072
v 4.046206 0.850020 5.420537
v 4.034142 0.840795 5.423779
v 4.028495 0.827701 5.429929
v 4.030780 0.814247 5.437339
v 4.040382 0.804037 5.444025
v 4.054731 0.799808 5.448194
v 4.069981 0.802692 5.448730
v 4.082046 0.811917 5.445488
v 4.087692 0.825010 5.439338
v 4.069858 0.899727 5.537475
v 4.060391 0.909397 5.529856
v 4.046126 0.913297 5.525118
v 4.030885 0.910382 5.524529
v 4.018750 0.901434 5.528248
v 4.012974 0.888849 5.535278
v 4.015105 0.876001 5.543736
v 4.024571 0.866331 5.551355
v 4.038836 0.862431 5.556093
v 4.054078 0.865346 5.556682
v 4.066212 0.874294 5.552962
v 4.071988 0.886879 5.545932
v 4.051909 0.971229 5.641731
v 4.042585 0.980335 5.633286
v 4.028407 0.983890 5.628045
v 4.013173 0.980943 5.627409
v 4.000966 0.972284 5.631551
v 3.995056 0.960232 5.639360
v 3.997028 0.948017 5.648744
v 4.006352 0.938912 5.657188
v 4.020531 0.935356 5.662431
v 4.035764 0.938303 5.663066
v 4.047971 0.946962 5.658924
v 4.053881 0.959014 5.651115
v 4.031561 1.052980 5.744695
v 4.022379 1.061513 5.735528
v 4.008287 1.064720 5.729846
v 3.993062 1.061741 5.729169
v 3.980782 1.053374 5.733680
v 3.974738 1.041861 5.742171
v 3.976550 1.030288 5.752365
v 3.985732 1.021754 5.761532
v 3.999823 1.018548 5.767214
v 4.015049 1.021527 5.767891
v 4.027329 1.029894 5.763379
v 4.033373 1.041406 5.754889
v 4.008811 1.144985 5.846362
v 3.999769 1.152953 5.836570
v 3.985762 1.155815 5.830504
v 3.970545 1.152804 5.829793
v 3.958193 1.144726 5.834625
v 3.952017 1.133747 5.843706
v 3.953672 1.122807 5.854602
v 3.962715 1.114839 5.864395
v 3.976721 1.111977 5.870460
v 3.991939 1.114988 5.871172
v 4.004290 1.123066 5.866340
v 4.010466 1.134045 5.857259
v 3.983658 1.247249 5.946729
v 3.974751 1.254668 5.936397
v 3.960827 1.257196 5.930002
v 3.945617 1.254153 5.929260
v 3.933196 1.246356 5.934368
v 3.926893 1.235894 5.943958
v 3.928397 1.225570 5.955461
v 3.937304 1.218150 5.965793
v 3.951228 1.215623 5.972187
v 3.966438 1.218665 5.972929
v 3.978859 1.226462 5.967821
v 3.985162 1.236924 5.958231
v 3.956103 1.359772 6.045788
v 3.947325 1.366660 6.034987
v 3.933481 1.368863 6.028307
v 3.918278 1.365791 6.027538
v 3.905791 1.358266 6.032886
v 3.899365 1.348305 6.042918
v 3.900723 1.338576 6.054946
v 3.909500 1.331688 6.065747
v 3.923345 1.329484 6.072427
v 3.938548 1.332557 6.073196
v 3.951035 1.340082 6.067848
v 3.957460 1.350043 6.057817
v 4.095517 1.247767 3.461217
v 4.103032 1.256325 3.450661
v 4.106319 1.259547 3.435830
v 4.104499 1.256569 3.420698
v 4.098058 1.248190 3.409320
v 4.088723 1.236654 3.404745
v 4.078995 1.225052 3.408198
v 4.071480 1.216494 3.418755
v 4.068192 1.213272 3.433586
v 4.070013 1.216250 3.448718
v 4.076454 1.224630 3.460096
v 4.085789 1.236166 3.464671
v 4.224658 1.145426 3.465641
v 4.231695 1.154362 3.455068
v 4.234691 1.157815 3.440227
v 4.232843 1.154858 3.425094
v 4.226647 1.146285 3.413724
v 4.217763 1.134392 3.409165
v 4.208571 1.122367 3.412636
v 4.201535 1.113431 3.423209
v 4.198539 1.109978 3.438050
v 4.200387 1.112935 3.453183
v 4.206583 1.121508 3.464553
v 4.215466 1.133400 3.469112
v 4.352102 1.053342 3.467882
v 4.358595 1.062670 3.457300
v 4.361260 1.066361 3.442453
v 4.359382 1.063427 3.427320
v 4.353464 1.054654 3.415955
v 4.345092 1.042392 3.411404
v 4.336509 1.029927 3.414886
v 4.330016 1.020599 3.425468
v 4.327352 1.016908 3.440315
v 4.329230 1.019842 3.455448
v 4.335148 1.028615 3.466813
v 4.343520 1.040877 3.471364
v 4.477845 0.971513 3.467942
v 4.483721 0.981241 3.457360
v 4.486010 0.985177 3.442513
v 4.484096 0.982265 3.427380
v 4.478494 0.973287 3.416015
v 4.470704 0.960648 3.411464
v 4.462813 0.947734 3.414946
v 4.456936 0.938006 3.425528
v 4.454648 0.934070 3.440375
v 4.456561 0.936982 3.455508
v 4.462164 0.945960 3.466873
v 4.469954 0.958599 3.471424
v 4.601882 0.899936 3.465822
v 4.607060 0.910066 3.455252
v 4.608922 0.914247 3.440413
v 4.606969 0.911358 3.425280
v 4.601724 0.902174 3.413909
v 4.594593 0.889156 3.409347
v 4.587485 0.875791 3.412815
v 4.582307 0.865662 3.423385
v 4.580445 0.861481 3.438225
v 4.582398 0.864370 3.453357
v 4.587643 0.873554 3.464728
v 4.594775 0.886572 3.469291
v 4.724211 0.838608 3.461524
v 4.728601 0.849131 3.450982
v 4.729983 0.853552 3.436160
v 4.727985 0.850685 3.421029
v 4.723144 0.841300 3.409644
v 4.716754 0.827911 3.405055
v 4.710531 0.814104 3.408492
v 4.706140 0.803581 3.419034
v 4.704758 0.799160 3.433856
v 4.706756 0.802027 3.448987
v 4.711598 0.811412 3.460372
v 4.717987 0.824802 3.464962
v 4.844828 0.787520 3.455050
v 4.848337 0.798416 3.444556
v 4.849181 0.803064 3.429762
v 4.847133 0.800218 3.414634
v 4.842742 0.790643 3.403224
v 4.837185 0.776902 3.398591
v 4.831952 0.762678 3.401974
v 4.828443 0.751783 3.412468
v 4.827599 0.747135 3.427262
v 4.829647 0.749980 3.442390
v 4.834037 0.759556 3.453800
v 4.839594 0.773297 3.458434
v 4.963734 0.746667 3.446401
v 4.966264 0.757897 3.435978
v 4.966511 0.762749 3.421229
v 4.964407 0.759923 3.406105
v 4.960518 0.750176 3.394658
v 4.955884 0.736120 3.389957
v 4.951748 0.721521 3.393260
v 4.949217 0.710291 3.403683
v 4.948971 0.705439 3.418432
v 4.951075 0.708265 3.433557
v 4.954964 0.718012 3.445003
v 4.959598 0.732068 3.449705
v 5.080930 0.716040 3.435580
v 5.082388 0.727549 3.425256
v 5.081981 0.732571 3.410567
v 5.079817 0.729760 3.395449
v 5.076476 0.719871 3.383951
v 5.072853 0.705552 3.379156
v 5.069919 0.690640 3.382348
v 5.068460 0.679131 3.392672
v 5.068867 0.674109 3.407361
v 5.071032 0.676920 3.422479
v 5.074373 0.686809 3.433977
v 5.077996 0.701128 3.438772
v 5.196420 0.695630 3.422587
v 5.196724 0.707341 3.412394
v 5.195613 0.712487 3.397784
v 5.193383 0.709688 3.382673
v 5.190632 0.699694 3.371109
v 5.188098 0.685184 3.366191
v 5.186459 0.670045 3.369237
v 5.186154 0.658334 3.379430
v 5.187266 0.653188 3.394040
v 5.189496 0.655987 3.409151
v 5.192246 0.665980 3.420715
v 5.194781 0.680490 3.425633
v 5.310213 0.685427 3.407423
v 5.309298 0.697247 3.397393
v 5.307443 0.702459 3.382883
v 5.305144 0.699666 3.367781
v 5.303017 0.689617 3.356133
v 5.301632 0.675005 3.351062
v 5.301361 0.659745 3.353926
v 5.302275 0.647925 3.363956
v 5.304131 0.642713 3.378467
v 5.306429 0.645506 3.393569
v 5.308556 0.655555 3.405216
v 5.309941 0.670167 3.410287
v 5.422319 0.685427 3.390090
v 5.420147 0.697246 3.380253
v 5.417524 0.702457 3.365862
v 5.415154 0.699665 3.350771
v 5.413671 0.689616 3.339024
v 5.413473 0.675004 3.333769
v 5.414613 0.659745 3.336414
v 5.416785 0.647926 3.346250
v 5.419408 0.642714 3.360642
v 5.421778 0.645507 3.375733
v 5.423261 0.655556 3.387480
v 5.423459 0.670167 3.392734
v 5.532754 0.695625 3.370583
v 5.529316 0.707327 3.360971
v 5.525920 0.712467 3.346716
v 5.523478 0.709667 3.331638
v 5.522644 0.699679 3.319776
v 5.523640 0.685178 3.314311
v 5.526200 0.670049 3.316704
v 5.529639 0.658348 3.326317
v 5.533034 0.653208 3.340572
v 5.535477 0.656007 3.355650
v 5.536312 0.665996 3.367511
v 5.535315 0.680497 3.372977
v 5.641533 0.716022 3.348902
v 5.636852 0.727491 3.339538
v 5.632699 0.732489 3.325433
v 5.630186 0.729677 3.310369
v 5.629987 0.719807 3.298381
v 5.632155 0.705525 3.292682
v 5.636109 0.690658 3.294798
v 5.640790 0.679188 3.304163
v 5.644943 0.674191 3.318267
v 5.647456 0.677003 3.333332
v 5.647655 0.686873 3.345319
v 5.645487 0.701154 3.351019
v 5.748668 0.746622 3.325044
v 5.742801 0.757753 3.315943
v 5.737924 0.762545 3.302000
v 5.735343 0.759713 3.286951
v 5.735752 0.750017 3.274828
v 5.739039 0.736054 3.268879
v 5.744325 0.721566 3.270700
v 5.750192 0.710435 3.279800
v 5.755070 0.705643 3.293743
v 5.757649 0.708475 3.308792
v 5.757241 0.718171 3.320915
v 5.753954 0.732134 3.326864
v 5.854172 0.787433 3.299004
v 5.847198 0.798137 3.290176
v 5.841645 0.802669 3.276400
v 5.839003 0.799813 3.261366
v 5.839977 0.790335 3.249103
v 5.844309 0.776774 3.242897
v 5.850836 0.762765 3.244411
v 5.857810 0.752061 3.253239
v 5.863363 0.747530 3.267015
v 5.866006 0.750386 3.282049
v 5.865031 0.759864 3.294312
v 5.860700 0.773424 3.300518
v 5.958053 0.838465 3.270779
v 5.950068 0.848675 3.262225
v 5.943899 0.852904 3.248616
v 5.941199 0.850020 3.233598
v 5.942691 0.840795 3.221195
v 5.947975 0.827701 3.214731
v 5.955635 0.814247 3.215937
v 5.963619 0.804037 3.224491
v 5.969788 0.799808 3.238100
v 5.972488 0.802692 3.253119
v 5.970996 0.811917 3.265521
v 5.965713 0.825010 3.271986
v 6.060312 0.899727 3.240366
v 6.051424 0.909397 3.232081
v 6.044704 0.913297 3.218636
v 6.041952 0.910382 3.203633
v 6.043907 0.901434 3.191092
v 6.050044 0.888849 3.184375
v 6.058718 0.876001 3.185280
v 6.067606 0.866331 3.193565
v 6.074327 0.862431 3.207011
v 6.077078 0.865346 3.222014
v 6.075124 0.874294 3.234554
v 6.068987 0.886879 3.241271
v 6.160954 0.971229 3.207764
v 6.151268 0.980335 3.199736
v 6.144061 0.983890 3.186448
v 6.141264 0.980943 3.171460
v 6.143627 0.972284 3.158787
v 6.150516 0.960232 3.151827
v 6.160085 0.948017 3.152442
v 6.169770 0.938912 3.160470
v 6.176977 0.935356 3.173759
v 6.179774 0.938303 3.188746
v 6.177411 0.946962 3.201419
v 6.170523 0.959014 3.208380
v 6.259974 1.052980 3.172969
v 6.249593 1.061513 3.165185
v 6.241962 1.064720 3.152046
v 6.239126 1.061741 3.137071
v 6.241844 1.053374 3.124274
v 6.249388 1.041861 3.117084
v 6.259737 1.030288 3.117426
v 6.270117 1.021754 3.125210
v 6.277747 1.018548 3.138350
v 6.280583 1.021527 3.153324
v 6.277865 1.029894 3.166121
v 6.270322 1.041406 3.173312
v 6.357368 1.144985 3.135982
v 6.346388 1.152953 3.128425
v 6.338392 1.155815 3.115425
v 6.335522 1.152804 3.100463
v 6.338547 1.144726 3.087550
v 6.346656 1.133747 3.080144
v 6.357677 1.122807 3.080232
v 6.368657 1.114839 3.087788
v 6.376654 1.111977 3.100789
v 6.379524 1.114988 3.115751
v 6.376499 1.123066 3.128664
v 6.368390 1.134045 3.136069
v 6.453134 1.247249 3.096801
v 6.441639 1.254668 3.089455
v 6.433328 1.257196 3.076583
v 6.430429 1.254153 3.061633
v 6.433717 1.246356 3.048612
v 6.442312 1.235894 3.041009
v 6.453912 1.225570 3.040860
v 6.465406 1.218150 3.048206
v 6.473718 1.215623 3.061079
v 6.476617 1.218665 3.076028
v 6.473329 1.226462 3.089049
v 6.464733 1.236924 3.096653
v 6.547263 1.359772 3.055429
v 6.535323 1.366660 3.048278
v 6.526741 1.368863 3.035525
v 6.523816 1.365791 3.020586
v 6.527332 1.358266 3.007465
v 6.536347 1.348305 2.999677
v 6.548447 1.338576 2.999310
v 6.560387 1.331688 3.006460
v 6.568969 1.329484 3.019213
v 6.571894 1.332557 3.034152
v 6.568377 1.340082 3.047273
v 6.559362 1.350043 3.055061
v 5.205072 1.360365 0.748374
v 5.204184 1.368558 0.748247
v 5.197232 1.371556 0.747247
v 5.186080 1.368558 0.745644
v 5.173717 1.360365 0.743866
v 5.163455 1.349174 0.742391
v 5.158044 1.337983 0.741613
v 5.158933 1.329791 0.741741
v 5.165884 1.326793 0.742740
v 5.177036 1.329791 0.744343
v 5.189399 1.337983 0.746121
v 5.199661 1.349174 0.747596
v 5.297807 1.247767 0.828568
v 5.294750 1.256325 0.841160
v 5.285694 1.259547 0.853357
v 5.273066 1.256569 0.861890
v 5.260250 1.248190 0.864474
v 5.250679 1.236654 0.860415
v 5.246918 1.225052 0.850801
v 5.249975 1.216494 0.838209
v 5.259031 1.213272 0.826012
v 5.271659 1.216250 0.817478
v 5.284475 1.224630 0.814895
v 5.294046 1.236166 0.818954
v 5.385720 1.145426 0.923269
v 5.382337 1.154362 0.935511
v 5.373083 1.157815 0.947494
v 5.360436 1.154858 0.956007
v 5.347786 1.146285 0.958770
v 5.338522 1.134392 0.955042
v 5.335126 1.122367 0.945822
v 5.338509 1.113431 0.933581
v 5.347764 1.109978 0.921598
v 5.360410 1.112935 0.913084
v 5.373060 1.121508 0.910321
v 5.382324 1.133400 0.914049
v 5.470871 1.053342 1.018117
v 5.467126 1.062670 1.029954
v 5.457650 1.066361 1.041691
v 5.444983 1.063427 1.050181
v 5.432519 1.054654 1.053151
v 5.423597 1.042392 1.049804
v 5.420609 1.029927 1.041038
v 5.424354 1.020599 1.029201
v 5.433829 1.016908 1.017465
v 5.446496 1.019842 1.008974
v 5.458961 1.028615 1.006004
v 5.467883 1.040877 1.009351
v 5.553261 0.971513 1.113108
v 5.549111 0.981241 1.124479
v 5.539390 0.985177 1.135931
v 5.526700 0.982265 1.144395
v 5.514442 0.973287 1.147603
v 5.505901 0.960648 1.144696
v 5.503365 0.947734 1.136452
v 5.507514 0.938006 1.125081
v 5.517236 0.934070 1.113629
v 5.529926 0.936982 1.105165
v 5.542184 0.945960 1.101957
v 5.550725 0.958599 1.104864
v 5.632886 0.899936 1.208237
v 5.628289 0.910066 1.219072
v 5.618293 0.914247 1.230197
v 5.605578 0.911358 1.238631
v 5.593549 0.902174 1.242114
v 5.585431 0.889156 1.239712
v 5.583398 0.875791 1.232069
v 5.587995 0.865662 1.221234
v 5.597991 0.861481 1.210109
v 5.610706 0.864370 1.201675
v 5.622735 0.873554 1.198192
v 5.630853 0.886572 1.200594
v 5.709746 0.838608 1.303501
v 5.704654 0.849131 1.313723
v 5.694357 0.853552 1.324474
v 5.681613 0.850685 1.332873
v 5.669838 0.841300 1.336669
v 5.662187 0.827911 1.334846
v 5.660708 0.814104 1.327892
v 5.665800 0.803581 1.317670
v 5.676097 0.799160 1.306919
v 5.688841 0.802027 1.298520
v 5.700616 0.811412 1.294724
v 5.708268 0.824802 1.296547
v 5.783841 0.787520 1.398898
v 5.778207 0.798416 1.408422
v 5.767580 0.803064 1.418747
v 5.754806 0.800218 1.427106
v 5.743308 0.790643 1.431260
v 5.736166 0.776902 1.430095
v 5.735296 0.762678 1.423924
v 5.740930 0.751783 1.414399
v 5.751557 0.747135 1.404074
v 5.764331 0.749980 1.395715
v 5.775829 0.759556 1.391562
v 5.782970 0.773297 1.392726
v 5.855171 0.746667 1.494425
v 5.848951 0.757897 1.503162
v 5.837965 0.762749 1.513008
v 5.825158 0.759923 1.521322
v 5.813960 0.750176 1.525878
v 5.807373 0.736120 1.525455
v 5.807160 0.721521 1.520166
v 5.813381 0.710291 1.511428
v 5.824366 0.705439 1.501583
v 5.837174 0.708265 1.493268
v 5.848372 0.718012 1.488712
v 5.854959 0.732068 1.489136
v 5.923740 0.716040 1.590082
v 5.916893 0.727549 1.597944
v 5.905525 0.732571 1.607256
v 5.892682 0.729760 1.615521
v 5.881805 0.719871 1.620525
v 5.875809 0.705552 1.620927
v 5.876299 0.690640 1.616619
v 5.883146 0.679131 1.608756
v 5.894514 0.674109 1.599445
v 5.907357 0.676920 1.591180
v 5.918234 0.686809 1.586176
v 5.924231 0.701128 1.585774
v 5.989551 0.695630 1.685872
v 5.982046 0.707341 1.692777
v 5.970277 0.712487 1.701504
v 5.957397 0.709688 1.709715
v 5.946856 0.699694 1.715209
v 5.941480 0.685184 1.716514
v 5.942708 0.670045 1.713281
v 5.950212 0.658334 1.706375
v 5.961982 0.653188 1.697648
v 5.974862 0.655987 1.689437
v 5.985403 0.665980 1.683944
v 5.990779 0.680490 1.682638
v 6.052609 0.685427 1.781800
v 6.044430 0.697247 1.787678
v 6.032248 0.702459 1.795778
v 6.019330 0.699666 1.803931
v 6.009135 0.689617 1.809950
v 6.004395 0.675005 1.812225
v 6.006382 0.659745 1.810145
v 6.014561 0.647925 1.804267
v 6.026742 0.642713 1.796167
v 6.039661 0.645506 1.788014
v 6.049856 0.655555 1.781994
v 6.054595 0.670167 1.779720
v 6.112923 0.685427 1.877877
v 6.104067 0.697246 1.882676
v 6.091473 0.702457 1.890118
v 6.078516 0.699665 1.898209
v 6.068667 0.689616 1.904781
v 6.064566 0.675004 1.908073
v 6.067312 0.659745 1.907202
v 6.076168 0.647926 1.902403
v 6.088762 0.642714 1.894960
v 6.101719 0.645507 1.886869
v 6.111567 0.655556 1.880297
v 6.115669 0.670167 1.877006
v 6.170501 0.695625 1.974112
v 6.160985 0.707327 1.977808
v 6.147988 0.712467 1.984577
v 6.134994 0.709667 1.992605
v 6.125483 0.699679 1.999742
v 6.122004 0.685178 2.004074
v 6.125490 0.670049 2.004442
v 6.135007 0.658348 2.000746
v 6.148004 0.653208 1.993977
v 6.160998 0.656007 1.985948
v 6.170509 0.665996 1.978812
v 6.173987 0.680497 1.974479
v 6.225350 0.716022 2.070518
v 6.215208 0.727491 2.073114
v 6.201829 0.732489 2.079211
v 6.188799 0.729677 2.087177
v 6.179609 0.719807 2.094877
v 6.176721 0.705525 2.100248
v 6.180910 0.690658 2.101850
v 6.191052 0.679188 2.099255
v 6.204431 0.674191 2.093158
v 6.217462 0.677003 2.085192
v 6.226652 0.686873 2.077492
v 6.229539 0.701154 2.072121
v 6.277478 0.746622 2.167110
v 6.266758 0.757753 2.168636
v 6.253027 0.762545 2.174080
v 6.239964 0.759713 2.181985
v 6.231069 0.750017 2.190233
v 6.228726 0.736054 2.196613
v 6.233563 0.721566 2.199416
v 6.244284 0.710435 2.197890
v 6.258015 0.705643 2.192446
v 6.271078 0.708475 2.184540
v 6.279973 0.718171 2.176293
v 6.282315 0.732134 2.169913
v 6.326889 0.787433 2.263897
v 6.315650 0.798137 2.264408
v 6.301602 0.802669 2.269233
v 6.288510 0.799813 2.277081
v 6.279881 0.790335 2.285848
v 6.278028 0.776774 2.293185
v 6.283446 0.762765 2.297127
v 6.294685 0.752061 2.296617
v 6.308733 0.747530 2.291791
v 6.321825 0.750386 2.283944
v 6.330454 0.759864 2.275177
v 6.332308 0.773424 2.267839
v 6.373585 0.838465 2.360888
v 6.361892 0.848675 2.360456
v 6.347568 0.852904 2.364706
v 6.334449 0.850020 2.372500
v 6.326053 0.840795 2.381749
v 6.324627 0.827701 2.389976
v 6.330555 0.814247 2.394975
v 6.342248 0.804037 2.395408
v 6.356574 0.799808 2.391157
v 6.369692 0.802692 2.383363
v 6.378088 0.811917 2.374114
v 6.379514 0.825010 2.365887
v 6.417567 0.899727 2.458087
v 6.405485 0.909397 2.456796
v 6.390923 0.913297 2.460522
v 6.377782 0.910382 2.468267
v 6.369585 0.901434 2.477956
v 6.368527 0.888849 2.486993
v 6.374892 0.876001 2.492956
v 6.386974 0.866331 2.494248
v 6.401536 0.862431 2.490522
v 6.414677 0.865346 2.482776
v 6.422874 0.874294 2.473087
v 6.423932 0.886879 2.464050
v 6.458834 0.971229 2.555497
v 6.446424 0.980335 2.553434
v 6.431662 0.983890 2.556689
v 6.418503 0.980943 2.564391
v 6.410473 0.972284 2.574475
v 6.409724 0.960232 2.584239
v 6.416456 0.948017 2.591068
v 6.428865 0.938912 2.593131
v 6.443627 0.935356 2.589875
v 6.456786 0.938303 2.582174
v 6.464816 0.946962 2.572090
v 6.465566 0.959014 2.562325
v 6.497382 1.052980 2.653116
v 6.484702 1.061513 2.650369
v 6.469774 1.064720 2.653207
v 6.456600 1.061741 2.660870
v 6.448709 1.053374 2.671304
v 6.448215 1.041861 2.681714
v 6.455250 1.030288 2.689311
v 6.467930 1.021754 2.692058
v 6.482857 1.018548 2.689220
v 6.496032 1.021527 2.681557
v 6.503923 1.029894 2.671123
v 6.504417 1.041406 2.660713
v 6.533209 1.144985 2.750944
v 6.520308 1.152953 2.747595
v 6.505246 1.155815 2.750065
v 6.492059 1.152804 2.757693
v 6.484281 1.144726 2.768436
v 6.483995 1.133747 2.779414
v 6.491278 1.122807 2.787686
v 6.504179 1.114839 2.791036
v 6.519241 1.111977 2.788566
v 6.532428 1.114988 2.780937
v 6.540206 1.123066 2.770195
v 6.540492 1.134045 2.759216
v 6.566311 1.247249 2.848977
v 6.553232 1.254668 2.845100
v 6.538061 1.257196 2.847249
v 6.524864 1.254153 2.854847
v 6.517177 1.246356 2.865860
v 6.517059 1.235894 2.877335
v 6.524543 1.225570 2.886198
v 6.537622 1.218150 2.890075
v 6.552793 1.215623 2.887926
v 6.565990 1.218665 2.880328
v 6.573677 1.226462 2.869315
v 6.573795 1.236924 2.857840
v 6.596686 1.359772 2.947208
v 6.583462 1.366660 2.942867
v 6.568204 1.368863 2.944733
v 6.554999 1.365791 2.952305
v 6.547385 1.358266 2.963555
v 6.547403 1.348305 2.975468
v 6.555048 1.338576 2.984853
v 6.568272 1.331688 2.989194
v 6.583530 1.329484 2.987328
v 6.596735 1.332557 2.979756
v 6.604349 1.340082 2.968506
v 6.604331 1.350043 2.956593
v 5.316644 1.247767 0.697556
v 5.317258 1.256325 0.684612
v 5.312005 1.259547 0.670358
v 5.302293 1.256569 0.658613
v 5.290723 1.248190 0.652523
v 5.280396 1.236654 0.653721
v 5.274080 1.225052 0.661886
v 5.273465 1.216494 0.674829
v 5.278718 1.213272 0.689084
v 5.288431 1.216250 0.700829
v 5.300000 1.224630 0.706919
v 5.310327 1.236166 0.705721
v 5.427676 1.145426 0.631458
v 5.427879 1.154362 0.618759
v 5.422376 1.157815 0.604655
v 5.412640 1.154858 0.592923
v 5.401280 1.146285 0.586708
v 5.391341 1.134392 0.587675
v 5.385486 1.122367 0.595565
v 5.385283 1.113431 0.608264
v 5.390786 1.109978 0.622369
v 5.400522 1.112935 0.634100
v 5.411881 1.121508 0.640315
v 5.421820 1.133400 0.639348
v 5.536100 1.053342 0.564442
v 5.535841 1.062670 0.552029
v 5.530056 1.066361 0.538099
v 5.520294 1.063427 0.526383
v 5.509171 1.054654 0.520022
v 5.499668 1.042392 0.520720
v 5.494330 1.029927 0.528289
v 5.494589 1.020599 0.540702
v 5.500374 1.016908 0.554632
v 5.510136 1.019842 0.566348
v 5.521259 1.028615 0.572709
v 5.530762 1.040877 0.572011
v 5.641913 0.971513 0.496511
v 5.641136 0.981241 0.484432
v 5.635035 0.985177 0.470704
v 5.625243 0.982265 0.459008
v 5.614386 0.973287 0.452476
v 5.605371 0.960648 0.452859
v 5.600616 0.947734 0.460055
v 5.601394 0.938006 0.472134
v 5.607495 0.934070 0.485861
v 5.617287 0.936982 0.497558
v 5.628144 0.945960 0.504090
v 5.637158 0.958599 0.503707
v 5.745114 0.899936 0.427668
v 5.743756 0.910066 0.415977
v 5.737300 0.914247 0.402486
v 5.727476 0.911358 0.390812
v 5.716916 0.902174 0.384081
v 5.708449 0.889156 0.384099
v 5.704346 0.875791 0.390859
v 5.705704 0.865662 0.402551
v 5.712160 0.861481 0.416041
v 5.721984 0.864370 0.427716
v 5.732544 0.873554 0.434446
v 5.741011 0.886572 0.434429
v 5.845700 0.838608 0.357917
v 5.843695 0.849131 0.346674
v 5.836843 0.853552 0.333458
v 5.826982 0.850685 0.321809
v 5.816753 0.841300 0.314849
v 5.808898 0.827911 0.314442
v 5.805521 0.814104 0.320698
v 5.807526 0.803581 0.331941
v 5.814377 0.799160 0.345157
v 5.824238 0.802027 0.356806
v 5.834467 0.811412 0.363766
v 5.842323 0.824802 0.364173
v 5.943670 0.787520 0.287259
v 5.940948 0.798416 0.276534
v 5.933660 0.803064 0.263633
v 5.923758 0.800218 0.252013
v 5.913896 0.790643 0.244789
v 5.906716 0.776902 0.243895
v 5.904142 0.762678 0.249571
v 5.906864 0.751783 0.260296
v 5.914152 0.747135 0.273197
v 5.924054 0.749980 0.284817
v 5.933916 0.759556 0.292041
v 5.941096 0.773297 0.292935
v 6.039024 0.746667 0.215698
v 6.035518 0.757897 0.205562
v 6.027750 0.762749 0.193020
v 6.017804 0.759923 0.181434
v 6.008344 0.750176 0.173908
v 6.001904 0.736120 0.172458
v 6.000210 0.721521 0.177473
v 6.003716 0.710291 0.187609
v 6.011484 0.705439 0.200151
v 6.021430 0.708265 0.211737
v 6.030890 0.718012 0.219263
v 6.037330 0.732068 0.220713
v 6.131764 0.716040 0.143234
v 6.127410 0.727549 0.133760
v 6.119126 0.732571 0.121623
v 6.109132 0.729760 0.110075
v 6.100105 0.719871 0.102209
v 6.094465 0.705552 0.100134
v 6.093722 0.690640 0.104406
v 6.098076 0.679131 0.113879
v 6.106360 0.674109 0.126016
v 6.116355 0.676920 0.137564
v 6.125382 0.686809 0.145430
v 6.131022 0.701128 0.147505
v 6.221897 0.695630 0.069865
v 6.216642 0.707341 0.061125
v 6.207808 0.712487 0.049436
v 6.197762 0.709688 0.037929
v 6.189197 0.699694 0.029688
v 6.184406 0.685184 0.026921
v 6.184674 0.670045 0.030369
v 6.189929 0.658334 0.039109
v 6.198762 0.653188 0.050798
v 6.208808 0.655987 0.062305
v 6.217374 0.665980 0.070546
v 6.222165 0.680490 0.073313
v 6.309427 0.685427 -0.004412
v 6.303235 0.697247 -0.012356
v 6.293829 0.702459 -0.023560
v 6.283731 0.699666 -0.035022
v 6.275645 0.689617 -0.043670
v 6.271738 0.675005 -0.047188
v 6.273057 0.659745 -0.044632
v 6.279250 0.647925 -0.036688
v 6.288655 0.642713 -0.025484
v 6.298754 0.645506 -0.014023
v 6.306840 0.655555 -0.005374
v 6.310747 0.670167 -0.001857
v 6.394366 0.685427 -0.079604
v 6.387221 0.697246 -0.086705
v 6.377234 0.702457 -0.097394
v 6.367081 0.699665 -0.108807
v 6.359483 0.689616 -0.117888
v 6.356475 0.675004 -0.122201
v 6.358864 0.659745 -0.120592
v 6.366009 0.647926 -0.113492
v 6.375996 0.642714 -0.102803
v 6.386149 0.645507 -0.091389
v 6.393747 0.655556 -0.082309
v 6.396755 0.670167 -0.077996
v 6.476724 0.695625 -0.155720
v 6.468635 0.707327 -0.161947
v 6.458071 0.712467 -0.172104
v 6.447865 0.709667 -0.183468
v 6.440750 0.699679 -0.192995
v 6.438633 0.685178 -0.198132
v 6.442081 0.670049 -0.197502
v 6.450171 0.658348 -0.191275
v 6.460734 0.653208 -0.181118
v 6.470941 0.656007 -0.169754
v 6.478055 0.665996 -0.160227
v 6.480172 0.680497 -0.155090
v 6.556513 0.716022 -0.232769
v 6.547512 0.727491 -0.238117
v 6.536393 0.732489 -0.247736
v 6.526134 0.729677 -0.259051
v 6.519486 0.719807 -0.269028
v 6.518229 0.705525 -0.274994
v 6.522699 0.690658 -0.275352
v 6.531700 0.679188 -0.270004
v 6.542819 0.674191 -0.260384
v 6.553077 0.677003 -0.249070
v 6.559726 0.686873 -0.239093
v 6.560983 0.701154 -0.233126
v 6.633742 0.746622 -0.310762
v 6.623886 0.757753 -0.315246
v 6.612244 0.762545 -0.324338
v 6.601937 0.759713 -0.335604
v 6.595727 0.750017 -0.346023
v 6.595276 0.736054 -0.352804
v 6.600707 0.721566 -0.354131
v 6.610563 0.710435 -0.349647
v 6.622204 0.705643 -0.340554
v 6.632511 0.708475 -0.329289
v 6.638722 0.718171 -0.318870
v 6.639172 0.732134 -0.312088
v 6.708419 0.787433 -0.389708
v 6.697779 0.798137 -0.393364
v 6.685660 0.802669 -0.401951
v 6.675309 0.799813 -0.413170
v 6.669499 0.790335 -0.424013
v 6.669788 0.776774 -0.431575
v 6.676097 0.762765 -0.433830
v 6.686737 0.752061 -0.430175
v 6.698856 0.747530 -0.421587
v 6.709208 0.750386 -0.410369
v 6.715017 0.759864 -0.399526
v 6.714729 0.773424 -0.391963
v 6.780549 0.838465 -0.469614
v 6.769208 0.848675 -0.472493
v 6.756660 0.852904 -0.480607
v 6.746270 0.850020 -0.491781
v 6.740819 0.840795 -0.503022
v 6.741769 0.827701 -0.511317
v 6.748866 0.814247 -0.514443
v 6.760207 0.804037 -0.511564
v 6.772754 0.799808 -0.503450
v 6.783145 0.802692 -0.492276
v 6.788596 0.811917 -0.481035
v 6.787645 0.825010 -0.472740
v 6.850133 0.899727 -0.550485
v 6.838177 0.909397 -0.552649
v 6.825254 0.913297 -0.560327
v 6.814828 0.910382 -0.571461
v 6.809692 0.901434 -0.583067
v 6.811223 0.888849 -0.592036
v 6.819010 0.876001 -0.595964
v 6.830967 0.866331 -0.593800
v 6.843890 0.862431 -0.586122
v 6.854316 0.865346 -0.574988
v 6.859451 0.874294 -0.563382
v 6.857921 0.886879 -0.554413
v 6.917172 0.971229 -0.632322
v 6.904684 0.980335 -0.633839
v 6.891437 0.983890 -0.641122
v 6.880981 0.980943 -0.652219
v 6.876117 0.972284 -0.664156
v 6.878149 0.960232 -0.673737
v 6.886532 0.948017 -0.678392
v 6.899020 0.938912 -0.676875
v 6.912267 0.935356 -0.669593
v 6.922723 0.938303 -0.658496
v 6.927587 0.946962 -0.646558
v 6.925555 0.959014 -0.636978
v 6.981661 1.052980 -0.715128
v 6.968720 1.061513 -0.716064
v 6.955197 1.064720 -0.722992
v 6.944715 1.061741 -0.734056
v 6.940084 1.053374 -0.746291
v 6.942542 1.041861 -0.756419
v 6.951433 1.030288 -0.761725
v 6.964374 1.021754 -0.760789
v 6.977897 1.018548 -0.753861
v 6.988379 1.021527 -0.742797
v 6.993011 1.029894 -0.730562
v 6.990552 1.041406 -0.720434
v 7.043598 1.144985 -0.798899
v 7.030276 1.152953 -0.799320
v 7.016520 1.155815 -0.805933
v 7.006017 1.152804 -0.816968
v 7.001580 1.144726 -0.829467
v 7.004398 1.133747 -0.840081
v 7.013718 1.122807 -0.845966
v 7.027040 1.114839 -0.845545
v 7.040795 1.111977 -0.838932
v 7.051299 1.114988 -0.827897
v 7.055736 1.123066 -0.815398
v 7.052917 1.134045 -0.804784
v 7.102979 1.247249 -0.883635
v 7.089337 1.254668 -0.883600
v 7.075386 1.257196 -0.889936
v 7.064864 1.254153 -0.900945
v 7.060591 1.246356 -0.913677
v 7.063711 1.235894 -0.924720
v 7.073389 1.225570 -0.931116
v 7.087030 1.218150 -0.931151
v 7.100981 1.215623 -0.924815
v 7.111503 1.218665 -0.913806
v 7.115776 1.226462 -0.901074
v 7.112656 1.236924 -0.890031
v 7.159798 1.359772 -0.969330
v 7.145887 1.366660 -0.968890
v 7.131772 1.368863 -0.974978
v 7.121235 1.365791 -0.985964
v 7.117099 1.358266 -0.998903
v 7.120473 1.348305 -1.010329
v 7.130452 1.338576 -1.017180
v 7.144363 1.331688 -1.017620
v 7.158478 1.329484 -1.011531
v 7.169015 1.332557 -1.000545
v 7.173151 1.340082 -0.987606
v 7.169777 1.350043 -0.976180
v 4.783389 1.360365 -2.184501
v 4.782571 1.368558 -2.184128
v 4.776183 1.371556 -2.181210
v 4.765935 1.368558 -2.176530
v 4.754574 1.360365 -2.171341
v 4.745143 1.349174 -2.167034
v 4.740170 1.337983 -2.164763
v 4.740987 1.329791 -2.165137
v 4.747375 1.326793 -2.168054
v 4.757623 1.329791 -2.172734
v 4.768985 1.337983 -2.177923
v 4.778416 1.349174 -2.182230
v 4.904757 1.247767 -2.167174
v 4.908994 1.256325 -2.154928
v 4.907969 1.259547 -2.139771
v 4.901959 1.256569 -2.125765
v 4.892574 1.248190 -2.116663
v 4.882329 1.236654 -2.114903
v 4.873967 1.225052 -2.120957
v 4.869731 1.216494 -2.133204
v 4.870755 1.213272 -2.148360
v 4.876765 1.216250 -2.162366
v 4.886150 1.224630 -2.171468
v 4.896397 1.236166 -2.173228
v 5.029914 1.145426 -2.135035
v 5.033687 1.154362 -2.122908
v 5.032380 1.157815 -2.107824
v 5.026344 1.154858 -2.093825
v 5.017196 1.146285 -2.084661
v 5.007387 1.134392 -2.082789
v 4.999545 1.122367 -2.088710
v 4.995772 1.113431 -2.100837
v 4.997079 1.109978 -2.115921
v 5.003115 1.112935 -2.129920
v 5.012264 1.121508 -2.139083
v 5.022073 1.133400 -2.140955
v 5.152827 1.053342 -2.101280
v 5.156075 1.062670 -2.089297
v 5.154449 1.066361 -2.074301
v 5.148384 1.063427 -2.060310
v 5.139503 1.054654 -2.051073
v 5.130188 1.042392 -2.049065
v 5.122935 1.029927 -2.054824
v 5.119686 1.020599 -2.066807
v 5.121312 1.016908 -2.081803
v 5.127378 1.019842 -2.095794
v 5.136258 1.028615 -2.105031
v 5.145573 1.040877 -2.107039
v 5.273493 0.971513 -2.065912
v 5.276150 0.981241 -2.054103
v 5.274163 0.985177 -2.039213
v 5.268063 0.982265 -2.025232
v 5.259486 0.973287 -2.015905
v 5.250729 0.960648 -2.013734
v 5.244139 0.947734 -2.019298
v 5.241482 0.938006 -2.031107
v 5.243469 0.934070 -2.045997
v 5.249568 0.936982 -2.059978
v 5.258146 0.945960 -2.069304
v 5.266902 0.958599 -2.071476
v 5.391908 0.899936 -2.028933
v 5.393899 0.910066 -2.017332
v 5.391505 0.914247 -2.002569
v 5.385368 0.911358 -1.988600
v 5.377131 0.902174 -1.979167
v 5.369003 0.889156 -1.976799
v 5.363161 0.875791 -1.982129
v 5.361171 0.865662 -1.993730
v 5.363564 0.861481 -2.008492
v 5.369702 0.864370 -2.022462
v 5.377938 0.873554 -2.031895
v 5.386066 0.886572 -2.034263
v 5.508071 0.838608 -1.990345
v 5.509314 0.849131 -1.978993
v 5.506464 0.853552 -1.964382
v 5.500284 0.850685 -1.950427
v 5.492431 0.841300 -1.940867
v 5.485008 0.827911 -1.938263
v 5.480004 0.814104 -1.943315
v 5.478762 0.803581 -1.954667
v 5.481612 0.799160 -1.969278
v 5.487792 0.802027 -1.983233
v 5.495645 0.811412 -1.992793
v 5.503068 0.824802 -1.995396
v 5.621979 0.787520 -1.950151
v 5.622389 0.798416 -1.939093
v 5.619030 0.803064 -1.924662
v 5.612803 0.800218 -1.910723
v 5.605376 0.790643 -1.901013
v 5.598739 0.776902 -1.898132
v 5.594670 0.762678 -1.902853
v 5.594260 0.751783 -1.913911
v 5.597619 0.747135 -1.928342
v 5.603846 0.749980 -1.942281
v 5.611273 0.759556 -1.951992
v 5.617910 0.773297 -1.954872
v 5.733632 0.746667 -1.908353
v 5.733123 0.757897 -1.897640
v 5.729204 0.762749 -1.883418
v 5.722925 0.759923 -1.869499
v 5.715968 0.750176 -1.859612
v 5.710197 0.736120 -1.856407
v 5.707159 0.721521 -1.860741
v 5.707668 0.710291 -1.871455
v 5.711587 0.705439 -1.885677
v 5.717866 0.708265 -1.899595
v 5.724823 0.718012 -1.909482
v 5.730594 0.732068 -1.912688
v 5.843031 0.716040 -1.864952
v 5.841522 0.727549 -1.854636
v 5.836993 0.732571 -1.840657
v 5.830657 0.729760 -1.826760
v 5.824212 0.719871 -1.816670
v 5.819385 0.705552 -1.813090
v 5.817469 0.690640 -1.816979
v 5.818978 0.679131 -1.827295
v 5.823507 0.674109 -1.841275
v 5.829843 0.676920 -1.855171
v 5.836288 0.686809 -1.865261
v 5.841115 0.701128 -1.868841
v 5.950182 0.695630 -1.819948
v 5.947603 0.707341 -1.810082
v 5.942420 0.712487 -1.796377
v 5.936024 0.709688 -1.782506
v 5.930127 0.699694 -1.772186
v 5.926310 0.685184 -1.768181
v 5.925595 0.670045 -1.771566
v 5.928174 0.658334 -1.781432
v 5.933357 0.653188 -1.795137
v 5.939754 0.655987 -1.809007
v 5.945651 0.665980 -1.819328
v 5.949468 0.680490 -1.823333
v 6.055094 0.685427 -1.773340
v 6.051391 0.697247 -1.763973
v 6.045523 0.702459 -1.750573
v 6.039062 0.699666 -1.736731
v 6.033740 0.689617 -1.726155
v 6.030982 0.675005 -1.721679
v 6.031529 0.659745 -1.724503
v 6.035232 0.647925 -1.733870
v 6.041100 0.642713 -1.747270
v 6.047561 0.645506 -1.761112
v 6.052883 0.655555 -1.771688
v 6.055640 0.670167 -1.776164
v 6.157776 0.685427 -1.725124
v 6.152921 0.697246 -1.716298
v 6.146349 0.702457 -1.703228
v 6.139823 0.699665 -1.689417
v 6.135091 0.689616 -1.678564
v 6.133421 0.675004 -1.673577
v 6.135260 0.659745 -1.675794
v 6.140115 0.647926 -1.684620
v 6.146686 0.642714 -1.697689
v 6.153212 0.645507 -1.711501
v 6.157944 0.655556 -1.722354
v 6.159615 0.670167 -1.727340
v 6.258242 0.695625 -1.675295
v 6.252234 0.707327 -1.667040
v 6.244961 0.712467 -1.654319
v 6.238369 0.709667 -1.640540
v 6.234227 0.699679 -1.629394
v 6.233643 0.685178 -1.623869
v 6.236774 0.670049 -1.625445
v 6.242782 0.658348 -1.633699
v 6.250056 0.653208 -1.646420
v 6.256647 0.656007 -1.660199
v 6.260790 0.665996 -1.671345
v 6.261374 0.680497 -1.676870
v 6.356506 0.716022 -1.623846
v 6.349377 0.727491 -1.616179
v 6.341418 0.732489 -1.603816
v 6.334763 0.729677 -1.590070
v 6.331195 0.719807 -1.578624
v 6.331669 0.705525 -1.572545
v 6.336059 0.690658 -1.573461
v 6.343189 0.679188 -1.581128
v 6.351147 0.674191 -1.593491
v 6.357802 0.677003 -1.607237
v 6.361371 0.686873 -1.618683
v 6.360896 0.701154 -1.624762
v 6.452580 0.746622 -1.570770
v 6.444386 0.757753 -1.563691
v 6.435779 0.762545 -1.551687
v 6.429063 0.759713 -1.537974
v 6.426039 0.750017 -1.526227
v 6.427517 0.736054 -1.519593
v 6.433102 0.721566 -1.519851
v 6.441296 0.710435 -1.526930
v 6.449903 0.705643 -1.538934
v 6.456619 0.708475 -1.552647
v 6.459642 0.718171 -1.564394
v 6.458164 0.732134 -1.571027
v 6.546474 0.787433 -1.516061
v 6.537295 0.798137 -1.509556
v 6.528086 0.802669 -1.497901
v 6.521315 0.799813 -1.484221
v 6.518795 0.790335 -1.472181
v 6.521203 0.776774 -1.465006
v 6.527893 0.762765 -1.464619
v 6.537071 0.752061 -1.471125
v 6.546280 0.747530 -1.482779
v 6.553052 0.750386 -1.496459
v 6.555571 0.759864 -1.508500
v 6.553164 0.773424 -1.515674
v 6.638195 0.838465 -1.459713
v 6.628124 0.848675 -1.453755
v 6.618371 0.852904 -1.442435
v 6.611549 0.850020 -1.428786
v 6.609486 0.840795 -1.416465
v 6.612734 0.827701 -1.408774
v 6.620424 0.814247 -1.407774
v 6.630495 0.804037 -1.413731
v 6.640248 0.799808 -1.425052
v 6.647070 0.802692 -1.438701
v 6.649133 0.811917 -1.451021
v 6.645885 0.825010 -1.458713
v 6.727744 0.899727 -1.401722
v 6.716882 0.909397 -1.396277
v 6.706646 0.913297 -1.385269
v 6.699779 0.910382 -1.371649
v 6.698121 0.901434 -1.359066
v 6.702116 0.888849 -1.350892
v 6.710695 0.876001 -1.349316
v 6.721558 0.866331 -1.354762
v 6.731793 0.862431 -1.365770
v 6.738660 0.865346 -1.379390
v 6.740318 0.874294 -1.391973
v 6.736322 0.886879 -1.400147
v 6.815124 0.971229 -1.342086
v 6.803568 0.980335 -1.337113
v 6.792910 0.983890 -1.326393
v 6.786004 0.980943 -1.312800
v 6.784700 0.972284 -1.299975
v 6.789349 0.960232 -1.291356
v 6.798704 0.948017 -1.289251
v 6.810259 0.938912 -1.294225
v 6.820917 0.935356 -1.304944
v 6.827824 0.938303 -1.318537
v 6.829127 0.946962 -1.331362
v 6.824478 0.959014 -1.339981
v 6.900329 1.052980 -1.280804
v 6.888177 1.061513 -1.276260
v 6.877153 1.064720 -1.265802
v 6.870214 1.061741 -1.252234
v 6.869216 1.053374 -1.239189
v 6.874428 1.041861 -1.230165
v 6.884454 1.030288 -1.227578
v 6.896606 1.021754 -1.232122
v 6.907629 1.018548 -1.242580
v 6.914570 1.021527 -1.256148
v 6.915567 1.029894 -1.269193
v 6.910355 1.041406 -1.278217
v 6.983358 1.144985 -1.217876
v 6.970695 1.152953 -1.213719
v 6.959359 1.155815 -1.203498
v 6.952390 1.152804 -1.189951
v 6.951654 1.144726 -1.176708
v 6.957349 1.133747 -1.167318
v 6.967948 1.122807 -1.164297
v 6.980613 1.114839 -1.168454
v 6.991948 1.111977 -1.178675
v 6.998917 1.114988 -1.192222
v 6.999653 1.123066 -1.205465
v 6.993958 1.134045 -1.214854
v 7.064207 1.247249 -1.153302
v 7.051107 1.254668 -1.149492
v 7.039507 1.257196 -1.139482
v 7.032513 1.254153 -1.125955
v 7.032000 1.246356 -1.112535
v 7.038105 1.235894 -1.102818
v 7.049192 1.225570 -1.099408
v 7.062291 1.218150 -1.103218
v 7.073892 1.215623 -1.113227
v 7.080886 1.218665 -1.126754
v 7.081399 1.226462 -1.140174
v 7.075294 1.236924 -1.149892
v 7.142867 1.359772 -1.087086
v 7.129396 1.366660 -1.083589
v 7.117568 1.368863 -1.073770
v 7.110553 1.365791 -1.060261
v 7.110230 1.358266 -1.046681
v 7.116687 1.348305 -1.036668
v 7.128191 1.338576 -1.032907
v 7.141663 1.331688 -1.036404
v 7.153491 1.329484 -1.046222
v 7.160505 1.332557 -1.059732
v 7.160828 1.340082 -1.073312
v 7.154372 1.350043 -1.083324
v 4.849774 1.247767 -2.287572
v 4.843293 1.256325 -2.298793
v 4.831167 1.259547 -2.307944
v 4.816647 1.256569 -2.312574
v 4.803622 1.248190 -2.311442
v 4.795582 1.236654 -2.304851
v 4.794682 1.225052 -2.294568
v 4.801163 1.216494 -2.283347
v 4.813288 1.213272 -2.274195
v 4.827809 1.216250 -2.269565
v 4.840834 1.224630 -2.270697
v 4.848874 1.236166 -2.277288
v 4.907444 1.145426 -2.403205
v 4.900750 1.154362 -2.413998
v 4.888494 1.157815 -2.422889
v 4.873962 1.154858 -2.427494
v 4.861046 1.146285 -2.426581
v 4.853208 1.134392 -2.420394
v 4.852547 1.122367 -2.410591
v 4.859241 1.113431 -2.399798
v 4.871497 1.109978 -2.390908
v 4.886030 1.112935 -2.386302
v 4.898946 1.121508 -2.387215
v 4.906784 1.133400 -2.393402
v 4.962425 1.053342 -2.518201
v 4.955497 1.062670 -2.528504
v 4.943099 1.066361 -2.537095
v 4.928553 1.063427 -2.541673
v 4.915756 1.054654 -2.541011
v 4.908139 1.042392 -2.535286
v 4.907741 1.029927 -2.526033
v 4.914669 1.020599 -2.515730
v 4.927068 1.016908 -2.507139
v 4.941614 1.019842 -2.502561
v 4.954410 1.028615 -2.503223
v 4.962028 1.040877 -2.508948
v 5.014715 0.971513 -2.632556
v 5.007531 0.981241 -2.642298
v 4.994976 0.985177 -2.650547
v 4.980415 0.982265 -2.655092
v 4.967750 0.973287 -2.654717
v 4.960374 0.960648 -2.649522
v 4.960264 0.947734 -2.640898
v 4.967448 0.938006 -2.631156
v 4.980003 0.934070 -2.622907
v 4.994564 0.936982 -2.618361
v 5.007229 0.945960 -2.618736
v 5.014605 0.958599 -2.623931
v 5.064314 0.899936 -2.746264
v 5.056850 0.910066 -2.755366
v 5.044126 0.914247 -2.763224
v 5.029549 0.911358 -2.767734
v 5.017027 0.902174 -2.767687
v 5.009914 0.889156 -2.763095
v 5.010117 0.875791 -2.755189
v 5.017580 0.865662 -2.746088
v 5.030305 0.861481 -2.738229
v 5.044881 0.864370 -2.733720
v 5.057404 0.873554 -2.733767
v 5.064517 0.886572 -2.738359
v 5.111222 0.838608 -2.859324
v 5.103456 0.849131 -2.867697
v 5.090548 0.853552 -2.875112
v 5.075954 0.850685 -2.879580
v 5.063586 0.841300 -2.879905
v 5.056758 0.827911 -2.876000
v 5.057299 0.814104 -2.868911
v 5.065064 0.803581 -2.860538
v 5.077973 0.799160 -2.853123
v 5.092566 0.802027 -2.848655
v 5.104935 0.811412 -2.848330
v 5.111763 0.824802 -2.852235
v 5.155439 0.787520 -2.971731
v 5.147350 0.798416 -2.979282
v 5.134244 0.803064 -2.986195
v 5.119633 0.800218 -2.990617
v 5.107430 0.790643 -2.991363
v 5.100906 0.776902 -2.988233
v 5.101810 0.762678 -2.982067
v 5.109898 0.751783 -2.974515
v 5.123004 0.747135 -2.967603
v 5.137616 0.749980 -2.963181
v 5.149819 0.759556 -2.962435
v 5.156343 0.773297 -2.965565
v 5.196967 0.746667 -3.083485
v 5.188537 0.757897 -3.090116
v 5.175223 0.762749 -3.096467
v 5.160592 0.759923 -3.100837
v 5.148564 0.750176 -3.102054
v 5.142362 0.736120 -3.099792
v 5.143649 0.721521 -3.094657
v 5.152079 0.710291 -3.088026
v 5.165393 0.705439 -3.081674
v 5.180024 0.708265 -3.077305
v 5.192052 0.718012 -3.076088
v 5.198254 0.732068 -3.078350
v 5.235808 0.716040 -3.194585
v 5.227024 0.727549 -3.200201
v 5.213493 0.732571 -3.205932
v 5.198841 0.729760 -3.210244
v 5.186995 0.719871 -3.211981
v 5.181129 0.705552 -3.210677
v 5.182813 0.690640 -3.206682
v 5.191597 0.679131 -3.201066
v 5.205128 0.674109 -3.195335
v 5.219780 0.676920 -3.191023
v 5.231626 0.686809 -3.189286
v 5.237493 0.701128 -3.190590
v 5.271966 0.695630 -3.305036
v 5.262820 0.707341 -3.309547
v 5.249069 0.712487 -3.314605
v 5.234397 0.709688 -3.318854
v 5.222735 0.699694 -3.321156
v 5.217209 0.685184 -3.320894
v 5.219299 0.670045 -3.318138
v 5.228445 0.658334 -3.313626
v 5.242196 0.653188 -3.308568
v 5.256868 0.655987 -3.304319
v 5.268529 0.665980 -3.302017
v 5.274055 0.680490 -3.302279
v 5.305444 0.685427 -3.414844
v 5.295940 0.697247 -3.418180
v 5.281970 0.702459 -3.422520
v 5.267278 0.699666 -3.426702
v 5.255800 0.689617 -3.429606
v 5.250612 0.675005 -3.430453
v 5.253103 0.659745 -3.429017
v 5.262608 0.647925 -3.425682
v 5.276577 0.642713 -3.421341
v 5.291269 0.645506 -3.417159
v 5.302747 0.655555 -3.414255
v 5.307936 0.670167 -3.413408
v 5.336247 0.685427 -3.524021
v 5.326397 0.697246 -3.526131
v 5.312217 0.702457 -3.529724
v 5.297505 0.699665 -3.533837
v 5.286204 0.689616 -3.537368
v 5.281342 0.675004 -3.539371
v 5.284221 0.659745 -3.539309
v 5.294071 0.647926 -3.537199
v 5.308251 0.642714 -3.533606
v 5.322963 0.645507 -3.529493
v 5.334264 0.655556 -3.525962
v 5.339127 0.670167 -3.523959
v 5.364380 0.695625 -3.632580
v 5.354208 0.707327 -3.633445
v 5.339830 0.712467 -3.636278
v 5.325100 0.709667 -3.640320
v 5.313964 0.699679 -3.644488
v 5.309406 0.685178 -3.647666
v 5.312647 0.670049 -3.649000
v 5.322820 0.658348 -3.648135
v 5.337197 0.653208 -3.645302
v 5.351927 0.656007 -3.641260
v 5.363063 0.665996 -3.637092
v 5.367621 0.680497 -3.633914
v 5.389847 0.716022 -3.740535
v 5.379384 0.727491 -3.740167
v 5.364829 0.732489 -3.742249
v 5.350082 0.729677 -3.746221
v 5.339095 0.719807 -3.751019
v 5.334811 0.705525 -3.755359
v 5.338379 0.690658 -3.758077
v 5.348842 0.679188 -3.758444
v 5.363397 0.674191 -3.756363
v 5.378143 0.677003 -3.752390
v 5.389131 0.686873 -3.747592
v 5.393414 0.701154 -3.743252
v 5.412650 0.746622 -3.847899
v 5.401934 0.757753 -3.846343
v 5.387225 0.762545 -3.847699
v 5.372464 0.759713 -3.851603
v 5.361606 0.750017 -3.857011
v 5.357561 0.736054 -3.862472
v 5.361412 0.721566 -3.866524
v 5.372128 0.710435 -3.868081
v 5.386837 0.705643 -3.866725
v 5.401598 0.708475 -3.862820
v 5.412456 0.718171 -3.857413
v 5.416501 0.732134 -3.851952
v 5.432791 0.787433 -3.954687
v 5.421864 0.798137 -3.952010
v 5.407025 0.802669 -3.952682
v 5.392252 0.799813 -3.956523
v 5.381503 0.790335 -3.962504
v 5.377657 0.776774 -3.969022
v 5.381746 0.762765 -3.974331
v 5.392673 0.752061 -3.977008
v 5.407511 0.747530 -3.976335
v 5.422285 0.750386 -3.972494
v 5.433034 0.759864 -3.966514
v 5.436880 0.773424 -3.959995
v 5.450270 0.838465 -4.060905
v 5.439173 0.848675 -4.057195
v 5.424231 0.852904 -4.057238
v 5.409448 0.850020 -4.061020
v 5.398786 0.840795 -4.067529
v 5.395101 0.827701 -4.075021
v 5.399380 0.814247 -4.081488
v 5.410478 0.804037 -4.085197
v 5.425420 0.799808 -4.085155
v 5.440202 0.802692 -4.081372
v 5.450865 0.811917 -4.074863
v 5.454550 0.825010 -4.067371
v 5.465086 0.899727 -4.166557
v 5.453857 0.909397 -4.161914
v 5.438835 0.913297 -4.161386
v 5.424045 0.910382 -4.165116
v 5.413450 0.901434 -4.172103
v 5.409889 0.888849 -4.180476
v 5.414316 0.876001 -4.187991
v 5.425545 0.866331 -4.192634
v 5.440567 0.862431 -4.193162
v 5.455357 0.865346 -4.189432
v 5.465952 0.874294 -4.182445
v 5.469513 0.886879 -4.174072
v 5.477238 0.971229 -4.271647
v 5.465912 0.980335 -4.266172
v 5.450831 0.983890 -4.265137
v 5.436035 0.980943 -4.268819
v 5.425489 0.972284 -4.276232
v 5.422019 0.960232 -4.285390
v 5.426555 0.948017 -4.293839
v 5.437881 0.938912 -4.299314
v 5.452961 0.935356 -4.300349
v 5.467757 0.938303 -4.296667
v 5.478303 0.946962 -4.289254
v 5.481773 0.959014 -4.280096
v 5.486722 1.052980 -4.376173
v 5.475329 1.061513 -4.369965
v 5.460207 1.064720 -4.368482
v 5.445408 1.061741 -4.372123
v 5.434896 1.053374 -4.379911
v 5.431489 1.041861 -4.389760
v 5.436100 1.030288 -4.399031
v 5.447492 1.021754 -4.405240
v 5.462614 1.018548 -4.406722
v 5.477414 1.021527 -4.403082
v 5.487925 1.029894 -4.395293
v 5.491332 1.041406 -4.385444
v 5.493536 1.144985 -4.480132
v 5.482101 1.152953 -4.473283
v 5.466954 1.155815 -4.471410
v 5.452152 1.152804 -4.475014
v 5.441662 1.144726 -4.483130
v 5.438295 1.133747 -4.493583
v 5.442953 1.122807 -4.503572
v 5.454388 1.114839 -4.510421
v 5.469535 1.111977 -4.512294
v 5.484337 1.114988 -4.508690
v 5.494827 1.123066 -4.500574
v 5.498194 1.134045 -4.490121
v 5.497679 1.247249 -4.583519
v 5.486221 1.254668 -4.576115
v 5.471060 1.257196 -4.573903
v 5.456257 1.254153 -4.577476
v 5.445778 1.246356 -4.585876
v 5.442432 1.235894 -4.596853
v 5.447116 1.225570 -4.607466
v 5.458573 1.218150 -4.614870
v 5.473735 1.215623 -4.617083
v 5.488538 1.218665 -4.613510
v 5.499016 1.226462 -4.605109
v 5.502362 1.236924 -4.594132
v 5.499148 1.359772 -4.686329
v 5.487683 1.366660 -4.678439
v 5.472517 1.368863 -4.675930
v 5.457714 1.365791 -4.679475
v 5.447239 1.358266 -4.688124
v 5.443900 1.348305 -4.699560
v 5.448591 1.338576 -4.710718
v 5.460056 1.331688 -4.718609
v 5.475222 1.329484 -4.721118
v 5.490026 1.332557 -4.717573
v 5.500500 1.340082 -4.708923
v 5.503839 1.350043 -4.697488
v 2.843011 1.360365 -4.423816
v 2.842525 1.368558 -4.423060
v 2.838728 1.371556 -4.417151
v 2.832637 1.368558 -4.407674
v 2.825885 1.360365 -4.397167
v 2.820279 1.349174 -4.388445
v 2.817324 1.337983 -4.383845
v 2.817809 1.329791 -4.384601
v 2.821606 1.326793 -4.390510
v 2.827697 1.329791 -4.399987
v 2.834450 1.337983 -4.410494
v 2.840055 1.349174 -4.419216
v 2.954480 1.247767 -4.474856
v 2.964665 1.256325 -4.466845
v 2.971998 1.259547 -4.453540
v 2.974514 1.256569 -4.438509
v 2.971540 1.248190 -4.425777
v 2.963872 1.236654 -4.418757
v 2.953565 1.225052 -4.419330
v 2.943380 1.216494 -4.427342
v 2.936048 1.213272 -4.440646
v 2.933531 1.216250 -4.455678
v 2.936505 1.224630 -4.468410
v 2.944173 1.236166 -4.475430
v 3.077144 1.145426 -4.515484
v 3.086874 1.154362 -4.507322
v 3.093930 1.157815 -4.493926
v 3.096421 1.154858 -4.478886
v 3.093679 1.146285 -4.466231
v 3.086439 1.134392 -4.459353
v 3.076642 1.122367 -4.460094
v 3.066912 1.113431 -4.468256
v 3.059856 1.109978 -4.481652
v 3.057365 1.112935 -4.496693
v 3.060107 1.121508 -4.509347
v 3.067347 1.133400 -4.516225
v 3.198794 1.053342 -4.553540
v 3.208006 1.062670 -4.545216
v 3.214745 1.066361 -4.531721
v 3.217206 1.063427 -4.516671
v 3.214730 1.054654 -4.504099
v 3.207980 1.042392 -4.497374
v 3.198764 1.029927 -4.498297
v 3.189552 1.020599 -4.506621
v 3.182813 1.016908 -4.520116
v 3.180351 1.019842 -4.535165
v 3.182828 1.028615 -4.547737
v 3.189579 1.040877 -4.554462
v 3.319426 0.971513 -4.589023
v 3.328047 0.981241 -4.580525
v 3.334425 0.985177 -4.566924
v 3.336853 0.982265 -4.551865
v 3.334679 0.973287 -4.539382
v 3.328486 0.960648 -4.532821
v 3.319934 0.947734 -4.533938
v 3.311314 0.938006 -4.542437
v 3.304936 0.934070 -4.556037
v 3.302508 0.936982 -4.571097
v 3.304682 0.945960 -4.583580
v 3.310874 0.958599 -4.590141
v 3.439036 0.899936 -4.621934
v 3.446983 0.910066 -4.613252
v 3.452950 0.914247 -4.599538
v 3.455340 0.911358 -4.584468
v 3.453511 0.902174 -4.572080
v 3.447954 0.889156 -4.565693
v 3.440157 0.875791 -4.567019
v 3.432211 0.865662 -4.575702
v 3.426243 0.861481 -4.589415
v 3.423854 0.864370 -4.604485
v 3.425683 0.873554 -4.616873
v 3.431240 0.886572 -4.623260
v 3.557621 0.838608 -4.652275
v 3.564804 0.849131 -4.643397
v 3.570306 0.853552 -4.629564
v 3.572652 0.850685 -4.614483
v 3.571213 0.841300 -4.602195
v 3.566376 0.827911 -4.595992
v 3.559436 0.814104 -4.597536
v 3.552253 0.803581 -4.606414
v 3.546752 0.799160 -4.620247
v 3.544406 0.802027 -4.635328
v 3.545844 0.811412 -4.647616
v 3.550681 0.824802 -4.653819
v 3.675177 0.787520 -4.680045
v 3.681500 0.798416 -4.670964
v 3.686477 0.803064 -4.657008
v 3.688774 0.800218 -4.641915
v 3.687776 0.790643 -4.629731
v 3.683750 0.776902 -4.623719
v 3.677775 0.762678 -4.625491
v 3.671451 0.751783 -4.634572
v 3.666474 0.747135 -4.648528
v 3.664177 0.749980 -4.663620
v 3.665175 0.759556 -4.675805
v 3.669201 0.773297 -4.681817
v 3.791703 0.746667 -4.705246
v 3.797067 0.757897 -4.695958
v 3.801459 0.762749 -4.681875
v 3.803702 0.759923 -4.666771
v 3.803194 0.750176 -4.654693
v 3.800073 0.736120 -4.648876
v 3.795174 0.721521 -4.650880
v 3.789809 0.710291 -4.660168
v 3.785417 0.705439 -4.674251
v 3.783175 0.708265 -4.689355
v 3.783682 0.718012 -4.701434
v 3.786803 0.732068 -4.707250
v 3.907200 0.716040 -4.727880
v 3.911508 0.727549 -4.718386
v 3.915256 0.732571 -4.704177
v 3.917439 0.729760 -4.689062
v 3.917472 0.719871 -4.677089
v 3.915346 0.705552 -4.671467
v 3.911632 0.690640 -4.673703
v 3.907324 0.679131 -4.683197
v 3.903576 0.674109 -4.697406
v 3.901393 0.676920 -4.712522
v 3.901360 0.686809 -4.724495
v 3.903485 0.701128 -4.730117
v 4.021672 0.695630 -4.747952
v 4.024836 0.707341 -4.738257
v 4.027885 0.712487 -4.723926
v 4.030004 0.709688 -4.708798
v 4.030622 0.699694 -4.696928
v 4.029576 0.685184 -4.691495
v 4.027145 0.670045 -4.693956
v 4.023981 0.658334 -4.703651
v 4.020932 0.653188 -4.717982
v 4.018814 0.655987 -4.733109
v 4.018195 0.665980 -4.744979
v 4.019241 0.680490 -4.750412
v 4.135128 0.685427 -4.765461
v 4.137076 0.697247 -4.755579
v 4.139384 0.702459 -4.741134
v 4.141433 0.699666 -4.725996
v 4.142674 0.689617 -4.714222
v 4.142774 0.675005 -4.708966
v 4.141707 0.659745 -4.711637
v 4.139758 0.647925 -4.721519
v 4.137450 0.642713 -4.735964
v 4.135401 0.645506 -4.751102
v 4.134161 0.655555 -4.762877
v 4.134060 0.670167 -4.768132
v 4.247577 0.685427 -4.780414
v 4.248264 0.697246 -4.770364
v 4.249802 0.702457 -4.755816
v 4.251779 0.699665 -4.740669
v 4.253666 0.689616 -4.728981
v 4.254956 0.675004 -4.723883
v 4.255304 0.659745 -4.726741
v 4.254618 0.647926 -4.736791
v 4.253079 0.642714 -4.751338
v 4.251102 0.645507 -4.766486
v 4.249216 0.655556 -4.778175
v 4.247925 0.670167 -4.783273
v 4.359034 0.695625 -4.792811
v 4.358443 0.707327 -4.782619
v 4.359201 0.712467 -4.767985
v 4.361106 0.709667 -4.752830
v 4.363647 0.699679 -4.741213
v 4.366143 0.685178 -4.736249
v 4.367925 0.670049 -4.739268
v 4.368516 0.658348 -4.749460
v 4.367758 0.653208 -4.764094
v 4.365853 0.656007 -4.779250
v 4.363313 0.665996 -4.790865
v 4.360817 0.680497 -4.795829
v 4.469514 0.716022 -4.802655
v 4.467662 0.727491 -4.792350
v 4.467650 0.732489 -4.777647
v 4.469483 0.729677 -4.762486
v 4.472670 0.719807 -4.750927
v 4.476356 0.705525 -4.746070
v 4.479553 0.690658 -4.749214
v 4.481406 0.679188 -4.759519
v 4.481417 0.674191 -4.774221
v 4.479584 0.677003 -4.789383
v 4.476398 0.686873 -4.800941
v 4.472712 0.701154 -4.805799
v 4.579032 0.746622 -4.809946
v 4.575966 0.757753 -4.799561
v 4.575214 0.762545 -4.784809
v 4.576979 0.759713 -4.769642
v 4.580786 0.750017 -4.758125
v 4.585616 0.736054 -4.753344
v 4.590175 0.721566 -4.756579
v 4.593241 0.710435 -4.766964
v 4.593992 0.705643 -4.781717
v 4.592228 0.708475 -4.796884
v 4.588421 0.718171 -4.808400
v 4.583591 0.732134 -4.813181
v 4.687598 0.787433 -4.814685
v 4.683393 0.798137 -4.804250
v 4.681948 0.802669 -4.789467
v 4.683647 0.799813 -4.774298
v 4.688037 0.790335 -4.762806
v 4.693942 0.776774 -4.758072
v 4.699778 0.762765 -4.761364
v 4.703983 0.752061 -4.771799
v 4.705429 0.747530 -4.786582
v 4.703730 0.750386 -4.801751
v 4.699339 0.759864 -4.813242
v 4.693435 0.773424 -4.817976
v 4.795222 0.838465 -4.816870
v 4.789971 0.848675 -4.806413
v 4.787887 0.852904 -4.791617
v 4.789527 0.850020 -4.776447
v 4.794453 0.840795 -4.764966
v 4.801344 0.827701 -4.760252
v 4.808354 0.814247 -4.763568
v 4.813605 0.804037 -4.774025
v 4.815690 0.799808 -4.788821
v 4.814049 0.802692 -4.803992
v 4.809124 0.811917 -4.815472
v 4.802233 0.825010 -4.820186
v 4.901909 0.899727 -4.816499
v 4.895715 0.909397 -4.806046
v 4.893055 0.913297 -4.791251
v 4.894641 0.910382 -4.776081
v 4.900050 0.901434 -4.764599
v 4.907830 0.888849 -4.759883
v 4.915898 0.876001 -4.763195
v 4.922092 0.866331 -4.773649
v 4.924753 0.862431 -4.788443
v 4.923166 0.865346 -4.803614
v 4.917758 0.874294 -4.815095
v 4.909977 0.886879 -4.819812
v 5.007658 0.971229 -4.813571
v 5.000627 0.980335 -4.803140
v 4.997456 0.983890 -4.788360
v 4.998995 0.980943 -4.773190
v 5.004832 0.972284 -4.761697
v 5.013402 0.960232 -4.756959
v 5.022410 0.948017 -4.760246
v 5.029442 0.938912 -4.770677
v 5.032613 0.935356 -4.785458
v 5.031074 0.938303 -4.800627
v 5.025237 0.946962 -4.812120
v 5.016666 0.959014 -4.816858
v 5.112470 1.052980 -4.808083
v 5.104703 1.061513 -4.797690
v 5.101084 1.064720 -4.782933
v 5.102581 1.061741 -4.767766
v 5.108794 1.053374 -4.756253
v 5.118058 1.041861 -4.751479
v 5.127891 1.030288 -4.754724
v 5.135657 1.021754 -4.765116
v 5.139277 1.018548 -4.779873
v 5.137780 1.021527 -4.795040
v 5.131567 1.029894 -4.806553
v 5.122303 1.041406 -4.811327
v 5.216340 1.144985 -4.800034
v 5.207934 1.152953 -4.789690
v 5.203924 1.155815 -4.774962
v 5.205385 1.152804 -4.759799
v 5.211926 1.144726 -4.748260
v 5.221793 1.133747 -4.743440
v 5.232343 1.122807 -4.746629
v 5.240749 1.114839 -4.756973
v 5.244760 1.111977 -4.771700
v 5.243299 1.114988 -4.786864
v 5.236758 1.123066 -4.798402
v 5.226891 1.134045 -4.803222
v 5.319265 1.247249 -4.789421
v 5.310306 1.254668 -4.779133
v 5.305958 1.257196 -4.764441
v 5.307387 1.254153 -4.749280
v 5.314211 1.246356 -4.737713
v 5.324601 1.235894 -4.732839
v 5.335772 1.225570 -4.735964
v 5.344731 1.218150 -4.746251
v 5.349079 1.215623 -4.760943
v 5.347650 1.218665 -4.776104
v 5.340826 1.226462 -4.787672
v 5.330436 1.236924 -4.792546
v 5.421237 1.359772 -4.776243
v 5.411796 1.366660 -4.766018
v 5.407154 1.368863 -4.751363
v 5.408556 1.365791 -4.736206
v 5.415627 1.358266 -4.724607
v 5.426471 1.348305 -4.719675
v 5.438183 1.338576 -4.722730
v 5.447625 1.331688 -4.732955
v 5.452267 1.329484 -4.747610
v 5.450865 1.332557 -4.762767
v 5.443794 1.340082 -4.774366
v 5.432950 1.350043 -4.779299
v 2.843133 1.247767 -4.546415
v 2.831614 1.256325 -4.552351
v 2.816466 1.259547 -4.553494
v 2.801748 1.256569 -4.549539
v 2.791402 1.248190 -4.541544
v 2.788202 1.236654 -4.531653
v 2.793005 1.225052 -4.522515
v 2.804523 1.216494 -4.516580
v 2.819672 1.213272 -4.515436
v 2.834390 1.216250 -4.519392
v 2.844736 1.224630 -4.527386
v 2.847936 1.236166 -4.537277
v 2.829133 1.145426 -4.674871
v 2.817666 1.154362 -4.680332
v 2.802550 1.157815 -4.681185
v 2.787834 1.154858 -4.677202
v 2.777462 1.146285 -4.669451
v 2.774213 1.134392 -4.660008
v 2.778957 1.122367 -4.651404
v 2.790424 1.113431 -4.645945
v 2.805540 1.109978 -4.645091
v 2.820256 1.112935 -4.649074
v 2.830628 1.121508 -4.656825
v 2.833877 1.133400 -4.666267
v 2.813214 1.053342 -4.801337
v 2.801815 1.062670 -4.806258
v 2.786740 1.066361 -4.806783
v 2.772028 1.063427 -4.802770
v 2.761621 1.054654 -4.795294
v 2.758308 1.042392 -4.786360
v 2.762976 1.029927 -4.778360
v 2.774375 1.020599 -4.773439
v 2.789450 1.016908 -4.772915
v 2.804162 1.019842 -4.776928
v 2.814569 1.028615 -4.784403
v 2.817882 1.040877 -4.793337
v 2.795378 0.971513 -4.925808
v 2.784067 0.981241 -4.930119
v 2.769046 0.985177 -4.930271
v 2.754339 0.982265 -4.926223
v 2.743887 0.973287 -4.919061
v 2.740491 0.960648 -4.910702
v 2.745061 0.947734 -4.903387
v 2.756372 0.938006 -4.899076
v 2.771393 0.934070 -4.898924
v 2.786100 0.936982 -4.902972
v 2.796552 0.945960 -4.910135
v 2.799948 0.958599 -4.918493
v 2.775628 0.899936 -5.048281
v 2.764428 0.910066 -5.051903
v 2.749475 0.914247 -5.051634
v 2.734774 0.911358 -5.047547
v 2.724266 0.902174 -5.040737
v 2.720764 0.889156 -5.033029
v 2.725209 0.875791 -5.026487
v 2.736408 0.865662 -5.022866
v 2.751362 0.861481 -5.023135
v 2.766062 0.864370 -5.027222
v 2.776571 0.873554 -5.034031
v 2.780072 0.886572 -5.041740
v 2.753964 0.838608 -5.168753
v 2.742905 0.849131 -5.171599
v 2.728036 0.853552 -5.170857
v 2.713344 0.850685 -5.166726
v 2.702764 0.841300 -5.160313
v 2.699131 0.827911 -5.153337
v 2.703418 0.814104 -5.147666
v 2.714478 0.803581 -5.144819
v 2.729346 0.799160 -5.145561
v 2.744039 0.802027 -5.149692
v 2.754619 0.811412 -5.156105
v 2.758252 0.824802 -5.163082
v 2.730390 0.787520 -5.287221
v 2.719503 0.798416 -5.289201
v 2.704741 0.803064 -5.287931
v 2.690058 0.800218 -5.283751
v 2.679389 0.790643 -5.277781
v 2.675593 0.776902 -5.271622
v 2.679687 0.762678 -5.266922
v 2.690574 0.751783 -5.264943
v 2.705337 0.747135 -5.266213
v 2.720019 0.749980 -5.270393
v 2.730688 0.759556 -5.276363
v 2.734484 0.773297 -5.282522
v 2.704907 0.746667 -5.403687
v 2.694231 0.757897 -5.404707
v 2.679596 0.762749 -5.402853
v 2.664925 0.759923 -5.398618
v 2.654149 0.750176 -5.393139
v 2.650155 0.736120 -5.387883
v 2.654013 0.721521 -5.384259
v 2.664690 0.710291 -5.383238
v 2.679324 0.705439 -5.385093
v 2.693995 0.708265 -5.389328
v 2.704772 0.718012 -5.394807
v 2.708766 0.732068 -5.400063
v 2.677517 0.716040 -5.518149
v 2.667091 0.727549 -5.518124
v 2.652610 0.732571 -5.515630
v 2.637953 0.729760 -5.511336
v 2.627048 0.719871 -5.506392
v 2.622818 0.705552 -5.502124
v 2.626395 0.690640 -5.499674
v 2.636821 0.679131 -5.499700
v 2.651302 0.674109 -5.502193
v 2.665959 0.676920 -5.506487
v 2.676864 0.686809 -5.511431
v 2.681094 0.701128 -5.515699
v 2.648221 0.695630 -5.630614
v 2.638088 0.707341 -5.629465
v 2.623785 0.712487 -5.626286
v 2.609145 0.709688 -5.621928
v 2.598090 0.699694 -5.617560
v 2.593583 0.685184 -5.614351
v 2.596831 0.670045 -5.613163
v 2.606964 0.658334 -5.614312
v 2.621267 0.653188 -5.617491
v 2.635907 0.655987 -5.621849
v 2.646962 0.665980 -5.626217
v 2.651469 0.680490 -5.629426
v 2.617017 0.685427 -5.741091
v 2.607219 0.697247 -5.738759
v 2.593120 0.702459 -5.734857
v 2.578499 0.699666 -5.730433
v 2.567273 0.689617 -5.726670
v 2.562451 0.675005 -5.724577
v 2.565323 0.659745 -5.724716
v 2.575122 0.647925 -5.727048
v 2.589221 0.642713 -5.730950
v 2.603842 0.645506 -5.735374
v 2.615067 0.655555 -5.739137
v 2.619890 0.670167 -5.741230
v 2.583905 0.685427 -5.849590
v 2.574478 0.697246 -5.846040
v 2.560606 0.702457 -5.841395
v 2.546006 0.699665 -5.836902
v 2.534590 0.689616 -5.833762
v 2.529417 0.675004 -5.832818
v 2.531873 0.659745 -5.834323
v 2.541300 0.647926 -5.837873
v 2.555171 0.642714 -5.842517
v 2.569772 0.645507 -5.847011
v 2.581188 0.655556 -5.850151
v 2.586361 0.670167 -5.851094
v 2.548881 0.695625 -5.956125
v 2.539856 0.707327 -5.951353
v 2.526229 0.712467 -5.945964
v 2.511652 0.709667 -5.941401
v 2.500030 0.699679 -5.938886
v 2.494478 0.685178 -5.939095
v 2.496483 0.670049 -5.941970
v 2.505508 0.658348 -5.946742
v 2.519135 0.653208 -5.952131
v 2.533712 0.656007 -5.956694
v 2.545334 0.665996 -5.959208
v 2.550886 0.680497 -5.959000
v 2.511940 0.716022 -6.060710
v 2.503336 0.727491 -6.054745
v 2.489967 0.732489 -6.048627
v 2.475414 0.729677 -6.043996
v 2.463576 0.719807 -6.042092
v 2.457626 0.705525 -6.043427
v 2.459158 0.690658 -6.047642
v 2.467762 0.679188 -6.053608
v 2.481131 0.674191 -6.059726
v 2.495685 0.677003 -6.064357
v 2.507522 0.686873 -6.066260
v 2.513472 0.701154 -6.064925
v 2.473077 0.746622 -6.163360
v 2.464904 0.757753 -6.156257
v 2.451797 0.762545 -6.149445
v 2.437268 0.759713 -6.144750
v 2.425211 0.750017 -6.143428
v 2.418855 0.736054 -6.145836
v 2.419904 0.721566 -6.151327
v 2.428077 0.710435 -6.158430
v 2.441184 0.705643 -6.165241
v 2.455713 0.708475 -6.169937
v 2.467771 0.718171 -6.171258
v 2.474126 0.732134 -6.168851
v 2.432287 0.787433 -6.264084
v 2.424542 0.798137 -6.255924
v 2.411696 0.802669 -6.248468
v 2.397191 0.799813 -6.243712
v 2.384915 0.790335 -6.242932
v 2.378156 0.776774 -6.246336
v 2.378725 0.762765 -6.253013
v 2.386471 0.752061 -6.261172
v 2.399317 0.747530 -6.268629
v 2.413821 0.750386 -6.273385
v 2.426098 0.759864 -6.274165
v 2.432857 0.773424 -6.270761
v 2.389566 0.838465 -6.362890
v 2.382236 0.848675 -6.353770
v 2.369643 0.852904 -6.345727
v 2.355162 0.850020 -6.340917
v 2.342673 0.840795 -6.340629
v 2.335522 0.827701 -6.344939
v 2.335626 0.814247 -6.352693
v 2.342957 0.804037 -6.361813
v 2.355550 0.799808 -6.369856
v 2.370031 0.802692 -6.374666
v 2.382520 0.811917 -6.374954
v 2.389670 0.825010 -6.370644
v 2.344910 0.899727 -6.459782
v 2.337974 0.909397 -6.449804
v 2.325622 0.913297 -6.441239
v 2.311163 0.910382 -6.436380
v 2.298472 0.901434 -6.436530
v 2.290950 0.888849 -6.441648
v 2.290611 0.876001 -6.450364
v 2.297547 0.866331 -6.460340
v 2.309899 0.862431 -6.468906
v 2.324358 0.865346 -6.473764
v 2.337049 0.874294 -6.473615
v 2.344571 0.886879 -6.468497
v 2.298316 0.971229 -6.554758
v 2.291749 0.980335 -6.544029
v 2.279622 0.983890 -6.535005
v 2.265184 0.980943 -6.530103
v 2.252304 0.972284 -6.530638
v 2.244434 0.960232 -6.536466
v 2.243682 0.948017 -6.546025
v 2.250249 0.938912 -6.556754
v 2.262377 0.935356 -6.565779
v 2.276814 0.938303 -6.570681
v 2.289694 0.946962 -6.570146
v 2.297564 0.959014 -6.564318
v 2.249784 1.052980 -6.647818
v 2.243556 1.061513 -6.636436
v 2.231637 1.064720 -6.627013
v 2.217218 1.061741 -6.622075
v 2.204165 1.053374 -6.622944
v 2.195974 1.041861 -6.629387
v 2.194840 1.030288 -6.639679
v 2.201067 1.021754 -6.651062
v 2.212987 1.018548 -6.660484
v 2.227406 1.021527 -6.665422
v 2.240459 1.029894 -6.664554
v 2.248650 1.041406 -6.658110
v 2.199312 1.144985 -6.738958
v 2.193395 1.152953 -6.727015
v 2.181665 1.155815 -6.717249
v 2.167264 1.152804 -6.712278
v 2.154052 1.144726 -6.713435
v 2.145568 1.133747 -6.720408
v 2.144086 1.122807 -6.731330
v 2.150003 1.114839 -6.743274
v 2.161733 1.111977 -6.753039
v 2.176134 1.114988 -6.758009
v 2.189346 1.123066 -6.756853
v 2.197830 1.134045 -6.749880
v 2.146902 1.247249 -6.828173
v 2.141266 1.254668 -6.815749
v 2.129708 1.257196 -6.805691
v 2.115323 1.254153 -6.800694
v 2.101966 1.246356 -6.802095
v 2.093217 1.235894 -6.809522
v 2.091419 1.225570 -6.820982
v 2.097054 1.218150 -6.833405
v 2.108613 1.215623 -6.843463
v 2.122998 1.218665 -6.848460
v 2.136354 1.226462 -6.847058
v 2.145104 1.236924 -6.839633
v 2.092554 1.359772 -6.915456
v 2.087176 1.366660 -6.902620
v 2.075774 1.368863 -6.892310
v 2.061403 1.365791 -6.887289
v 2.047915 1.358266 -6.888902
v 2.038924 1.348305 -6.896717
v 2.036838 1.338576 -6.908641
v 2.042216 1.331688 -6.921477
v 2.053618 1.329484 -6.931787
v 2.067989 1.332557 -6.936808
v 2.081476 1.340082 -6.935195
v 2.090468 1.350043 -6.927380
vn -0.0000 0.4013 -0.9159
vn -0.0000 0.7301 -0.6834
vn -0.0000 0.9479 -0.3185
vn -0.0000 0.9913 0.1319
vn -0.0000 0.7789 0.6271
vn -0.0000 0.3320 0.9433
vn -0.0000 -0.1490 0.9888
vn -0.0000 -0.5384 0.8427
vn -0.0000 -0.8296 0.5584
vn -0.0000 -0.9898 0.1423
vn -0.0000 -0.8124 -0.5831
vn -0.0000 -0.0867 -0.9962
vn -0.5844 0.3182 -0.7465
vn -0.0790 0.6612 -0.7460
vn 0.4479 0.7818 -0.4338
vn 0.7457 0.6657 -0.0288
vn 0.8457 0.4233 0.3250
vn 0.7888 0.0978 0.6068
vn 0.5464 -0.2938 0.7843
vn 0.0622 -0.6559 0.7523
vn -0.4771 -0.7530 0.4532
vn -0.7985 -0.5965 0.0815
vn -0.9061 -0.3429 -0.2477
vn -0.8456 -0.0382 -0.5325
vn -0.4947 0.3817 -0.7808
vn -0.0745 0.6810 -0.7285
vn 0.3662 0.7972 -0.4799
vn 0.7084 0.6984 -0.1016
vn 0.8594 0.4112 0.3039
vn 0.7788 0.0136 0.6271
vn 0.4894 -0.3869 0.7815
vn 0.0697 -0.6833 0.7268
vn -0.3681 -0.7973 0.4784
vn -0.7076 -0.6990 0.1029
vn -0.8590 -0.4147 -0.3002
vn -0.7815 -0.0194 -0.6236
vn -0.5001 0.3873 -0.7745
vn -0.0916 0.6998 -0.7084
vn 0.3422 0.8242 -0.4513
vn 0.6838 0.7261 -0.0721
vn 0.8408 0.4320 0.3264
vn 0.7710 0.0220 0.6364
vn 0.4945 -0.3932 0.7751
vn 0.0864 -0.7025 0.7064
vn -0.3441 -0.8243 0.4496
vn -0.6829 -0.7268 0.0734
vn -0.8402 -0.4359 -0.3224
vn -0.7738 -0.0285 -0.6328
vn -0.5064 0.3929 -0.7676
vn -0.1114 0.7190 -0.6860
vn 0.3143 0.8517 -0.4193
vn 0.6553 0.7543 -0.0391
vn 0.8192 0.4532 0.3515
vn 0.7620 0.0304 0.6468
vn 0.5005 -0.3997 0.7679
vn 0.1058 -0.7221 0.6836
vn -0.3164 -0.8518 0.4175
vn -0.6543 -0.7551 0.0405
vn -0.8185 -0.4576 -0.3473
vn -0.7648 -0.0378 -0.6432
vn -0.5136 0.3986 -0.7599
vn -0.1342 0.7383 -0.6610
vn 0.2821 0.8794 -0.3836
vn 0.6224 0.7827 -0.0023
vn 0.7942 0.4745 0.3795
vn 0.7517 0.0389 0.6584
vn 0.5075 -0.4062 0.7599
vn 0.1283 -0.7418 0.6582
vn -0.2844 -0.8795 0.3816
vn -0.6213 -0.7836 0.0038
vn -0.7933 -0.4795 -0.3751
vn -0.7544 -0.0473 -0.6547
vn -0.5218 0.4040 -0.7513
vn -0.1604 0.7571 -0.6333
vn 0.2450 0.9064 -0.3440
vn 0.5845 0.8105 0.0386
vn 0.7656 0.4953 0.4106
vn 0.7398 0.0471 0.6711
vn 0.5156 -0.4127 0.7509
vn 0.1542 -0.7612 0.6300
vn -0.2475 -0.9066 0.3417
vn -0.5833 -0.8114 -0.0369
vn -0.7644 -0.5009 -0.4059
vn -0.7424 -0.0565 -0.6676
vn -0.5311 0.4091 -0.7420
vn -0.1903 0.7749 -0.6028
vn 0.2027 0.9320 -0.3004
vn 0.5411 0.8368 0.0836
vn 0.7328 0.5150 0.4448
vn 0.7263 0.0548 0.6852
vn 0.5249 -0.4189 0.7410
vn 0.1838 -0.7795 0.5989
vn -0.2054 -0.9323 0.2979
vn -0.5398 -0.8378 -0.0818
vn -0.7313 -0.5212 -0.4400
vn -0.7286 -0.0653 -0.6818
vn -0.5416 0.4137 -0.7318
vn -0.2240 0.7909 -0.5695
vn 0.1548 0.9550 -0.2529
vn 0.4920 0.8604 0.1327
vn 0.6957 0.5326 0.4820
vn 0.7111 0.0617 0.7004
vn 0.5355 -0.4245 0.7301
vn 0.2175 -0.7960 0.5649
vn -0.1576 -0.9553 0.2501
vn -0.4906 -0.8615 -0.1307
vn -0.6938 -0.5395 -0.4771
vn -0.7130 -0.0733 -0.6973
vn -0.5532 0.4174 -0.7209
vn -0.2617 0.8041 -0.5337
vn 0.1013 0.9742 -0.2017
vn 0.4372 0.8801 0.1854
vn 0.6543 0.5473 0.5219
vn 0.6941 0.0674 0.7167
vn 0.5474 -0.4292 0.7184
vn 0.2551 -0.8097 0.5285
vn -0.1042 -0.9745 0.1987
vn -0.4356 -0.8813 -0.1834
vn -0.6519 -0.5547 -0.5171
vn -0.6954 -0.0800 -0.7141
vn -0.5659 0.4201 -0.7094
vn -0.3031 0.8138 -0.4959
vn 0.0424 0.9881 -0.1476
vn 0.3768 0.8944 0.2411
vn 0.6087 0.5579 0.5641
vn 0.6755 0.0714 0.7339
vn 0.5606 -0.4327 0.7060
vn 0.2966 -0.8198 0.4899
vn -0.0454 -0.9885 0.1444
vn -0.3751 -0.8957 -0.2390
vn -0.6058 -0.5658 -0.5594
vn -0.6761 -0.0850 -0.7319
vn -0.5795 0.4214 -0.6976
vn -0.3476 0.8188 -0.4568
vn -0.0210 0.9956 -0.0917
vn 0.3117 0.9020 0.2987
vn 0.5595 0.5635 0.6077
vn 0.6554 0.0735 0.7517
vn 0.5750 -0.4346 0.6932
vn 0.3414 -0.8252 0.4500
vn 0.0180 -0.9959 0.0882
vn -0.3099 -0.9033 -0.2966
vn -0.5560 -0.5718 -0.6032
vn -0.6551 -0.0877 -0.7504
vn -0.5938 0.4212 -0.6856
vn -0.3945 0.8187 -0.4172
vn -0.0878 0.9955 -0.0351
vn 0.2431 0.9019 0.3570
vn 0.5077 0.5634 0.6518
vn 0.6343 0.0733 0.7696
vn 0.5901 -0.4348 0.6802
vn 0.3887 -0.8252 0.4098
vn 0.0848 -0.9959 0.0314
vn -0.2412 -0.9033 -0.3548
vn -0.5037 -0.5719 -0.6475
vn -0.6331 -0.0879 -0.7691
vn -0.6084 0.4195 -0.6737
vn -0.4426 0.8131 -0.3781
vn -0.1565 0.9875 0.0207
vn 0.1725 0.8936 0.4143
vn 0.4544 0.5571 0.6951
vn 0.6127 0.0707 0.7872
vn 0.6058 -0.4330 0.6675
vn 0.4375 -0.8195 0.3702
vn 0.1536 -0.9878 -0.0244
vn -0.1705 -0.8950 -0.4121
vn -0.4498 -0.5656 -0.6912
vn -0.6104 -0.0852 -0.7875
vn -0.6230 0.4162 -0.6623
vn -0.4908 0.8019 -0.3407
vn -0.2253 0.9715 0.0741
vn 0.1017 0.8772 0.4692
vn 0.4009 0.5447 0.7366
vn 0.5909 0.0658 0.8041
vn 0.6215 -0.4292 0.6553
vn 0.4863 -0.8081 0.3324
vn 0.2225 -0.9718 -0.0779
vn -0.0998 -0.8786 -0.4671
vn -0.3959 -0.5530 -0.7331
vn -0.5877 -0.0799 -0.8052
vn -0.6373 0.4114 -0.6516
vn -0.5378 0.7857 -0.3056
vn -0.2925 0.9482 0.1240
vn 0.0326 0.8533 0.5204
vn 0.3486 0.5268 0.7752
vn 0.5696 0.0586 0.8198
vn 0.6369 -0.4238 0.6441
vn 0.5340 -0.7915 0.2972
vn 0.2898 -0.9485 -0.1277
vn -0.0307 -0.8546 -0.5183
vn -0.3433 -0.5347 -0.7722
vn -0.5655 -0.0720 -0.8216
vn -0.6510 0.4054 -0.6418
vn -0.5826 0.7652 -0.2737
vn -0.3565 0.9188 0.1693
vn -0.0332 0.8232 0.5668
vn 0.2988 0.5042 0.8103
vn 0.5493 0.0496 0.8342
vn 0.6514 -0.4168 0.6339
vn 0.5795 -0.7706 0.2652
vn 0.3540 -0.9191 -0.1729
vn 0.0351 -0.8244 -0.5649
vn -0.2933 -0.5115 -0.8077
vn -0.5445 -0.0620 -0.8365
vn -0.6638 0.3984 -0.6330
vn -0.6244 0.7415 -0.2453
vn -0.4161 0.8848 0.2096
vn -0.0947 0.7882 0.6081
vn 0.2522 0.4779 0.8414
vn 0.5302 0.0392 0.8470
vn 0.6650 -0.4088 0.6250
vn 0.6219 -0.7463 0.2370
vn 0.4139 -0.8850 -0.2130
vn 0.0965 -0.7894 -0.6063
vn -0.2466 -0.4846 -0.8392
vn -0.5249 -0.0505 -0.8496
vn -0.6755 0.3908 -0.6252
vn -0.6627 0.7156 -0.2206
vn -0.4707 0.8477 0.2446
vn -0.1510 0.7501 0.6439
vn 0.2095 0.4493 0.8685
vn 0.5127 0.0278 0.8581
vn 0.6774 -0.4000 0.6174
vn 0.6608 -0.7198 0.2126
vn 0.4687 -0.8478 -0.2479
vn 0.1527 -0.7511 -0.6422
vn -0.2040 -0.4553 -0.8667
vn -0.5071 -0.0379 -0.8610
vn -0.6862 0.3828 -0.6185
vn -0.6973 0.6885 -0.1994
vn -0.5200 0.8088 0.2745
vn -0.2017 0.7102 0.6745
vn 0.1710 0.4193 0.8916
vn 0.4968 0.0158 0.8677
vn 0.6885 -0.3909 0.6109
vn 0.6958 -0.6922 0.1917
vn 0.5182 -0.8090 -0.2776
vn 0.2034 -0.7111 -0.6730
vn -0.1656 -0.4247 -0.8901
vn -0.4911 -0.0247 -0.8707
vn -0.6957 0.3747 -0.6128
vn -0.7281 0.6611 -0.1814
vn -0.5639 0.7695 0.2998
vn -0.2470 0.6698 0.7003
vn 0.1366 0.3889 0.9111
vn 0.4826 0.0037 0.8758
vn 0.6983 -0.3817 0.6056
vn 0.7270 -0.6642 0.1742
vn 0.5623 -0.7696 -0.3027
vn 0.2485 -0.6707 -0.6989
vn -0.1314 -0.3937 -0.9098
vn -0.4769 -0.0115 -0.8789
vn -0.7042 0.3666 -0.6080
vn -0.7553 0.6339 -0.1664
vn -0.6027 0.7306 0.3209
vn -0.2870 0.6299 0.7217
vn 0.1061 0.3589 0.9273
vn 0.4700 -0.0084 0.8826
vn 0.7069 -0.3726 0.6011
vn 0.7545 -0.6365 0.1597
vn 0.6012 -0.7306 -0.3235
vn 0.2884 -0.6307 -0.7205
vn -0.1012 -0.3631 -0.9262
vn -0.4644 0.0016 -0.8856
vn -0.7117 0.3587 -0.6040
vn -0.7792 0.6075 -0.1539
vn -0.6367 0.6929 0.3383
vn -0.3221 0.5911 0.7395
vn 0.0793 0.3298 0.9407
vn 0.4589 -0.0201 0.8883
vn 0.7145 -0.3639 0.5976
vn 0.7787 -0.6097 0.1477
vn 0.6355 -0.6929 -0.3407
vn 0.3234 -0.5918 -0.7383
vn -0.0747 -0.3334 -0.9398
vn -0.4535 0.0143 -0.8911
vn -0.7152 0.3549 -0.6020
vn -0.7903 0.5945 -0.1482
vn -0.6525 0.6742 0.3461
vn -0.3385 0.5719 0.7472
vn 0.0667 0.3154 0.9466
vn 0.4536 -0.0258 0.8908
vn 0.7180 -0.3595 0.5960
vn 0.7899 -0.5965 0.1424
vn 0.6513 -0.6741 -0.3484
vn 0.3397 -0.5726 -0.7462
vn -0.0624 -0.3187 -0.9458
vn -0.4484 0.0205 -0.8936
vn 0.5844 0.3182 -0.7465
vn 0.0790 0.6612 -0.7460
vn -0.4479 0.7818 -0.4338
vn -0.7457 0.6657 -0.0288
vn -0.8457 0.4233 0.3250
vn -0.7888 0.0978 0.6068
vn -0.5464 -0.2938 0.7843
vn -0.0622 -0.6559 0.7523
vn 0.4771 -0.7530 0.4532
vn 0.7985 -0.5965 0.0815
vn 0.9061 -0.3429 -0.2477
vn 0.8456 -0.0382 -0.5325
vn 0.4947 0.3817 -0.7808
vn 0.0745 0.6810 -0.7285
vn -0.3662 0.7972 -0.4799
vn -0.7084 0.6984 -0.1016
vn -0.8594 0.4112 0.3039
vn -0.7788 0.0136 0.6271
vn -0.4894 -0.3869 0.7815
vn -0.0697 -0.6833 0.7268
vn 0.3681 -0.7973 0.4784
vn 0.7076 -0.6990 0.1029
vn 0.8590 -0.4147 -0.3002
vn 0.7815 -0.0194 -0.6236
vn 0.5001 0.3873 -0.7745
vn 0.0916 0.6998 -0.7084
vn -0.3422 0.8242 -0.4513
vn -0.6838 0.7261 -0.0721
vn -0.8408 0.4320 0.3264
vn -0.7710 0.0220 0.6364
vn -0.4945 -0.3932 0.7751
vn -0.0864 -0.7025 0.7064
vn 0.3441 -0.8243 0.4496
vn 0.6829 -0.7268 0.0734
vn 0.8402 -0.4359 -0.3224
vn 0.7738 -0.0285 -0.6328
vn 0.5064 0.3929 -0.7676
vn 0.1114 0.7190 -0.6860
vn -0.3143 0.8517 -0.4193
vn -0.6553 0.7543 -0.0391
vn -0.8192 0.4532 0.3515
vn -0.7620 0.0304 0.6468
vn -0.5005 -0.3997 0.7679
vn -0.1058 -0.7221 0.6836
vn 0.3164 -0.8518 0.4175
vn 0.6543 -0.7551 0.0405
vn 0.8185 -0.4576 -0.3473
vn 0.7648 -0.0378 -0.6432
vn 0.5136 0.3986 -0.7599
vn 0.1342 0.7383 -0.6610
vn -0.2821 0.8794 -0.3836
vn -0.6224 0.7827 -0.0023
vn -0.7942 0.4745 0.3795
vn -0.7517 0.0389 0.6584
vn -0.5075 -0.4062 0.7599
vn -0.1283 -0.7418 0.6582
vn 0.2844 -0.8795 0.3816
vn 0.6213 -0.7836 0.0038
vn 0.7933 -0.4795 -0.3751
vn 0.7544 -0.0473 -0.6547
vn 0.5218 0.4040 -0.7513
vn 0.1604 0.7571 -0.6333
vn -0.2450 0.9064 -0.3440
vn -0.5845 0.8105 0.0386
vn -0.7656 0.4953 0.4106
vn -0.7398 0.0471 0.6711
vn -0.5156 -0.4127 0.7509
vn -0.1542 -0.7612 0.6300
vn 0.2475 -0.9066 0.3417
vn 0.5833 -0.8114 -0.0369
vn 0.7644 -0.5009 -0.4060
vn 0.7424 -0.0565 -0.6676
vn 0.5311 0.4091 -0.7420
vn 0.1903 0.7749 -0.6028
vn -0.2027 0.9320 -0.3004
vn -0.5411 0.8368 0.0836
vn -0.7328 0.5150 0.4448
vn -0.7263 0.0548 0.6852
vn -0.5249 -0.4189 0.7410
vn -0.1838 -0.7795 0.5989
vn 0.2053 -0.9323 0.2979
vn 0.5398 -0.8378 -0.0818
vn 0.7313 -0.5212 -0.4400
vn 0.7286 -0.0653 -0.6818
vn 0.5416 0.4137 -0.7318
vn 0.2240 0.7909 -0.5695
vn -0.1548 0.9550 -0.2529
vn -0.4920 0.8604 0.1327
vn -0.6957 0.5326 0.4820
vn -0.7111 0.0617 0.7004
vn -0.5355 -0.4245 0.7301
vn -0.2175 -0.7960 0.5649
vn 0.1576 -0.9553 0.2501
vn 0.4906 -0.8615 -0.1307
vn 0.6938 -0.5395 -0.4771
vn 0.7130 -0.0733 -0.6973
vn 0.5532 0.4174 -0.7209
vn 0.2617 0.8041 -0.5337
vn -0.1013 0.9742 -0.2017
vn -0.4372 0.8801 0.1854
vn -0.6543 0.5473 0.5219
vn -0.6941 0.0674 0.7167
vn -0.5474 -0.4292 0.7184
vn -0.2551 -0.8097 0.5285
vn 0.1042 -0.9745 0.1987
vn 0.4356 -0.8813 -0.1834
vn 0.6519 -0.5547 -0.5171
vn 0.6954 -0.0801 -0.7141
vn 0.5659 0.4201 -0.7094
vn 0.3031 0.8137 -0.4959
vn -0.0424 0.9881 -0.1477
vn -0.3768 0.8944 0.2411
vn -0.6087 0.5579 0.5641
vn -0.6755 0.0714 0.7339
vn -0.5606 -0.4327 0.7060
vn -0.2966 -0.8198 0.4899
vn 0.0454 -0.9885 0.1444
vn 0.3751 -0.8957 -0.2390
vn 0.6058 -0.5658 -0.5594
vn 0.6761 -0.0850 -0.7319
vn 0.5795 0.4214 -0.6976
vn 0.3476 0.8188 -0.4568
vn 0.0210 0.9956 -0.0917
vn -0.3117 0.9020 0.2987
vn -0.5595 0.5635 0.6077
vn -0.6554 0.0735 0.7517
vn -0.5750 -0.4346 0.6932
vn -0.3414 -0.8252 0.4500
vn -0.0180 -0.9959 0.0882
vn 0.3099 -0.9033 -0.2966
vn 0.5560 -0.5718 -0.6032
vn 0.6551 -0.0877 -0.7504
vn 0.5938 0.4212 -0.6856
vn 0.3945 0.8187 -0.4172
vn 0.0878 0.9955 -0.0351
vn -0.2431 0.9019 0.3570
vn -0.5077 0.5634 0.6518
vn -0.6343 0.0733 0.7696
vn -0.5901 -0.4348 0.6802
vn -0.3887 -0.8252 0.4098
vn -0.0848 -0.9959 0.0315
vn 0.2412 -0.9033 -0.3548
vn 0.5037 -0.5719 -0.6475
vn 0.6331 -0.0879 -0.7691
vn 0.6084 0.4195 -0.6737
vn 0.4426 0.8131 -0.3781
vn 0.1565 0.9875 0.0207
vn -0.1725 0.8936 0.4143
vn -0.4544 0.5571 0.6951
vn -0.6127 0.0707 0.7872
vn -0.6058 -0.4330 0.6675
vn -0.4374 -0.8195 0.3702
vn -0.1536 -0.9878 -0.0244
vn 0.1705 -0.8950 -0.4121
vn 0.4498 -0.5656 -0.6912
vn 0.6104 -0.0852 -0.7875
vn 0.6230 0.4162 -0.6623
vn 0.4908 0.8019 -0.3407
vn 0.2253 0.9715 0.0741
vn -0.1017 0.8772 0.4692
vn -0.4009 0.5447 0.7366
vn -0.5909 0.0658 0.8041
vn -0.6215 -0.4292 0.6553
vn -0.4863 -0.8081 0.3324
vn -0.2225 -0.9718 -0.0779
vn 0.0998 -0.8786 -0.4671
vn 0.3959 -0.5530 -0.7331
vn 0.5877 -0.0799 -0.8052
vn 0.6373 0.4114 -0.6516
vn 0.5378 0.7857 -0.3057
vn 0.2925 0.9482 0.1240
vn -0.0326 0.8533 0.5204
vn -0.3486 0.5268 0.7752
vn -0.5696 0.0586 0.8198
vn -0.6369 -0.4238 0.6441
vn -0.5340 -0.7915 0.2972
vn -0.2898 -0.9485 -0.1277
vn 0.0307 -0.8546 -0.5183
vn 0.3433 -0.5346 -0.7722
vn 0.5655 -0.0720 -0.8216
vn 0.6510 0.4054 -0.6418
vn 0.5826 0.7652 -0.2737
vn 0.3565 0.9188 0.1693
vn 0.0332 0.8232 0.5668
vn -0.2988 0.5042 0.8103
vn -0.5493 0.0496 0.8342
vn -0.6514 -0.4168 0.6339
vn -0.5795 -0.7706 0.2652
vn -0.3540 -0.9191 -0.1729
vn -0.0351 -0.8244 -0.5649
vn 0.2933 -0.5115 -0.8077
vn 0.5445 -0.0620 -0.8365
vn 0.6638 0.3984 -0.6330
vn 0.6244 0.7415 -0.2453
vn 0.4161 0.8848 0.2096
vn 0.0947 0.7882 0.6081
vn -0.2522 0.4779 0.8414
vn -0.5302 0.0392 0.8470
vn -0.6650 -0.4088 0.6250
vn -0.6219 -0.7463 0.2370
vn -0.4139 -0.8850 -0.2130
vn -0.0965 -0.7894 -0.6063
vn 0.2466 -0.4846 -0.8392
vn 0.5249 -0.0505 -0.8496
vn 0.6755 0.3908 -0.6252
vn 0.6627 0.7156 -0.2206
vn 0.4707 0.8477 0.2446
vn 0.1510 0.7501 0.6439
vn -0.2095 0.4493 0.8685
vn -0.5127 0.0278 0.8581
vn -0.6774 -0.4000 0.6174
vn -0.6608 -0.7198 0.2126
vn -0.4687 -0.8478 -0.2479
vn -0.1527 -0.7511 -0.6422
vn 0.2040 -0.4553 -0.8667
vn 0.5071 -0.0379 -0.8610
vn 0.6862 0.3828 -0.6185
vn 0.6973 0.6885 -0.1994
vn 0.5200 0.8088 0.2745
vn 0.2017 0.7102 0.6745
vn -0.1710 0.4193 0.8916
vn -0.4968 0.0158 0.8677
vn -0.6885 -0.3909 0.6109
vn -0.6958 -0.6922 0.1917
vn -0.5182 -0.8090 -0.2776
vn -0.2034 -0.7111 -0.6730
vn 0.1656 -0.4247 -0.8901
vn 0.4911 -0.0247 -0.8707
vn 0.6957 0.3747 -0.6128
vn 0.7280 0.6611 -0.1814
vn 0.5639 0.7695 0.2998
vn 0.2470 0.6698 0.7003
vn -0.1366 0.3889 0.9111
vn -0.4826 0.0037 0.8758
vn -0.6983 -0.3817 0.6056
vn -0.7270 -0.6642 0.1742
vn -0.5623 -0.7696 -0.3027
vn -0.2485 -0.6707 -0.6989
vn 0.1314 -0.3937 -0.9098
vn 0.4769 -0.0115 -0.8789
vn 0.7042 0.3666 -0.6080
vn 0.7553 0.6339 -0.1664
vn 0.6027 0.7306 0.3209
vn 0.2870 0.6299 0.7217
vn -0.1061 0.3589 0.9273
vn -0.4700 -0.0084 0.8826
vn -0.7069 -0.3726 0.6011
vn -0.7545 -0.6365 0.1597
vn -0.6012 -0.7306 -0.3235
vn -0.2884 -0.6307 -0.7205
vn 0.1012 -0.3631 -0.9262
vn 0.4644 0.0016 -0.8856
vn 0.7117 0.3587 -0.6040
vn 0.7792 0.6075 -0.1539
vn 0.6367 0.6929 0.3383
vn 0.3221 0.5911 0.7395
vn -0.0793 0.3298 0.9407
vn -0.4589 -0.0201 0.8883
vn -0.7145 -0.3639 0.5976
vn -0.7787 -0.6097 0.1477
vn -0.6355 -0.6929 -0.3407
vn -0.3234 -0.5918 -0.7383
vn 0.0747 -0.3334 -0.9398
vn 0.4535 0.0142 -0.8911
vn 0.7152 0.3549 -0.6020
vn 0.7903 0.5945 -0.1482
vn 0.6524 0.6742 0.3461
vn 0.3385 0.5719 0.7472
vn -0.0667 0.3154 0.9466
vn -0.4536 -0.0258 0.8908
vn -0.7180 -0.3595 0.5960
vn -0.7899 -0.5965 0.1424
vn -0.6513 -0.6741 -0.3484
vn -0.3397 -0.5726 -0.7462
vn 0.0624 -0.3187 -0.9458
vn 0.4484 0.0205 -0.8936
vn -0.4952 0.4013 -0.7705
vn -0.3695 0.7301 -0.5749
vn -0.1722 0.9479 -0.2679
vn 0.0713 0.9913 0.1109
vn 0.3391 0.7789 0.5276
vn 0.5100 0.3320 0.7935
vn 0.5346 -0.1490 0.8319
vn 0.4556 -0.5384 0.7089
vn 0.3019 -0.8296 0.4697
vn 0.0769 -0.9898 0.1197
vn -0.3153 -0.8124 -0.4905
vn -0.5386 -0.0867 -0.8381
vn -0.8952 0.3182 -0.3120
vn -0.4698 0.6612 -0.5849
vn 0.1422 0.7818 -0.6071
vn 0.6117 0.6657 -0.4274
vn 0.8872 0.4233 -0.1838
vn 0.9917 0.0978 0.0840
vn 0.8837 -0.2938 0.3644
vn 0.4591 -0.6559 0.5992
vn -0.1563 -0.7530 0.6392
vn -0.6277 -0.5965 0.5002
vn -0.8962 -0.3429 0.2815
vn -0.9992 -0.0382 0.0092
vn -0.8383 0.3817 -0.3894
vn -0.4565 0.6810 -0.5725
vn 0.0487 0.7972 -0.6017
vn 0.5410 0.6984 -0.4685
vn 0.8873 0.4112 -0.2090
vn 0.9942 0.0136 0.1065
vn 0.8342 -0.3869 0.3929
vn 0.4515 -0.6833 0.5737
vn -0.0510 -0.7973 0.6014
vn -0.5397 -0.6990 0.4691
vn -0.8849 -0.4147 0.2119
vn -0.9946 -0.0194 -0.1021
vn -0.8395 0.3873 -0.3812
vn -0.4601 0.6998 -0.5464
vn 0.0439 0.8242 -0.5646
vn 0.5363 0.7261 -0.4304
vn 0.8837 0.4320 -0.1800
vn 0.9927 0.0220 0.1185
vn 0.8351 -0.3932 0.3847
vn 0.4546 -0.7025 0.5475
vn -0.0464 -0.8243 0.5643
vn -0.5348 -0.7268 0.4310
vn -0.8812 -0.4359 0.1830
vn -0.9931 -0.0285 -0.1141
vn -0.8410 0.3929 -0.3719
vn -0.4646 0.7190 -0.5169
vn 0.0377 0.8517 -0.5226
vn 0.5302 0.7543 -0.3872
vn 0.8792 0.4532 -0.1472
vn 0.9908 0.0304 0.1321
vn 0.8362 -0.3997 0.3754
vn 0.4586 -0.7221 0.5179
vn -0.0405 -0.8518 0.5223
vn -0.5285 -0.7551 0.3879
vn -0.8763 -0.4577 0.1503
vn -0.9911 -0.0378 -0.1276
vn -0.8429 0.3986 -0.3616
vn -0.4703 0.7383 -0.4835
vn 0.0299 0.8794 -0.4752
vn 0.5224 0.7827 -0.3384
vn 0.8733 0.4745 -0.1101
vn 0.9883 0.0389 0.1475
vn 0.8377 -0.4063 0.3649
vn 0.4638 -0.7418 0.4843
vn -0.0330 -0.8795 0.4747
vn -0.5206 -0.7836 0.3391
vn -0.8702 -0.4795 0.1134
vn -0.9886 -0.0473 -0.1429
vn -0.8452 0.4040 -0.3499
vn -0.4773 0.7571 -0.4460
vn 0.0202 0.9064 -0.4219
vn 0.5126 0.8105 -0.2835
vn 0.8660 0.4953 -0.0685
vn 0.9852 0.0471 0.1646
vn 0.8397 -0.4127 0.3530
vn 0.4703 -0.7612 0.4466
vn -0.0235 -0.9066 0.4213
vn -0.5106 -0.8115 0.2843
vn -0.8625 -0.5009 0.0718
vn -0.9855 -0.0565 -0.1602
vn -0.8479 0.4092 -0.3370
vn -0.4859 0.7749 -0.4042
vn 0.0081 0.9320 -0.3623
vn 0.5004 0.8368 -0.2222
vn 0.8569 0.5150 -0.0220
vn 0.9814 0.0548 0.1837
vn 0.8421 -0.4189 0.3396
vn 0.4784 -0.7795 0.4044
vn -0.0117 -0.9323 0.3616
vn -0.4983 -0.8378 0.2230
vn -0.8531 -0.5212 0.0252
vn -0.9816 -0.0654 -0.1796
vn -0.8513 0.4137 -0.3228
vn -0.4964 0.7909 -0.3580
vn -0.0065 0.9550 -0.2964
vn 0.4857 0.8604 -0.1544
vn 0.8458 0.5326 0.0293
vn 0.9769 0.0617 0.2048
vn 0.8452 -0.4245 0.3247
vn 0.4884 -0.7960 0.3577
vn 0.0026 -0.9553 0.2956
vn -0.4834 -0.8615 0.1552
vn -0.8416 -0.5395 -0.0263
vn -0.9768 -0.0733 -0.2012
vn -0.8552 0.4174 -0.3074
vn -0.5087 0.8041 -0.3075
vn -0.0238 0.9742 -0.2244
vn 0.4680 0.8801 -0.0804
vn 0.8326 0.5473 0.0854
vn 0.9714 0.0674 0.2277
vn 0.8489 -0.4292 0.3084
vn 0.5003 -0.8097 0.3066
vn 0.0198 -0.9745 0.2235
vn -0.4656 -0.8813 0.0812
vn -0.8279 -0.5547 -0.0826
vn -0.9711 -0.0800 -0.2248
vn -0.8596 0.4201 -0.2908
vn -0.5231 0.8137 -0.2533
vn -0.0441 0.9881 -0.1472
vn 0.4473 0.8944 -0.0009
vn 0.8170 0.5579 0.1455
vn 0.9650 0.0714 0.2522
vn 0.8533 -0.4327 0.2909
vn 0.5144 -0.8198 0.2518
vn 0.0399 -0.9885 0.1460
vn -0.4447 -0.8957 0.0017
vn -0.8120 -0.5658 -0.1431
vn -0.9644 -0.0850 -0.2502
vn -0.8646 0.4214 -0.2735
vn -0.5394 0.8188 -0.1963
vn -0.0672 0.9956 -0.0658
vn 0.4238 0.9020 0.0828
vn 0.7993 0.5635 0.2088
vn 0.9578 0.0735 0.2780
vn 0.8585 -0.4346 0.2723
vn 0.5305 -0.8252 0.1940
vn 0.0628 -0.9959 0.0645
vn -0.4210 -0.9033 -0.0820
vn -0.7939 -0.5718 -0.2068
vn -0.9568 -0.0877 -0.2771
vn -0.8702 0.4212 -0.2557
vn -0.5574 0.8187 -0.1377
vn -0.0928 0.9955 0.0180
vn 0.3975 0.9019 0.1689
vn 0.7795 0.5634 0.2738
vn 0.9497 0.0733 0.3045
vn 0.8642 -0.4348 0.2532
vn 0.5486 -0.8252 0.1346
vn 0.0884 -0.9959 -0.0194
vn -0.3947 -0.9033 -0.1681
vn -0.7738 -0.5719 -0.2724
vn -0.9484 -0.0879 -0.3047
vn -0.8761 0.4195 -0.2378
vn -0.5768 0.8131 -0.0788
vn -0.1205 0.9875 0.1020
vn 0.3691 0.8936 0.2553
vn 0.7580 0.5571 0.3391
vn 0.9410 0.0707 0.3310
vn 0.8705 -0.4330 0.2340
vn 0.5682 -0.8195 0.0749
vn 0.1160 -0.9878 -0.1036
vn -0.3663 -0.8950 -0.2545
vn -0.7521 -0.5656 -0.3383
vn -0.9392 -0.0852 -0.3325
vn -0.8822 0.4162 -0.2203
vn -0.5971 0.8019 -0.0212
vn -0.1495 0.9715 0.1841
vn 0.3393 0.8772 0.3397
vn 0.7355 0.5448 0.4029
vn 0.9318 0.0658 0.3569
vn 0.8772 -0.4293 0.2153
vn 0.5888 -0.8081 0.0167
vn 0.1451 -0.9718 -0.1858
vn -0.3365 -0.8786 -0.3390
vn -0.7294 -0.5530 -0.4027
vn -0.9297 -0.0799 -0.3596
vn -0.8884 0.4114 -0.2036
vn -0.6177 0.7857 0.0336
vn -0.1790 0.9482 0.2624
vn 0.3088 0.8533 0.4201
vn 0.7124 0.5268 0.4636
vn 0.9224 0.0586 0.3817
vn 0.8840 -0.4238 0.1975
vn 0.6099 -0.7915 -0.0387
vn 0.1748 -0.9485 -0.2641
vn -0.3061 -0.8546 -0.4195
vn -0.7063 -0.5346 -0.4640
vn -0.9199 -0.0720 -0.3854
vn -0.8946 0.4054 -0.1880
vn -0.6382 0.7652 0.0847
vn -0.2083 0.9188 0.3351
vn 0.2785 0.8232 0.4948
vn 0.6894 0.5042 0.5201
vn 0.9131 0.0496 0.4048
vn 0.8908 -0.4168 0.1811
vn 0.6309 -0.7706 -0.0902
vn 0.2043 -0.9191 -0.3369
vn -0.2759 -0.8244 -0.4942
vn -0.6834 -0.5115 -0.5209
vn -0.9103 -0.0620 -0.4093
vn -0.9006 0.3984 -0.1736
vn -0.6580 0.7415 0.1312
vn -0.2368 0.8848 0.4013
vn 0.2491 0.7882 0.5627
vn 0.6671 0.4779 0.5715
vn 0.9039 0.0392 0.4259
vn 0.8974 -0.4088 0.1663
vn 0.6514 -0.7463 -0.1369
vn 0.2330 -0.8850 -0.4030
vn -0.2466 -0.7894 -0.5622
vn -0.6612 -0.4846 -0.5727
vn -0.9010 -0.0505 -0.4310
vn -0.9063 0.3908 -0.1608
vn -0.6768 0.7156 0.1727
vn -0.2638 0.8477 0.4603
vn 0.2211 0.7501 0.6233
vn 0.6458 0.4493 0.6173
vn 0.8952 0.0278 0.4447
vn 0.9036 -0.4000 0.1532
vn 0.6708 -0.7198 -0.1784
vn 0.2603 -0.8478 -0.4620
vn -0.2188 -0.7511 -0.6229
vn -0.6401 -0.4553 -0.6188
vn -0.8921 -0.0379 -0.4502
vn -0.9117 0.3829 -0.1494
vn -0.6943 0.6886 0.2093
vn -0.2890 0.8089 0.5121
vn 0.1949 0.7102 0.6765
vn 0.6258 0.4193 0.6576
vn 0.8871 0.0158 0.4614
vn 0.9095 -0.3909 0.1417
vn 0.6890 -0.6922 -0.2149
vn 0.2858 -0.8089 -0.5137
vn -0.1928 -0.7112 -0.6761
vn -0.6205 -0.4247 -0.6593
vn -0.8839 -0.0247 -0.4670
vn -0.9166 0.3747 -0.1394
vn -0.7105 0.6611 0.2410
vn -0.3123 0.7695 0.5571
vn 0.1708 0.6698 0.7226
vn 0.6074 0.3890 0.6926
vn 0.8795 0.0037 0.4759
vn 0.9148 -0.3817 0.1319
vn 0.7058 -0.6642 -0.2465
vn 0.3094 -0.7696 -0.5586
vn -0.1688 -0.6707 -0.7223
vn -0.6024 -0.3937 -0.6943
vn -0.8764 -0.0115 -0.4815
vn -0.9211 0.3666 -0.1308
vn -0.7253 0.6339 0.2684
vn -0.3335 0.7306 0.5958
vn 0.1488 0.6299 0.7623
vn 0.5906 0.3589 0.7227
vn 0.8726 -0.0084 0.4884
vn 0.9197 -0.3726 0.1235
vn 0.7211 -0.6365 -0.2736
vn 0.3309 -0.7306 -0.5972
vn -0.1469 -0.6307 -0.7620
vn -0.5859 -0.3631 -0.7245
vn -0.8695 0.0016 -0.4939
vn -0.9253 0.3587 -0.1233
vn -0.7388 0.6075 0.2918
vn -0.3528 0.6929 0.6288
vn 0.1288 0.5911 0.7962
vn 0.5753 0.3298 0.7485
vn 0.8663 -0.0201 0.4992
vn 0.9241 -0.3639 0.1164
vn 0.7350 -0.6097 -0.2967
vn 0.3504 -0.6929 -0.6302
vn -0.1271 -0.5918 -0.7960
vn -0.5710 -0.3334 -0.7502
vn -0.8633 0.0143 -0.5045
vn -0.9272 0.3549 -0.1198
vn -0.7450 0.5945 0.3026
vn -0.3618 0.6742 0.6439
vn 0.1192 0.5719 0.8116
vn 0.5679 0.3154 0.7602
vn 0.8632 -0.0258 0.5042
vn 0.9262 -0.3595 0.1132
vn 0.7415 -0.5965 -0.3073
vn 0.3596 -0.6741 -0.6452
vn -0.1176 -0.5726 -0.8114
vn -0.5638 -0.3187 -0.7619
vn -0.8604 0.0205 -0.5093
vn 0.0881 0.3182 -0.9439
vn -0.3369 0.6612 -0.6703
vn -0.6113 0.7818 -0.1228
vn -0.6429 0.6657 0.3789
vn -0.5357 0.4233 0.7306
vn -0.3356 0.0978 0.9369
vn -0.0356 -0.2938 0.9552
vn 0.3544 -0.6559 0.6665
vn 0.6464 -0.7530 0.1234
vn 0.7158 -0.5965 -0.3631
vn 0.6283 -0.3429 -0.6983
vn 0.4235 -0.0382 -0.9051
vn -0.0060 0.3817 -0.9243
vn -0.3311 0.6810 -0.6531
vn -0.5675 0.7972 -0.2057
vn -0.6509 0.6984 0.2975
vn -0.5587 0.4112 0.7203
vn -0.3161 0.0136 0.9486
vn 0.0108 -0.3869 0.9221
vn 0.3343 -0.6833 0.6491
vn 0.5683 -0.7973 0.2035
vn 0.6509 -0.6990 -0.2961
vn 0.5604 -0.4147 -0.7169
vn 0.3203 -0.0194 -0.9471
vn 0.0020 0.3873 -0.9220
vn -0.3059 0.6998 -0.6455
vn -0.5318 0.8242 -0.1946
vn -0.6143 0.7261 0.3090
vn -0.5308 0.4320 0.7291
vn -0.3046 0.0220 0.9522
vn 0.0030 -0.3932 0.9194
vn 0.3092 -0.7025 0.6410
vn 0.5326 -0.8243 0.1922
vn 0.6142 -0.7268 -0.3074
vn 0.5325 -0.4359 -0.7255
vn 0.3088 -0.0285 -0.9507
vn 0.0110 0.3929 -0.9195
vn -0.2772 0.7190 -0.6373
vn -0.4911 0.8517 -0.1828
vn -0.5724 0.7543 0.3214
vn -0.4991 0.4532 0.7386
vn -0.2914 0.0304 0.9561
vn -0.0059 -0.3997 0.9166
vn 0.2806 -0.7221 0.6323
vn 0.4919 -0.8518 0.1801
vn 0.5724 -0.7551 -0.3197
vn 0.5008 -0.4576 -0.7347
vn 0.2957 -0.0378 -0.9545
vn 0.0213 0.3986 -0.9169
vn -0.2445 0.7383 -0.6286
vn -0.4447 0.8794 -0.1702
vn -0.5248 0.7827 0.3346
vn -0.4630 0.4745 0.7487
vn -0.2764 0.0389 0.9602
vn -0.0161 -0.4063 0.9136
vn 0.2479 -0.7418 0.6231
vn 0.4455 -0.8795 0.1672
vn 0.5247 -0.7836 -0.3327
vn 0.4646 -0.4795 -0.7445
vn 0.2807 -0.0473 -0.9586
vn 0.0328 0.4040 -0.9142
vn -0.2075 0.7571 -0.6195
vn -0.3921 0.9064 -0.1569
vn -0.4708 0.8105 0.3485
vn -0.4221 0.4953 0.7593
vn -0.2595 0.0471 0.9646
vn -0.0277 -0.4127 0.9104
vn 0.2109 -0.7612 0.6133
vn 0.3930 -0.9066 0.1537
vn 0.4707 -0.8115 -0.3464
vn 0.4236 -0.5009 -0.7548
vn 0.2636 -0.0565 -0.9630
vn 0.0457 0.4091 -0.9113
vn -0.1658 0.7749 -0.6099
vn -0.3329 0.9320 -0.1431
vn -0.4100 0.8368 0.3629
vn -0.3760 0.5150 0.7703
vn -0.2406 0.0548 0.9691
vn -0.0409 -0.4189 0.9071
vn 0.1691 -0.7795 0.6032
vn 0.3338 -0.9323 0.1396
vn 0.4099 -0.8378 -0.3606
vn 0.3773 -0.5212 -0.7655
vn 0.2443 -0.0654 -0.9675
vn 0.0600 0.4137 -0.9084
vn -0.1194 0.7909 -0.6002
vn -0.2669 0.9550 -0.1290
vn -0.3422 0.8604 0.3776
vn -0.3247 0.5326 0.7816
vn -0.2195 0.0617 0.9737
vn -0.0557 -0.4245 0.9037
vn 0.1225 -0.7960 0.5928
vn 0.2678 -0.9553 0.1252
vn 0.3420 -0.8615 -0.3752
vn 0.3257 -0.5395 -0.7765
vn 0.2228 -0.0733 -0.9721
vn 0.0757 0.4174 -0.9056
vn -0.0684 0.8041 -0.5905
vn -0.1943 0.9742 -0.1149
vn -0.2675 0.8801 0.3923
vn -0.2682 0.5473 0.7928
vn -0.1964 0.0674 0.9782
vn -0.0721 -0.4292 0.9003
vn 0.0711 -0.8097 0.5825
vn 0.1951 -0.9745 0.1108
vn 0.2673 -0.8813 -0.3897
vn 0.2688 -0.5547 -0.7874
vn 0.1989 -0.0800 -0.9767
vn 0.0925 0.4201 -0.9028
vn -0.0131 0.8137 -0.5811
vn -0.1155 0.9881 -0.1013
vn -0.1867 0.8944 0.4065
vn -0.2071 0.5579 0.8037
vn -0.1714 0.0714 0.9826
vn -0.0899 -0.4327 0.8971
vn 0.0153 -0.8198 0.5725
vn 0.1163 -0.9885 0.0969
vn 0.1863 -0.8957 -0.4038
vn 0.2072 -0.5658 -0.7981
vn 0.1730 -0.0850 -0.9812
vn 0.1104 0.4214 -0.9001
vn 0.0455 0.8188 -0.5722
vn -0.0319 0.9956 -0.0885
vn -0.1007 0.9020 0.4199
vn -0.1421 0.5635 0.8138
vn -0.1450 0.0735 0.9867
vn -0.1089 -0.4346 0.8940
vn -0.0439 -0.8252 0.5632
vn 0.0326 -0.9959 0.0839
vn 0.1003 -0.9033 -0.4170
vn 0.1417 -0.5718 -0.8081
vn 0.1455 -0.0877 -0.9855
vn 0.1289 0.4212 -0.8977
vn 0.1063 0.8187 -0.5642
vn 0.0549 0.9955 -0.0770
vn -0.0115 0.9019 0.4317
vn -0.0747 0.5634 0.8228
vn -0.1176 0.0733 0.9904
vn -0.1287 -0.4348 0.8913
vn -0.1055 -0.8252 0.5549
vn -0.0544 -0.9959 0.0723
vn 0.0111 -0.9033 -0.4289
vn 0.0736 -0.5719 -0.8170
vn 0.1168 -0.0879 -0.9893
vn 0.1476 0.4195 -0.8957
vn 0.1679 0.8131 -0.5574
vn 0.1428 0.9875 -0.0672
vn 0.0789 0.8936 0.4418
vn -0.0064 0.5571 0.8304
vn -0.0898 0.0707 0.9934
vn -0.1488 -0.4330 0.8890
vn -0.1679 -0.8195 0.5479
vn -0.1424 -0.9878 0.0625
vn -0.0794 -0.8950 -0.4389
vn 0.0047 -0.5656 -0.8247
vn 0.0877 -0.0852 -0.9925
vn 0.1661 0.4162 -0.8940
vn 0.2287 0.8019 -0.5519
vn 0.2296 0.9715 -0.0595
vn 0.1681 0.8772 0.4497
vn 0.0610 0.5448 0.8364
vn -0.0624 0.0658 0.9959
vn -0.1686 -0.4293 0.8873
vn -0.2294 -0.8081 0.5425
vn -0.2293 -0.9718 0.0548
vn -0.1686 -0.8786 -0.4469
vn -0.0633 -0.5530 -0.8308
vn 0.0591 -0.0799 -0.9951
vn 0.1839 0.4114 -0.8927
vn 0.2872 0.7857 -0.5479
vn 0.3131 0.9482 -0.0538
vn 0.2539 0.8533 0.4554
vn 0.1258 0.5268 0.8406
vn -0.0360 0.0586 0.9976
vn -0.1875 -0.4238 0.8861
vn -0.2886 -0.7915 0.5387
vn -0.3129 -0.9485 0.0493
vn -0.2544 -0.8546 -0.4526
vn -0.1287 -0.5346 -0.8352
vn 0.0316 -0.0720 -0.9969
vn 0.2007 0.4054 -0.8918
vn 0.3422 0.7652 -0.5453
vn 0.3914 0.9188 -0.0503
vn 0.3344 0.8232 0.4589
vn 0.1867 0.5042 0.8432
vn -0.0111 0.0496 0.9987
vn -0.2053 -0.4168 0.8855
vn -0.3441 -0.7706 0.5365
vn -0.3913 -0.9191 0.0459
vn -0.3350 -0.8244 -0.4563
vn -0.1900 -0.5115 -0.8380
vn 0.0058 -0.0620 -0.9981
vn 0.2162 0.3984 -0.8914
vn 0.3927 0.7415 -0.5440
vn 0.4634 0.8848 -0.0487
vn 0.4084 0.7882 0.4603
vn 0.2427 0.4779 0.8442
vn 0.0119 0.0392 0.9992
vn -0.2215 -0.4088 0.8853
vn -0.3951 -0.7463 0.5356
vn -0.4634 -0.8850 0.0446
vn -0.4090 -0.7894 -0.4579
vn -0.2463 -0.4846 -0.8393
vn -0.0178 -0.0505 -0.9986
vn 0.2303 0.3908 -0.8912
vn 0.4383 0.7156 -0.5439
vn 0.5282 0.8477 -0.0487
vn 0.4751 0.7501 0.4601
vn 0.2933 0.4493 0.8439
vn 0.0326 0.0278 0.9991
vn -0.2361 -0.4000 0.8856
vn -0.4410 -0.7199 0.5361
vn -0.5283 -0.8478 0.0449
vn -0.4757 -0.7511 -0.4577
vn -0.2969 -0.4553 -0.8394
vn -0.0389 -0.0379 -0.9985
vn 0.2428 0.3828 -0.8913
vn 0.4788 0.6885 -0.5447
vn 0.5859 0.8089 -0.0502
vn 0.5344 0.7102 0.4583
vn 0.3382 0.4193 0.8425
vn 0.0512 0.0158 0.9986
vn -0.2489 -0.3909 0.8861
vn -0.4817 -0.6922 0.5374
vn -0.5860 -0.8089 0.0466
vn -0.5349 -0.7112 -0.4562
vn -0.3419 -0.4247 -0.8383
vn -0.0576 -0.0247 -0.9980
vn 0.2540 0.3747 -0.8917
vn 0.5144 0.6611 -0.5462
vn 0.6365 0.7695 -0.0526
vn 0.5864 0.6698 0.4556
vn 0.3777 0.3890 0.8403
vn 0.0675 0.0037 0.9977
vn -0.2601 -0.3817 0.8869
vn -0.5174 -0.6642 0.5396
vn -0.6367 -0.7696 0.0494
vn -0.5869 -0.6707 -0.4536
vn -0.3814 -0.3937 -0.8364
vn -0.0739 -0.0115 -0.9972
vn 0.2637 0.3666 -0.8922
vn 0.5454 0.6339 -0.5483
vn 0.6805 0.7306 -0.0559
vn 0.6316 0.6299 0.4520
vn 0.4121 0.3589 0.8375
vn 0.0818 -0.0084 0.9966
vn -0.2697 -0.3726 0.8879
vn -0.5484 -0.6365 0.5423
vn -0.6807 -0.7306 0.0529
vn -0.6321 -0.6307 -0.4502
vn -0.4156 -0.3631 -0.8339
vn -0.0881 0.0016 -0.9961
vn 0.2722 0.3587 -0.8929
vn 0.5723 0.6075 -0.5508
vn 0.7186 0.6929 -0.0596
vn 0.6708 0.5911 0.4479
vn 0.4419 0.3297 0.8343
vn 0.0942 -0.0201 0.9953
vn -0.2780 -0.3639 0.8890
vn -0.5752 -0.6097 0.5453
vn -0.7188 -0.6929 0.0569
vn -0.6713 -0.5918 -0.4462
vn -0.4453 -0.3334 -0.8310
vn -0.1003 0.0142 -0.9949
vn 0.2762 0.3549 -0.8932
vn 0.5847 0.5945 -0.5519
vn 0.7360 0.6742 -0.0616
vn 0.6887 0.5719 0.4456
vn 0.4556 0.3154 0.8324
vn 0.1001 -0.0258 0.9946
vn -0.2818 -0.3595 0.8896
vn -0.5875 -0.5965 0.5468
vn -0.7362 -0.6741 0.0591
vn -0.6892 -0.5726 -0.4440
vn -0.4589 -0.3187 -0.8294
vn -0.1059 0.0205 -0.9942
vn -0.8332 0.4013 -0.3805
vn -0.6216 0.7301 -0.2839
vn -0.2897 0.9479 -0.1323
vn 0.1200 0.9913 0.0548
vn 0.5705 0.7789 0.2605
vn 0.8580 0.3320 0.3919
vn 0.8995 -0.1490 0.4108
vn 0.7666 -0.5384 0.3501
vn 0.5079 -0.8296 0.2320
vn 0.1295 -0.9898 0.0591
vn -0.5304 -0.8124 -0.2422
vn -0.9062 -0.0867 -0.4138
vn -0.9218 0.3182 0.2216
vn -0.7114 0.6612 -0.2381
vn -0.2086 0.7818 -0.5876
vn 0.2835 0.6657 -0.6903
vn 0.6469 0.4233 -0.6343
vn 0.8796 0.0978 -0.4655
vn 0.9404 -0.2938 -0.1712
vn 0.7102 -0.6559 0.2559
vn 0.2141 -0.7530 0.6222
vn -0.2576 -0.5965 0.7602
vn -0.6018 -0.3429 0.7213
vn -0.8356 -0.0382 0.5480
vn -0.9157 0.3817 0.1256
vn -0.6936 0.6810 -0.2348
vn -0.2844 0.7972 -0.5325
vn 0.2019 0.6984 -0.6866
vn 0.6334 0.4112 -0.6555
vn 0.8940 0.0136 -0.4479
vn 0.9142 -0.3869 -0.1205
vn 0.6900 -0.6833 0.2385
vn 0.2823 -0.7973 0.5335
vn -0.2004 -0.6990 0.6864
vn -0.6299 -0.4147 0.6567
vn -0.8919 -0.0194 0.4518
vn -0.9123 0.3873 0.1332
vn -0.6825 0.6998 -0.2109
vn -0.2683 0.8242 -0.4987
vn 0.2185 0.7261 -0.6520
vn 0.6461 0.4320 -0.6292
vn 0.8992 0.0220 -0.4370
vn 0.9105 -0.3932 -0.1279
vn 0.6785 -0.7025 0.2148
vn 0.2660 -0.8243 0.4998
vn -0.2169 -0.7268 0.6517
vn -0.6423 -0.4359 0.6304
vn -0.8971 -0.0285 0.4409
vn -0.9086 0.3929 0.1418
vn -0.6703 0.7190 -0.1836
vn -0.2508 0.8517 -0.4601
vn 0.2367 0.7543 -0.6123
vn 0.6600 0.4532 -0.5991
vn 0.9049 0.0304 -0.4245
vn 0.9065 -0.3997 -0.1363
vn 0.6658 -0.7221 0.1877
vn 0.2483 -0.8518 0.4612
vn -0.2349 -0.7551 0.6121
vn -0.6559 -0.4577 0.6003
vn -0.9027 -0.0378 0.4285
vn -0.9045 0.3986 0.1515
vn -0.6570 0.7383 -0.1525
vn -0.2318 0.8794 -0.4160
vn 0.2565 0.7827 -0.5671
vn 0.6752 0.4745 -0.5648
vn 0.9111 0.0389 -0.4103
vn 0.9020 -0.4062 -0.1460
vn 0.6520 -0.7418 0.1567
vn 0.2289 -0.8795 0.4172
vn -0.2546 -0.7836 0.5667
vn -0.6708 -0.4795 0.5658
vn -0.9089 -0.0473 0.4142
vn -0.9002 0.4040 0.1625
vn -0.6427 0.7571 -0.1172
vn -0.2111 0.9064 -0.3658
vn 0.2779 0.8105 -0.5156
vn 0.6915 0.4953 -0.5258
vn 0.9178 0.0471 -0.3942
vn 0.8972 -0.4127 -0.1570
vn 0.6371 -0.7612 0.1214
vn 0.2080 -0.9066 0.3671
vn -0.2759 -0.8115 0.5152
vn -0.6868 -0.5009 0.5267
vn -0.9156 -0.0565 0.3980
vn -0.8955 0.4092 0.1749
vn -0.6273 0.7749 -0.0773
vn -0.1890 0.9320 -0.3092
vn 0.3008 0.8368 -0.4575
vn 0.7090 0.5150 -0.4818
vn 0.9250 0.0548 -0.3761
vn 0.8921 -0.4189 -0.1696
vn 0.6211 -0.7795 0.0816
vn 0.1857 -0.9323 0.3105
vn -0.2986 -0.8378 0.4570
vn -0.7040 -0.5212 0.4824
vn -0.9229 -0.0654 0.3795
vn -0.8907 0.4137 0.1887
vn -0.6111 0.7909 -0.0328
vn -0.1657 0.9550 -0.2459
vn 0.3251 0.8604 -0.3925
vn 0.7274 0.5326 -0.4326
vn 0.9325 0.0617 -0.3559
vn 0.8866 -0.4245 -0.1838
vn 0.6042 -0.7960 0.0369
vn 0.1620 -0.9553 0.2472
vn -0.3227 -0.8615 0.3919
vn -0.7222 -0.5395 0.4329
vn -0.9305 -0.0733 0.3589
vn -0.8856 0.4174 0.2038
vn -0.5942 0.8041 0.0164
vn -0.1414 0.9742 -0.1759
vn 0.3502 0.8801 -0.3207
vn 0.7466 0.5473 -0.3783
vn 0.9403 0.0674 -0.3336
vn 0.8809 -0.4292 -0.1995
vn 0.5867 -0.8097 -0.0125
vn 0.1374 -0.9745 0.1773
vn -0.3477 -0.8813 0.3200
vn -0.7412 -0.5547 0.3782
vn -0.9385 -0.0800 0.3359
vn -0.8804 0.4201 0.2201
vn -0.5770 0.8137 0.0697
vn -0.1167 0.9881 -0.0999
vn 0.3758 0.8944 -0.2426
vn 0.7660 0.5579 -0.3193
vn 0.9482 0.0714 -0.3095
vn 0.8751 -0.4327 -0.2167
vn 0.5689 -0.8198 -0.0663
vn 0.1125 -0.9885 0.1013
vn -0.3732 -0.8957 0.2419
vn -0.7605 -0.5658 0.3186
vn -0.9466 -0.0850 0.3109
vn -0.8753 0.4214 0.2374
vn -0.5599 0.8188 0.1265
vn -0.0921 0.9956 -0.0190
vn 0.4012 0.9020 -0.1594
vn 0.7853 0.5635 -0.2565
vn 0.9560 0.0735 -0.2839
vn 0.8694 -0.4346 -0.2350
vn 0.5512 -0.8252 -0.1236
vn 0.0877 -0.9959 0.0203
vn -0.3985 -0.9033 0.1587
vn -0.7797 -0.5718 0.2552
vn -0.9547 -0.0877 0.2842
vn -0.8703 0.4212 0.2553
vn -0.5434 0.8187 0.1855
vn -0.0684 0.9955 0.0653
vn 0.4257 0.9019 -0.0728
vn 0.8038 0.5634 -0.1911
vn 0.9635 0.0733 -0.2573
vn 0.8639 -0.4348 -0.2542
vn 0.5343 -0.8252 -0.1834
vn 0.0639 -0.9959 -0.0641
vn -0.4229 -0.9033 0.0720
vn -0.7983 -0.5719 0.1891
vn -0.9626 -0.0879 0.2564
vn -0.8656 0.4195 0.2735
vn -0.5278 0.8131 0.2455
vn -0.0462 0.9875 0.1509
vn 0.4485 0.8936 0.0152
vn 0.8210 0.5571 -0.1246
vn 0.9705 0.0707 -0.2303
vn 0.8588 -0.4330 -0.2738
vn 0.5185 -0.8195 -0.2441
vn 0.0416 -0.9878 -0.1499
vn -0.4457 -0.8950 -0.0161
vn -0.8156 -0.5656 0.1220
vn -0.9699 -0.0852 0.2281
vn -0.8613 0.4162 0.2916
vn -0.5138 0.8019 0.3049
vn -0.0262 0.9715 0.2357
vn 0.4691 0.8772 0.1024
vn 0.8365 0.5447 -0.0587
vn 0.9769 0.0658 -0.2035
vn 0.8543 -0.4292 -0.2931
vn 0.5043 -0.8081 -0.3043
vn 0.0216 -0.9718 -0.2348
vn -0.4663 -0.8786 -0.1033
vn -0.8313 -0.5530 0.0556
vn -0.9765 -0.0799 0.2001
vn -0.8575 0.4114 0.3090
vn -0.5015 0.7857 0.3623
vn -0.0087 0.9482 0.3175
vn 0.4869 0.8533 0.1865
vn 0.8500 0.5268 0.0049
vn 0.9824 0.0586 -0.1776
vn 0.8504 -0.4238 -0.3117
vn 0.4921 -0.7915 -0.3623
vn 0.0043 -0.9485 -0.3167
vn -0.4843 -0.8546 -0.1874
vn -0.8450 -0.5346 -0.0085
vn -0.9823 -0.0720 0.1731
vn -0.8542 0.4054 0.3255
vn -0.4911 0.7652 0.4163
vn 0.0059 0.9188 0.3946
vn 0.5018 0.8232 0.2657
vn 0.8612 0.5042 0.0648
vn 0.9870 0.0496 -0.1531
vn 0.8473 -0.4168 -0.3292
vn 0.4820 -0.7706 -0.4170
vn -0.0102 -0.9191 -0.3939
vn -0.4993 -0.8244 -0.2666
vn -0.8565 -0.5115 -0.0688
vn -0.9871 -0.0620 0.1478
vn -0.8515 0.3984 0.3408
vn -0.4826 0.7415 0.4661
vn 0.0178 0.8848 0.4656
vn 0.5138 0.7882 0.3387
vn 0.8701 0.4779 0.1201
vn 0.9907 0.0392 -0.1305
vn 0.8448 -0.4088 -0.3453
vn 0.4740 -0.7463 -0.4673
vn -0.0218 -0.8850 -0.4650
vn -0.5114 -0.7894 -0.3397
vn -0.8658 -0.4846 -0.1243
vn -0.9909 -0.0505 0.1245
vn -0.8494 0.3908 0.3547
vn -0.4760 0.7156 0.5112
vn 0.0269 0.8477 0.5298
vn 0.5230 0.7501 0.4048
vn 0.8770 0.4493 0.1702
vn 0.9936 0.0278 -0.1099
vn 0.8430 -0.4000 -0.3597
vn 0.4678 -0.7198 -0.5128
vn -0.0307 -0.8478 -0.5294
vn -0.5208 -0.7511 -0.4057
vn -0.8731 -0.4553 -0.1745
vn -0.9939 -0.0379 0.1036
vn -0.8477 0.3828 0.3672
vn -0.4710 0.6886 0.5514
vn 0.0337 0.8088 0.5871
vn 0.5297 0.7102 0.4637
vn 0.8820 0.4193 0.2149
vn 0.9957 0.0158 -0.0915
vn 0.8417 -0.3909 -0.3725
vn 0.4634 -0.6922 -0.5533
vn -0.0373 -0.8089 -0.5867
vn -0.5277 -0.7111 -0.4646
vn -0.8784 -0.4247 -0.2191
vn -0.9961 -0.0247 0.0850
vn -0.8465 0.3747 0.3783
vn -0.4674 0.6611 0.5869
vn 0.0385 0.7695 0.6375
vn 0.5344 0.6698 0.5156
vn 0.8855 0.3890 0.2543
vn 0.9972 0.0037 -0.0752
vn 0.8409 -0.3817 -0.3836
vn 0.4605 -0.6642 -0.5889
vn -0.0417 -0.7696 -0.6372
vn -0.5325 -0.6707 -0.5164
vn -0.8822 -0.3937 -0.2584
vn -0.9976 -0.0115 0.0687
vn -0.8456 0.3666 0.3880
vn -0.4651 0.6339 0.6179
vn 0.0415 0.7306 0.6815
vn 0.5373 0.6299 0.5609
vn 0.8876 0.3589 0.2887
vn 0.9981 -0.0084 -0.0609
vn 0.8405 -0.3726 -0.3933
vn 0.4587 -0.6365 -0.6200
vn -0.0445 -0.7306 -0.6813
vn -0.5356 -0.6306 -0.5616
vn -0.8846 -0.3631 -0.2927
vn -0.9985 0.0016 0.0546
vn -0.8450 0.3587 0.3965
vn -0.4637 0.6075 0.6449
vn 0.0432 0.6929 0.7197
vn 0.5388 0.5911 0.6002
vn 0.8887 0.3298 0.3186
vn 0.9986 -0.0201 -0.0484
vn 0.8404 -0.3639 -0.4017
vn 0.4579 -0.6097 -0.6470
vn -0.0459 -0.6929 -0.7196
vn -0.5373 -0.5918 -0.6009
vn -0.8859 -0.3334 -0.3225
vn -0.9990 0.0142 0.0423
vn -0.8448 0.3549 0.4005
vn -0.4631 0.5945 0.6573
vn 0.0438 0.6742 0.7373
vn 0.5391 0.5719 0.6183
vn 0.8888 0.3154 0.3325
vn 0.9988 -0.0258 -0.0425
vn 0.8404 -0.3595 -0.4055
vn 0.4577 -0.5965 -0.6593
vn -0.0463 -0.6741 -0.7372
vn -0.5376 -0.5726 -0.6190
vn -0.8862 -0.3187 -0.3362
vn -0.9991 0.0205 0.0367
vn -0.4362 0.3182 -0.8417
vn -0.6458 0.6612 -0.3817
vn -0.5807 0.7818 0.2272
vn -0.3360 0.6657 0.6663
vn -0.0557 0.4233 0.9043
vn 0.2242 0.0978 0.9696
vn 0.4865 -0.2938 0.8228
vn 0.6585 -0.6559 0.3691
vn 0.6105 -0.7530 -0.2457
vn 0.4058 -0.5965 -0.6925
vn 0.1511 -0.3429 -0.9271
vn -0.1331 -0.0382 -0.9904
vn -0.5047 0.3817 -0.7743
vn -0.6317 0.6810 -0.3704
vn -0.5886 0.7972 0.1338
vn -0.3867 0.6984 0.6022
vn -0.0806 0.4112 0.9080
vn 0.2469 0.0136 0.9689
vn 0.5076 -0.3869 0.7699
vn 0.6321 -0.6833 0.3653
vn 0.5881 -0.7973 -0.1361
vn 0.3875 -0.6990 -0.6010
vn 0.0838 -0.4147 -0.9061
vn -0.2426 -0.0194 -0.9699
vn -0.4968 0.3873 -0.7767
vn -0.6063 0.6998 -0.3776
vn -0.5526 0.8242 0.1238
vn -0.3497 0.7261 0.5921
vn -0.0524 0.4320 0.9004
vn 0.2586 0.0220 0.9657
vn 0.4996 -0.3932 0.7719
vn 0.6067 -0.7025 0.3721
vn 0.5520 -0.8243 -0.1263
vn 0.3505 -0.7268 -0.5907
vn 0.0558 -0.4359 -0.8983
vn -0.2542 -0.0285 -0.9667
vn -0.4878 0.3929 -0.7795
vn -0.5777 0.7190 -0.3863
vn -0.5120 0.8517 0.1117
vn -0.3078 0.7543 0.5799
vn -0.0206 0.4532 0.8912
vn 0.2718 0.0304 0.9619
vn 0.4906 -0.3997 0.7743
vn 0.5779 -0.7221 0.3803
vn 0.5112 -0.8518 -0.1144
vn 0.3087 -0.7551 -0.5784
vn 0.0241 -0.4577 -0.8888
vn -0.2673 -0.0378 -0.9629
vn -0.4778 0.3986 -0.7828
vn -0.5455 0.7383 -0.3967
vn -0.4661 0.8794 0.0972
vn -0.2606 0.7827 0.5652
vn 0.0153 0.4745 0.8801
vn 0.2866 0.0389 0.9573
vn 0.4804 -0.4062 0.7773
vn 0.5454 -0.7418 0.3901
vn 0.4652 -0.8795 -0.1002
vn 0.2616 -0.7836 -0.5636
vn -0.0116 -0.4795 -0.8775
vn -0.2822 -0.0473 -0.9582
vn -0.4667 0.4040 -0.7868
vn -0.5094 0.7571 -0.4090
vn -0.4147 0.9064 0.0800
vn -0.2077 0.8105 0.5477
vn 0.0554 0.4953 0.8669
vn 0.3032 0.0471 0.9518
vn 0.4689 -0.4127 0.7809
vn 0.5090 -0.7612 0.4019
vn 0.4137 -0.9066 -0.0832
vn 0.2087 -0.8114 -0.5459
vn -0.0517 -0.5009 -0.8640
vn -0.2988 -0.0565 -0.9526
vn -0.4543 0.4091 -0.7914
vn -0.4692 0.7749 -0.4235
vn -0.3575 0.9320 0.0596
vn -0.1487 0.8368 0.5270
vn 0.1001 0.5150 0.8513
vn 0.3215 0.0548 0.9453
vn 0.4560 -0.4189 0.7852
vn 0.4684 -0.7795 0.4160
vn 0.3563 -0.9323 -0.0631
vn 0.1498 -0.8378 -0.5250
vn -0.0964 -0.5212 -0.8480
vn -0.3175 -0.0654 -0.9460
vn -0.4407 0.4137 -0.7967
vn -0.4250 0.7909 -0.4404
vn -0.2943 0.9550 0.0358
vn -0.0837 0.8604 0.5027
vn 0.1494 0.5326 0.8331
vn 0.3417 0.0617 0.9378
vn 0.4417 -0.4245 0.7904
vn 0.4235 -0.7960 0.4325
vn 0.2929 -0.9553 -0.0395
vn 0.0849 -0.8615 -0.5005
vn -0.1458 -0.5395 -0.8293
vn -0.3382 -0.0733 -0.9382
vn -0.4259 0.4174 -0.8027
vn -0.3768 0.8041 -0.4598
vn -0.2256 0.9742 0.0083
vn -0.0130 0.8801 0.4747
vn 0.2030 0.5473 0.8120
vn 0.3636 0.0674 0.9291
vn 0.4261 -0.4292 0.7964
vn 0.3747 -0.8097 0.4516
vn 0.2240 -0.9745 -0.0122
vn 0.0142 -0.8813 -0.4724
vn -0.1996 -0.5547 -0.8078
vn -0.3607 -0.0800 -0.9292
vn -0.4102 0.4201 -0.8095
vn -0.3252 0.8137 -0.4817
vn -0.1519 0.9881 -0.0227
vn 0.0628 0.8944 0.4429
vn 0.2603 0.5579 0.7880
vn 0.3870 0.0714 0.9193
vn 0.4093 -0.4327 0.8033
vn 0.3224 -0.8198 0.4733
vn 0.1502 -0.9885 0.0187
vn -0.0616 -0.8957 -0.4405
vn -0.2572 -0.5658 -0.7834
vn -0.3849 -0.0850 -0.9190
vn -0.3938 0.4214 -0.8169
vn -0.2711 0.8188 -0.5060
vn -0.0747 0.9956 -0.0572
vn 0.1423 0.9020 0.4077
vn 0.3204 0.5635 0.7614
vn 0.4115 0.0735 0.9085
vn 0.3917 -0.4346 0.8110
vn 0.2675 -0.8252 0.4975
vn 0.0728 -0.9959 0.0530
vn -0.1410 -0.9033 -0.4051
vn -0.3177 -0.5718 -0.7564
vn -0.4104 -0.0877 -0.9077
vn -0.3769 0.4212 -0.8249
vn -0.2156 0.8187 -0.5322
vn 0.0046 0.9955 -0.0945
vn 0.2237 0.9019 0.3694
vn 0.3820 0.5634 0.7326
vn 0.4365 0.0733 0.8967
vn 0.3736 -0.4348 0.8194
vn 0.2113 -0.8252 0.5239
vn -0.0066 -0.9959 0.0902
vn -0.2226 -0.9033 -0.3668
vn -0.3798 -0.5719 -0.7271
vn -0.4366 -0.0879 -0.8954
vn -0.3601 0.4195 -0.8333
vn -0.1601 0.8131 -0.5597
vn 0.0838 0.9875 -0.1338
vn 0.3052 0.8936 0.3290
vn 0.4435 0.5571 0.7021
vn 0.4615 0.0707 0.8843
vn 0.3555 -0.4330 0.8283
vn 0.1550 -0.8195 0.5517
vn -0.0860 -0.9878 0.1296
vn -0.3041 -0.8950 -0.3263
vn -0.4419 -0.5656 -0.6963
vn -0.4628 -0.0852 -0.8824
vn -0.3436 0.4162 -0.8419
vn -0.1060 0.8019 -0.5880
vn 0.1610 0.9715 -0.1742
vn 0.3845 0.8772 0.2875
vn 0.5035 0.5447 0.6707
vn 0.4859 0.0658 0.8715
vn 0.3379 -0.4293 0.8376
vn 0.1003 -0.8081 0.5804
vn -0.1633 -0.9718 0.1701
vn -0.3834 -0.8786 -0.2848
vn -0.5024 -0.5530 -0.6647
vn -0.4883 -0.0799 -0.8690
vn -0.3280 0.4114 -0.8504
vn -0.0546 0.7857 -0.6162
vn 0.2343 0.9482 -0.2145
vn 0.4598 0.8533 0.2459
vn 0.5603 0.5268 0.6392
vn 0.5091 0.0586 0.8587
vn 0.3213 -0.4238 0.8469
vn 0.0485 -0.7915 0.6092
vn -0.2366 -0.9485 0.2106
vn -0.4588 -0.8546 -0.2433
vn -0.5598 -0.5346 -0.6331
vn -0.5124 -0.0720 -0.8557
vn -0.3134 0.4054 -0.8588
vn -0.0070 0.7652 -0.6437
vn 0.3021 0.9188 -0.2539
vn 0.5294 0.8232 0.2052
vn 0.6129 0.5042 0.6084
vn 0.5306 0.0496 0.8462
vn 0.3060 -0.4168 0.8559
vn 0.0005 -0.7706 0.6373
vn -0.3044 -0.9191 0.2502
vn -0.5285 -0.8244 -0.2027
vn -0.6129 -0.5115 -0.6023
vn -0.5347 -0.0620 -0.8428
vn -0.3000 0.3985 -0.8667
vn 0.0362 0.7415 -0.6699
vn 0.3635 0.8848 -0.2915
vn 0.5925 0.7882 0.1665
vn 0.6606 0.4779 0.5789
vn 0.5502 0.0392 0.8341
vn 0.2923 -0.4088 0.8646
vn -0.0428 -0.7463 0.6642
vn -0.3657 -0.8850 0.2880
vn -0.5916 -0.7894 -0.1641
vn -0.6609 -0.4846 -0.5730
vn -0.5548 -0.0505 -0.8305
vn -0.2881 0.3908 -0.8742
vn 0.0747 0.7156 -0.6945
vn 0.4180 0.8477 -0.3266
vn 0.6484 0.7501 0.1301
vn 0.7030 0.4493 0.5513
vn 0.5676 0.0278 0.8228
vn 0.2802 -0.4000 0.8726
vn -0.0812 -0.7198 0.6894
vn -0.4202 -0.8478 0.3234
vn -0.6476 -0.7511 -0.1279
vn -0.7036 -0.4553 -0.5456
vn -0.5726 -0.0379 -0.8190
vn -0.2776 0.3828 -0.8811
vn 0.1083 0.6886 -0.7171
vn 0.4657 0.8089 -0.3589
vn 0.6973 0.7102 0.0967
vn 0.7400 0.4193 0.5259
vn 0.5829 0.0158 0.8124
vn 0.2697 -0.3909 0.8800
vn -0.1147 -0.6922 0.7126
vn -0.4678 -0.8089 0.3560
vn -0.6966 -0.7112 -0.0946
vn -0.7409 -0.4247 -0.5204
vn -0.5880 -0.0247 -0.8084
vn -0.2684 0.3747 -0.8874
vn 0.1374 0.6611 -0.7376
vn 0.5070 0.7695 -0.3884
vn 0.7396 0.6698 0.0662
vn 0.7720 0.3890 0.5027
vn 0.5962 0.0037 0.8028
vn 0.2608 -0.3817 0.8868
vn -0.1435 -0.6642 0.7337
vn -0.5089 -0.7696 0.3857
vn -0.7390 -0.6707 -0.0643
vn -0.7730 -0.3937 -0.4975
vn -0.6013 -0.0115 -0.7989
vn -0.2605 0.3666 -0.8931
vn 0.1624 0.6339 -0.7561
vn 0.5422 0.7306 -0.4149
vn 0.7757 0.6299 0.0388
vn 0.7994 0.3589 0.4817
vn 0.6076 -0.0084 0.7942
vn 0.2531 -0.3726 0.8928
vn -0.1682 -0.6365 0.7527
vn -0.5440 -0.7306 0.4125
vn -0.7752 -0.6307 -0.0370
vn -0.8005 -0.3631 -0.4768
vn -0.6126 0.0016 -0.7904
vn -0.2537 0.3587 -0.8983
vn 0.1837 0.6075 -0.7728
vn 0.5722 0.6929 -0.4387
vn 0.8065 0.5911 0.0141
vn 0.8228 0.3298 0.4629
vn 0.6174 -0.0201 0.7864
vn 0.2467 -0.3639 0.8982
vn -0.1891 -0.6097 0.7697
vn -0.5739 -0.6929 0.4365
vn -0.8060 -0.5918 -0.0125
vn -0.8239 -0.3334 -0.4584
vn -0.6222 0.0142 -0.7827
vn -0.2505 0.3549 -0.9007
vn 0.1935 0.5945 -0.7805
vn 0.5859 0.6742 -0.4497
vn 0.8203 0.5719 0.0025
vn 0.8333 0.3154 0.4539
vn 0.6219 -0.0258 0.7827
vn 0.2439 -0.3595 0.9007
vn -0.1986 -0.5965 0.7777
vn -0.5874 -0.6741 0.4477
vn -0.8199 -0.5726 -0.0010
vn -0.8344 -0.3187 -0.4496
vn -0.6265 0.0205 -0.7791
vn -0.9066 0.4013 0.1304
vn -0.6764 0.7301 0.0972
vn -0.3153 0.9479 0.0453
vn 0.1305 0.9913 -0.0188
vn 0.6208 0.7789 -0.0893
vn 0.9337 0.3320 -0.1342
vn 0.9788 -0.1490 -0.1407
vn 0.8341 -0.5384 -0.1199
vn 0.5527 -0.8296 -0.0795
vn 0.1409 -0.9898 -0.0203
vn -0.5772 -0.8124 0.0830
vn -0.9861 -0.0867 0.1418
vn -0.6557 0.3182 0.6847
vn -0.7272 0.6612 0.1843
vn -0.4932 0.7818 -0.3816
vn -0.1347 0.6657 -0.7340
vn 0.2013 0.4233 -0.8833
vn 0.4883 0.0978 -0.8672
vn 0.6986 -0.2938 -0.6524
vn 0.7358 -0.6559 -0.1686
vn 0.5165 -0.7530 0.4077
vn 0.1943 -0.5965 0.7787
vn -0.1163 -0.3429 0.9321
vn -0.4067 -0.0382 0.9128
vn -0.7024 0.3817 0.6008
vn -0.7104 0.6810 0.1775
vn -0.5271 0.7972 -0.2942
vn -0.2014 0.6984 -0.6868
vn 0.1785 0.4112 -0.8939
vn 0.5099 0.0136 -0.8601
vn 0.7039 -0.3869 -0.5957
vn 0.7094 -0.6833 -0.1724
vn 0.5259 -0.7973 0.2962
vn 0.2025 -0.6990 0.6858
vn -0.1749 -0.4147 0.8930
vn -0.5061 -0.0194 0.8623
vn -0.6955 0.3873 0.6053
vn -0.6882 0.6998 0.1915
vn -0.4954 0.8242 -0.2745
vn -0.1687 0.7261 -0.6666
vn 0.2034 0.4320 -0.8786
vn 0.5202 0.0220 -0.8538
vn 0.6968 -0.3932 -0.5998
vn 0.6869 -0.7025 -0.1861
vn 0.4940 -0.8243 0.2766
vn 0.1699 -0.7268 0.6655
vn -0.1996 -0.4359 0.8776
vn -0.5163 -0.0285 0.8559
vn -0.6877 0.3929 0.6105
vn -0.6632 0.7190 0.2079
vn -0.4597 0.8517 -0.2514
vn -0.1319 0.7543 -0.6431
vn 0.2313 0.4532 -0.8609
vn 0.5318 0.0304 -0.8463
vn 0.6889 -0.3997 -0.6047
vn 0.6616 -0.7221 -0.2021
vn 0.4582 -0.8518 0.2538
vn 0.1333 -0.7551 0.6419
vn -0.2273 -0.4577 0.8596
vn -0.5278 -0.0378 0.8485
vn -0.6790 0.3986 0.6165
vn -0.6352 0.7383 0.2269
vn -0.4199 0.8794 -0.2246
vn -0.0908 0.7827 -0.6157
vn 0.2626 0.4745 -0.8402
vn 0.5447 0.0389 -0.8377
vn 0.6799 -0.4063 -0.6105
vn 0.6332 -0.7418 -0.2207
vn 0.4182 -0.8795 0.2272
vn 0.0922 -0.7836 0.6144
vn -0.2584 -0.4795 0.8386
vn -0.5407 -0.0473 0.8399
vn -0.6694 0.4040 0.6234
vn -0.6040 0.7571 0.2489
vn -0.3754 0.9064 -0.1936
vn -0.0450 0.8105 -0.5840
vn 0.2974 0.4953 -0.8162
vn 0.5590 0.0471 -0.8278
vn 0.6699 -0.4127 -0.6172
vn 0.6016 -0.7612 -0.2423
vn 0.3735 -0.9066 0.1964
vn 0.0465 -0.8115 0.5826
vn -0.2930 -0.5009 0.8144
vn -0.5551 -0.0565 0.8298
vn -0.6588 0.4092 0.6313
vn -0.5695 0.7749 0.2741
vn -0.3262 0.9320 -0.1579
vn 0.0057 0.8368 -0.5475
vn 0.3359 0.5150 -0.7886
vn 0.5748 0.0548 -0.8164
vn 0.6588 -0.4189 -0.6250
vn 0.5666 -0.7795 -0.2672
vn 0.3241 -0.9323 0.1609
vn -0.0041 -0.8378 0.5459
vn -0.3314 -0.5212 0.7865
vn -0.5712 -0.0654 0.8182
vn -0.6473 0.4137 0.6402
vn -0.5318 0.7909 0.3028
vn -0.2723 0.9550 -0.1173
vn 0.0613 0.8604 -0.5059
vn 0.3781 0.5326 -0.7572
vn 0.5921 0.0617 -0.8035
vn 0.6465 -0.4245 -0.6339
vn 0.5282 -0.7960 -0.2956
vn 0.2700 -0.9553 0.1204
vn -0.0596 -0.8615 0.5042
vn -0.3735 -0.5395 0.7546
vn -0.5888 -0.0733 0.8050
vn -0.6348 0.4174 0.6502
vn -0.4911 0.8041 0.3350
vn -0.2141 0.9742 -0.0715
vn 0.1213 0.8801 -0.4591
vn 0.4235 0.5473 -0.7219
vn 0.6107 0.0674 -0.7890
vn 0.6332 -0.4292 -0.6441
vn 0.4868 -0.8097 -0.3277
vn 0.2115 -0.9745 0.0748
vn -0.1195 -0.8813 0.4572
vn -0.4191 -0.5547 0.7188
vn -0.6079 -0.0800 0.7900
vn -0.6217 0.4201 0.6611
vn -0.4478 0.8137 0.3706
vn -0.1522 0.9881 -0.0210
vn 0.1850 0.8944 -0.4073
vn 0.4718 0.5579 -0.6828
vn 0.6303 0.0714 -0.7730
vn 0.6191 -0.4327 -0.6554
vn 0.4427 -0.8198 -0.3633
vn 0.1494 -0.9885 0.0244
vn -0.1832 -0.8957 0.4053
vn -0.4675 -0.5658 0.6792
vn -0.6283 -0.0850 0.7733
vn -0.6080 0.4214 0.6729
vn -0.4027 0.8188 0.4091
vn -0.0878 0.9956 0.0338
vn 0.2513 0.9020 -0.3511
vn 0.5219 0.5635 -0.6403
vn 0.6507 0.0735 -0.7557
vn 0.6043 -0.4346 -0.6678
vn 0.3969 -0.8252 -0.4020
vn 0.0847 -0.9959 -0.0304
vn -0.2495 -0.9033 0.3489
vn -0.5179 -0.5718 0.6362
vn -0.6495 -0.0877 0.7553
vn -0.5941 0.4212 0.6853
vn -0.3568 0.8187 0.4499
vn -0.0222 0.9955 0.0919
vn 0.3188 0.9019 -0.2914
vn 0.5729 0.5634 -0.5953
vn 0.6715 0.0733 -0.7374
vn 0.5893 -0.4348 -0.6809
vn 0.3503 -0.8252 -0.4431
vn 0.0191 -0.9959 -0.0885
vn -0.3169 -0.9033 0.2892
vn -0.5693 -0.5719 0.5907
vn -0.6712 -0.0879 0.7361
vn -0.5803 0.4195 0.6981
vn -0.3113 0.8131 0.4919
vn 0.0427 0.9875 0.1520
vn 0.3855 0.8936 -0.2297
vn 0.6234 0.5571 -0.5487
vn 0.6920 0.0707 -0.7184
vn 0.5745 -0.4330 -0.6946
vn 0.3042 -0.8195 -0.4857
vn -0.0460 -0.9878 -0.1486
vn -0.3837 -0.8950 0.2274
vn -0.6202 -0.5656 0.5436
vn -0.6926 -0.0852 0.7162
vn -0.5669 0.4162 0.7109
vn -0.2674 0.8019 0.5343
vn 0.1054 0.9715 0.2125
vn 0.4500 0.8772 -0.1675
vn 0.6720 0.5447 -0.5016
vn 0.7118 0.0658 -0.6993
vn 0.5602 -0.4292 -0.7085
vn 0.2598 -0.8081 -0.5287
vn -0.1087 -0.9718 -0.2092
vn -0.4481 -0.8786 0.1652
vn -0.6693 -0.5530 0.4962
vn -0.7133 -0.0799 0.6963
vn -0.5543 0.4114 0.7236
vn -0.2260 0.7857 0.5759
vn 0.1643 0.9482 0.2718
vn 0.5104 0.8533 -0.1064
vn 0.7177 0.5268 -0.4554
vn 0.7304 0.0586 -0.6805
vn 0.5469 -0.4238 -0.7220
vn 0.2181 -0.7915 -0.5709
vn -0.1676 -0.9485 -0.2687
vn -0.5087 -0.8546 0.1042
vn -0.7155 -0.5346 0.4497
vn -0.7327 -0.0720 0.6767
vn -0.5426 0.4054 0.7357
vn -0.1880 0.7652 0.6157
vn 0.2183 0.9188 0.3287
vn 0.5658 0.8232 -0.0478
vn 0.7595 0.5042 -0.4110
vn 0.7475 0.0496 -0.6624
vn 0.5348 -0.4168 -0.7350
vn 0.1801 -0.7706 -0.6114
vn -0.2215 -0.9191 -0.3258
vn -0.5642 -0.8244 0.0456
vn -0.7578 -0.5115 0.4052
vn -0.7505 -0.0620 0.6580
vn -0.5321 0.3984 0.7471
vn -0.1540 0.7415 0.6530
vn 0.2667 0.8848 0.3821
vn 0.6154 0.7882 0.0072
vn 0.7970 0.4779 -0.3694
vn 0.7629 0.0392 -0.6454
vn 0.5240 -0.4088 -0.7472
vn 0.1461 -0.7463 -0.6494
vn -0.2698 -0.8850 -0.3794
vn -0.6138 -0.7894 -0.0093
vn -0.7956 -0.4846 0.3635
vn -0.7663 -0.0505 0.6405
vn -0.5227 0.3908 0.7576
vn -0.1240 0.7156 0.6874
vn 0.3091 0.8477 0.4311
vn 0.6588 0.7501 0.0578
vn 0.8298 0.4493 -0.3310
vn 0.7764 0.0278 -0.6296
vn 0.5147 -0.4000 -0.7583
vn 0.1163 -0.7198 -0.6843
vn -0.3121 -0.8478 -0.4287
vn -0.6574 -0.7511 -0.0598
vn -0.8288 -0.4553 0.3252
vn -0.7801 -0.0379 0.6245
vn -0.5146 0.3828 0.7672
vn -0.0981 0.6886 0.7185
vn 0.3458 0.8089 0.4756
vn 0.6963 0.7102 0.1037
vn 0.8582 0.4193 -0.2961
vn 0.7882 0.0158 -0.6153
vn 0.5067 -0.3909 -0.7684
vn 0.0907 -0.6922 -0.7160
vn -0.3485 -0.8089 -0.4734
vn -0.6951 -0.7112 -0.1055
vn -0.8575 -0.4247 0.2905
vn -0.7920 -0.0247 0.6100
vn -0.5076 0.3747 0.7759
vn -0.0759 0.6611 0.7465
vn 0.3770 0.7695 0.5155
vn 0.7283 0.6698 0.1448
vn 0.8824 0.3890 -0.2648
vn 0.7982 0.0037 -0.6023
vn 0.5000 -0.3817 -0.7774
vn 0.0690 -0.6642 -0.7444
vn -0.3796 -0.7696 -0.5135
vn -0.7271 -0.6707 -0.1465
vn -0.8818 -0.3937 0.2595
vn -0.8021 -0.0115 0.5971
vn -0.5016 0.3666 0.7836
vn -0.0572 0.6339 0.7713
vn 0.4034 0.7306 0.5509
vn 0.7552 0.6299 0.1814
vn 0.9028 0.3589 -0.2370
vn 0.8068 -0.0084 -0.5908
vn 0.4944 -0.3726 -0.7853
vn 0.0507 -0.6365 -0.7696
vn -0.4058 -0.7306 -0.5491
vn -0.7542 -0.6306 -0.1829
vn -0.9024 -0.3631 0.2320
vn -0.8105 0.0016 0.5857
vn -0.4965 0.3587 0.7904
vn -0.0415 0.6075 0.7932
vn 0.4255 0.6929 0.5821
vn 0.7778 0.5911 0.2136
vn 0.9199 0.3298 -0.2124
vn 0.8139 -0.0201 -0.5806
vn 0.4898 -0.3639 -0.7923
vn 0.0354 -0.6097 -0.7918
vn -0.4277 -0.6929 -0.5805
vn -0.7769 -0.5918 -0.2151
vn -0.9196 -0.3334 0.2077
vn -0.8175 0.0142 0.5757
vn -0.4941 0.3549 0.7936
vn -0.0342 0.5945 0.8034
vn 0.4354 0.6742 0.5966
vn 0.7878 0.5719 0.2287
vn 0.9275 0.3154 -0.2008
vn 0.8172 -0.0258 -0.5758
vn 0.4878 -0.3595 -0.7955
vn 0.0286 -0.5965 -0.8021
vn -0.4375 -0.6741 -0.5951
vn -0.7869 -0.5726 -0.2300
vn -0.9273 -0.3187 0.1963
vn -0.8207 0.0205 0.5710
vn -0.8220 0.3182 -0.4723
vn -0.7497 0.6612 0.0280
vn -0.3657 0.7818 0.5050
vn 0.0776 0.6657 0.7422
vn 0.4420 0.4233 0.7908
vn 0.7129 0.0978 0.6945
vn 0.8541 -0.2938 0.4292
vn 0.7535 -0.6559 -0.0455
vn 0.3807 -0.7530 -0.5367
vn -0.0330 -0.5965 -0.8019
vn -0.3742 -0.3429 -0.8616
vn -0.6474 -0.0382 -0.7612
vn -0.8432 0.3817 -0.3785
vn -0.7317 0.6810 0.0299
vn -0.4229 0.7972 0.4308
vn 0.0002 0.6984 0.7157
vn 0.4231 0.4112 0.8074
vn 0.7315 0.0137 0.6817
vn 0.8432 -0.3869 0.3732
vn 0.7293 -0.6834 -0.0344
vn 0.4211 -0.7973 -0.4324
vn 0.0011 -0.6990 -0.7151
vn -0.4194 -0.4147 -0.8076
vn -0.7285 -0.0194 -0.6848
vn -0.8378 0.3873 -0.3848
vn -0.7142 0.6998 0.0101
vn -0.3980 0.8242 0.4029
vn 0.0259 0.7261 0.6871
vn 0.4427 0.4320 0.7857
vn 0.7397 0.0220 0.6726
vn 0.8376 -0.3932 0.3792
vn 0.7115 -0.7025 -0.0150
vn 0.3961 -0.8243 -0.4046
vn -0.0245 -0.7268 -0.6865
vn -0.4387 -0.4359 -0.7858
vn -0.7365 -0.0285 -0.6758
vn -0.8318 0.3929 -0.3920
vn -0.6949 0.7190 -0.0126
vn -0.3703 0.8517 0.3708
vn 0.0546 0.7543 0.6542
vn 0.4645 0.4532 0.7608
vn 0.7487 0.0304 0.6622
vn 0.8313 -0.3997 0.3861
vn 0.6917 -0.7221 0.0075
vn 0.3682 -0.8518 -0.3726
vn -0.0530 -0.7551 -0.6534
vn -0.4603 -0.4577 -0.7607
vn -0.7455 -0.0378 -0.6655
vn -0.8252 0.3986 -0.4002
vn -0.6734 0.7383 -0.0388
vn -0.3396 0.8794 0.3338
vn 0.0863 0.7827 0.6164
vn 0.4887 0.4745 0.7321
vn 0.7586 0.0389 0.6504
vn 0.8244 -0.4063 0.3942
vn 0.6697 -0.7418 0.0333
vn 0.3372 -0.8795 -0.3358
vn -0.0846 -0.7836 -0.6155
vn -0.4842 -0.4795 -0.7319
vn -0.7554 -0.0473 -0.6535
vn -0.8179 0.4040 -0.4096
vn -0.6497 0.7571 -0.0686
vn -0.3056 0.9064 0.2915
vn 0.1214 0.8105 0.5730
vn 0.5153 0.4953 0.6993
vn 0.7696 0.0471 0.6368
vn 0.8166 -0.4127 0.4034
vn 0.6455 -0.7612 0.0630
vn 0.3030 -0.9066 -0.2936
vn -0.1195 -0.8115 -0.5721
vn -0.5106 -0.5009 -0.6988
vn -0.7664 -0.0565 -0.6398
vn -0.8100 0.4091 -0.4201
vn -0.6237 0.7749 -0.1025
vn -0.2685 0.9320 0.2434
vn 0.1598 0.8368 0.5237
vn 0.5445 0.5150 0.6620
vn 0.7816 0.0548 0.6214
vn 0.8081 -0.4189 0.4141
vn 0.6189 -0.7795 0.0967
vn 0.2656 -0.9323 -0.2457
vn -0.1578 -0.8378 -0.5226
vn -0.5396 -0.5212 -0.6612
vn -0.7785 -0.0653 -0.6242
vn -0.8014 0.4137 -0.4319
vn -0.5956 0.7909 -0.1407
vn -0.2282 0.9550 0.1892
vn 0.2013 0.8604 0.4682
vn 0.5761 0.5326 0.6200
vn 0.7945 0.0617 0.6042
vn 0.7989 -0.4245 0.4261
vn 0.5901 -0.7960 0.1349
vn 0.2251 -0.9553 -0.1916
vn -0.1992 -0.8615 -0.4670
vn -0.5710 -0.5395 -0.6188
vn -0.7917 -0.0733 -0.6065
vn -0.7923 0.4174 -0.4450
vn -0.5655 0.8041 -0.1831
vn -0.1852 0.9742 0.1290
vn 0.2457 0.8801 0.4063
vn 0.6097 0.5473 0.5733
vn 0.8082 0.0674 0.5850
vn 0.7890 -0.4292 0.4396
vn 0.5594 -0.8097 0.1773
vn 0.1818 -0.9745 -0.1314
vn -0.2435 -0.8813 -0.4050
vn -0.6046 -0.5547 -0.5716
vn -0.8058 -0.0800 -0.5867
vn -0.7827 0.4201 -0.4592
vn -0.5340 0.8137 -0.2294
vn -0.1401 0.9881 0.0630
vn 0.2923 0.8944 0.3387
vn 0.6450 0.5579 0.5222
vn 0.8226 0.0714 0.5641
vn 0.7786 -0.4327 0.4544
vn 0.5271 -0.8198 0.2239
vn 0.1364 -0.9885 -0.0655
vn -0.2899 -0.8957 -0.3373
vn -0.6399 -0.5658 -0.5200
vn -0.8207 -0.0850 -0.5650
vn -0.7729 0.4214 -0.4743
vn -0.5016 0.8188 -0.2791
vn -0.0937 0.9956 -0.0077
vn 0.3401 0.9020 0.2660
vn 0.6812 0.5635 0.4673
vn 0.8373 0.0735 0.5418
vn 0.7680 -0.4346 0.4705
vn 0.4941 -0.8252 0.2739
vn 0.0899 -0.9959 0.0053
vn -0.3377 -0.9033 -0.2645
vn -0.6762 -0.5718 -0.4645
vn -0.8360 -0.0877 -0.5417
vn -0.7631 0.4212 -0.4902
vn -0.4691 0.8187 -0.3311
vn -0.0472 0.9955 -0.0819
vn 0.3879 0.9019 0.1898
vn 0.7174 0.5634 0.4098
vn 0.8520 0.0733 0.5184
vn 0.7573 -0.4348 0.4873
vn 0.4609 -0.8252 0.3265
vn 0.0432 -0.9959 0.0795
vn -0.3855 -0.9033 -0.1882
vn -0.7126 -0.5719 -0.4064
vn -0.8514 -0.0879 -0.5172
vn -0.7534 0.4195 -0.5063
vn -0.4373 0.8131 -0.3843
vn -0.0018 0.9875 -0.1579
vn 0.4346 0.8936 0.1118
vn 0.7527 0.5571 0.3508
vn 0.8664 0.0707 0.4944
vn 0.7469 -0.4330 0.5047
vn 0.4287 -0.8195 0.3803
vn -0.0023 -0.9878 0.1555
vn -0.4322 -0.8950 -0.1101
vn -0.7482 -0.5656 -0.3469
vn -0.8664 -0.0852 -0.4921
vn -0.7442 0.4162 -0.5224
vn -0.4071 0.8019 -0.4373
vn 0.0413 0.9715 -0.2335
vn 0.4789 0.8772 0.0339
vn 0.7861 0.5447 0.2920
vn 0.8800 0.0658 0.4705
vn 0.7371 -0.4292 0.5219
vn 0.3982 -0.8081 0.4340
vn -0.0454 -0.9718 0.2313
vn -0.4765 -0.8786 -0.0323
vn -0.7820 -0.5530 -0.2876
vn -0.8806 -0.0799 -0.4671
vn -0.7357 0.4114 -0.5381
vn -0.3791 0.7857 -0.4889
vn 0.0811 0.9482 -0.3071
vn 0.5197 0.8533 -0.0417
vn 0.8169 0.5268 0.2348
vn 0.8925 0.0586 0.4472
vn 0.7281 -0.4238 0.5387
vn 0.3701 -0.7915 0.4863
vn -0.0851 -0.9485 0.3051
vn -0.5174 -0.8546 0.0434
vn -0.8132 -0.5346 -0.2299
vn -0.8937 -0.0720 -0.4428
vn -0.7279 0.4054 -0.5530
vn -0.3539 0.7652 -0.5378
vn 0.1169 0.9188 -0.3769
vn 0.5564 0.8231 -0.1136
vn 0.8446 0.5042 0.1804
vn 0.9038 0.0496 0.4250
vn 0.7202 -0.4168 0.5546
vn 0.3450 -0.7706 0.5359
vn -0.1208 -0.9191 0.3750
vn -0.5542 -0.8244 0.1152
vn -0.8412 -0.5115 -0.1753
vn -0.9055 -0.0620 -0.4199
vn -0.7210 0.3984 -0.5669
vn -0.3317 0.7415 -0.5832
vn 0.1482 0.8848 -0.4417
vn 0.5884 0.7882 -0.1803
vn 0.8687 0.4779 0.1299
vn 0.9138 0.0392 0.4043
vn 0.7133 -0.4088 0.5693
vn 0.3231 -0.7463 0.5819
vn -0.1520 -0.8850 0.4400
vn -0.5864 -0.7894 0.1818
vn -0.8658 -0.4846 -0.1247
vn -0.9157 -0.0505 -0.3987
vn -0.7150 0.3908 -0.5797
vn -0.3127 0.7156 -0.6246
vn 0.1751 0.8477 -0.5008
vn 0.6158 0.7501 -0.2411
vn 0.8895 0.4493 0.0838
vn 0.9224 0.0278 0.3854
vn 0.7075 -0.4000 0.5826
vn 0.3044 -0.7198 0.6238
vn -0.1786 -0.8478 0.4993
vn -0.6140 -0.7511 0.2426
vn -0.8869 -0.4553 -0.0786
vn -0.9245 -0.0379 -0.3794
vn -0.7099 0.3828 -0.5912
vn -0.2965 0.6885 -0.6618
vn 0.1978 0.8088 -0.5538
vn 0.6389 0.7102 -0.2957
vn 0.9069 0.4193 0.0423
vn 0.9296 0.0158 0.3683
vn 0.7027 -0.3909 0.5945
vn 0.2888 -0.6922 0.6614
vn -0.2010 -0.8089 0.5524
vn -0.6372 -0.7112 0.2971
vn -0.9046 -0.4247 -0.0372
vn -0.9318 -0.0247 -0.3622
vn -0.7056 0.3747 -0.6014
vn -0.2832 0.6611 -0.6948
vn 0.2165 0.7695 -0.6008
vn 0.6580 0.6698 -0.3441
vn 0.9212 0.3890 0.0055
vn 0.9356 0.0037 0.3531
vn 0.6988 -0.3817 0.6050
vn 0.2759 -0.6642 0.6948
vn -0.2196 -0.7696 0.5996
vn -0.6564 -0.6707 0.3454
vn -0.9192 -0.3937 -0.0006
vn -0.9378 -0.0115 -0.3470
vn -0.7020 0.3666 -0.6105
vn -0.2722 0.6339 -0.7239
vn 0.2319 0.7306 -0.6422
vn 0.6735 0.6299 -0.3868
vn 0.9330 0.3589 -0.0270
vn 0.9405 -0.0084 0.3396
vn 0.6956 -0.3726 0.6142
vn 0.2655 -0.6365 0.7241
vn -0.2347 -0.7306 0.6412
vn -0.6721 -0.6307 0.3880
vn -0.9312 -0.3631 0.0317
vn -0.9427 0.0016 -0.3337
vn -0.6991 0.3587 -0.6185
vn -0.2633 0.6075 -0.7494
vn 0.2442 0.6929 -0.6784
vn 0.6861 0.5911 -0.4241
vn 0.9424 0.3298 -0.0554
vn 0.9445 -0.0201 0.3278
vn 0.6932 -0.3639 0.6222
vn 0.2571 -0.6097 0.7498
vn -0.2468 -0.6929 0.6775
vn -0.6848 -0.5918 0.4252
vn -0.9409 -0.3334 0.0598
vn -0.9466 0.0143 -0.3221
vn -0.6977 0.3549 -0.6223
vn -0.2592 0.5945 -0.7612
vn 0.2497 0.6742 -0.6951
vn 0.6914 0.5719 -0.4414
vn 0.9465 0.3154 -0.0687
vn 0.9463 -0.0258 0.3222
vn 0.6921 -0.3595 0.6259
vn 0.2534 -0.5965 0.7616
vn -0.2521 -0.6741 0.6942
vn -0.6902 -0.5726 0.4424
vn -0.9450 -0.3187 0.0729
vn -0.9483 0.0205 -0.3167
vn -0.6922 0.4013 0.5998
vn -0.5165 0.7301 0.4475
vn -0.2407 0.9479 0.2086
vn 0.0997 0.9913 -0.0864
vn 0.4740 0.7789 -0.4107
vn 0.7129 0.3320 -0.6177
vn 0.7473 -0.1490 -0.6475
vn 0.6369 -0.5384 -0.5519
vn 0.4220 -0.8296 -0.3657
vn 0.1076 -0.9898 -0.0932
vn -0.4407 -0.8124 0.3818
vn -0.7529 -0.0867 0.6524
vn -0.1814 0.3182 0.9305
vn -0.5121 0.6612 0.5482
vn -0.6212 0.7818 -0.0544
vn -0.5101 0.6657 -0.5447
vn -0.3082 0.4233 -0.8520
vn -0.0580 0.0978 -0.9935
vn 0.2349 -0.2938 -0.9265
vn 0.5278 -0.6559 -0.5397
vn 0.6549 -0.7530 0.0637
vn 0.5845 -0.5965 0.5501
vn 0.4061 -0.3429 0.8470
vn 0.1513 -0.0382 0.9877
vn -0.2661 0.3817 0.8851
vn -0.5017 0.6810 0.5334
vn -0.6025 0.7972 0.0374
vn -0.5407 0.6984 -0.4688
vn -0.3331 0.4112 -0.8485
vn -0.0361 0.0136 -0.9993
vn 0.2701 -0.3869 -0.8817
vn 0.5036 -0.6833 -0.5286
vn 0.6026 -0.7973 -0.0351
vn 0.5411 -0.6990 0.4674
vn 0.3357 -0.4147 0.8458
vn 0.0404 -0.0194 0.9990
vn -0.2578 0.3873 0.8852
vn -0.4754 0.6998 0.5332
vn -0.5651 0.8242 0.0369
vn -0.5023 0.7261 -0.4696
vn -0.3039 0.4320 -0.8491
vn -0.0239 0.0220 -0.9995
vn 0.2619 -0.3932 -0.8814
vn 0.4773 -0.7025 -0.5279
vn 0.5652 -0.8243 -0.0344
vn 0.5027 -0.7268 0.4680
vn 0.3066 -0.4359 0.8462
vn 0.0284 -0.0285 0.9992
vn -0.2485 0.3929 0.8854
vn -0.4455 0.7190 0.5334
vn -0.5227 0.8517 0.0370
vn -0.4587 0.7543 -0.4697
vn -0.2708 0.4532 -0.8493
vn -0.0102 0.0304 -0.9995
vn 0.2526 -0.3997 -0.8812
vn 0.4473 -0.7221 -0.5277
vn 0.5227 -0.8518 -0.0342
vn 0.4591 -0.7551 0.4680
vn 0.2735 -0.4577 0.8460
vn 0.0148 -0.0379 0.9992
vn -0.2379 0.3986 0.8857
vn -0.4117 0.7383 0.5343
vn -0.4746 0.8794 0.0380
vn -0.4093 0.7827 -0.4689
vn -0.2333 0.4745 -0.8488
vn 0.0053 0.0389 -0.9992
vn 0.2419 -0.4062 -0.8812
vn 0.4134 -0.7418 -0.5280
vn 0.4746 -0.8795 -0.0349
vn 0.4098 -0.7836 0.4670
vn 0.2361 -0.4795 0.8452
vn -0.0008 -0.0473 0.9989
vn -0.2261 0.4040 0.8864
vn -0.3736 0.7571 0.5359
vn -0.4205 0.9064 0.0401
vn -0.3536 0.8105 -0.4670
vn -0.1910 0.4953 -0.8474
vn 0.0227 0.0471 -0.9986
vn 0.2299 -0.4127 -0.8814
vn 0.3751 -0.7612 -0.5291
vn 0.4204 -0.9066 -0.0367
vn 0.3541 -0.8115 0.4650
vn 0.1938 -0.5009 0.8435
vn -0.0184 -0.0565 0.9982
vn -0.2129 0.4091 0.8873
vn -0.3309 0.7749 0.5385
vn -0.3598 0.9320 0.0435
vn -0.2912 0.8368 -0.4637
vn -0.1438 0.5150 -0.8451
vn 0.0422 0.0548 -0.9976
vn 0.2163 -0.4189 -0.8819
vn 0.3322 -0.7795 -0.5311
vn 0.3596 -0.9323 -0.0399
vn 0.2917 -0.8378 0.4615
vn 0.1464 -0.5212 0.8408
vn -0.0381 -0.0653 0.9971
vn -0.1984 0.4137 0.8885
vn -0.2837 0.7909 0.5423
vn -0.2925 0.9550 0.0486
vn -0.2220 0.8604 -0.4587
vn -0.0913 0.5326 -0.8414
vn 0.0637 0.0617 -0.9961
vn 0.2012 -0.4245 -0.8828
vn 0.2845 -0.7960 -0.5343
vn 0.2922 -0.9553 -0.0447
vn 0.2225 -0.8615 0.4564
vn 0.0938 -0.5395 0.8368
vn -0.0601 -0.0733 0.9955
vn -0.1825 0.4174 0.8902
vn -0.2320 0.8041 0.5473
vn -0.2188 0.9742 0.0555
vn -0.1462 0.8801 -0.4518
vn -0.0340 0.5473 -0.8363
vn 0.0871 0.0674 -0.9939
vn 0.1845 -0.4292 -0.8842
vn 0.2323 -0.8097 -0.5389
vn 0.2184 -0.9745 -0.0514
vn 0.1467 -0.8813 0.4493
vn 0.0361 -0.5547 0.8313
vn -0.0843 -0.0801 0.9932
vn -0.1656 0.4201 0.8923
vn -0.1763 0.8137 0.5538
vn -0.1394 0.9881 0.0646
vn -0.0646 0.8944 -0.4427
vn 0.0277 0.5579 -0.8294
vn 0.1123 0.0714 -0.9911
vn 0.1665 -0.4327 -0.8860
vn 0.1760 -0.8198 -0.5450
vn 0.1389 -0.9885 -0.0602
vn 0.0650 -0.8957 0.4400
vn -0.0261 -0.5658 0.8241
vn -0.1104 -0.0850 0.9902
vn -0.1477 0.4214 0.8948
vn -0.1176 0.8188 0.5619
vn -0.0555 0.9956 0.0759
vn 0.0216 0.9020 -0.4312
vn 0.0929 0.5635 -0.8209
vn 0.1389 0.0735 -0.9876
vn 0.1474 -0.4346 -0.8885
vn 0.1165 -0.8252 -0.5528
vn 0.0549 -0.9959 -0.0714
vn -0.0212 -0.9033 0.4284
vn -0.0917 -0.5718 0.8152
vn -0.1381 -0.0877 0.9865
vn -0.1293 0.4212 0.8977
vn -0.0570 0.8187 0.5713
vn 0.0310 0.9955 0.0893
vn 0.1106 0.9019 -0.4175
vn 0.1601 0.5634 -0.8105
vn 0.1662 0.0733 -0.9834
vn 0.1276 -0.4348 -0.8915
vn 0.0551 -0.8252 -0.5622
vn -0.0318 -0.9959 -0.0847
vn -0.1102 -0.9033 0.4146
vn -0.1596 -0.5719 0.8047
vn -0.1667 -0.0879 0.9821
vn -0.1107 0.4195 0.9010
vn 0.0041 0.8131 0.5822
vn 0.1181 0.9875 0.1047
vn 0.2002 0.8936 -0.4017
vn 0.2278 0.5571 -0.7986
vn 0.1937 0.0707 -0.9785
vn 0.1077 -0.4330 -0.8949
vn -0.0067 -0.8195 -0.5730
vn -0.1190 -0.9878 -0.1001
vn -0.1998 -0.8950 0.3988
vn -0.2278 -0.5656 0.7926
vn -0.1954 -0.0852 0.9770
vn -0.0925 0.4162 0.9046
vn 0.0640 0.8019 0.5940
vn 0.2035 0.9715 0.1217
vn 0.2880 0.8772 -0.3842
vn 0.2941 0.5447 -0.7853
vn 0.2207 0.0658 -0.9731
vn 0.0883 -0.4293 -0.8989
vn -0.0673 -0.8081 -0.5852
vn -0.2046 -0.9718 -0.1172
vn -0.2877 -0.8786 0.3813
vn -0.2948 -0.5530 0.7793
vn -0.2237 -0.0799 0.9714
vn -0.0751 0.4114 0.9084
vn 0.1212 0.7857 0.6066
vn 0.2852 0.9482 0.1398
vn 0.3719 0.8533 -0.3654
vn 0.3575 0.5268 -0.7711
vn 0.2466 0.0586 -0.9674
vn 0.0697 -0.4238 -0.9031
vn -0.1251 -0.7915 -0.5982
vn -0.2863 -0.9485 -0.1354
vn -0.3716 -0.8546 0.3626
vn -0.3588 -0.5346 0.7652
vn -0.2506 -0.0720 0.9654
vn -0.0587 0.4054 0.9123
vn 0.1747 0.7652 0.6196
vn 0.3614 0.9188 0.1585
vn 0.4502 0.8232 -0.3461
vn 0.4167 0.5042 -0.7564
vn 0.2707 0.0496 -0.9614
vn 0.0525 -0.4168 -0.9075
vn -0.1790 -0.7706 -0.6117
vn -0.3625 -0.9191 -0.1543
vn -0.4500 -0.8244 0.3434
vn -0.4184 -0.5115 0.7506
vn -0.2756 -0.0620 0.9593
vn -0.0437 0.3984 0.9162
vn 0.2235 0.7415 0.6326
vn 0.4309 0.8848 0.1772
vn 0.5216 0.7882 -0.3266
vn 0.4707 0.4779 -0.7416
vn 0.2929 0.0392 -0.9553
vn 0.0369 -0.4088 -0.9119
vn -0.2282 -0.7463 -0.6253
vn -0.4321 -0.8850 -0.1733
vn -0.5214 -0.7894 0.3241
vn -0.4727 -0.4846 0.7360
vn -0.2984 -0.0505 0.9531
vn -0.0302 0.3908 0.9200
vn 0.2673 0.7156 0.6453
vn 0.4931 0.8477 0.1956
vn 0.5855 0.7501 -0.3076
vn 0.5192 0.4493 -0.7271
vn 0.3128 0.0278 -0.9494
vn 0.0230 -0.4000 -0.9162
vn -0.2721 -0.7198 -0.6386
vn -0.4943 -0.8478 -0.1919
vn -0.5854 -0.7511 0.3052
vn -0.5214 -0.4553 0.7217
vn -0.3186 -0.0379 0.9471
vn -0.0181 0.3828 0.9236
vn 0.3059 0.6885 0.6575
vn 0.5480 0.8088 0.2132
vn 0.6419 0.7102 -0.2892
vn 0.5619 0.4193 -0.7131
vn 0.3304 0.0158 -0.9437
vn 0.0109 -0.3909 -0.9204
vn -0.3108 -0.6922 -0.6514
vn -0.5492 -0.8089 -0.2098
vn -0.6418 -0.7111 0.2870
vn -0.5642 -0.4247 0.7080
vn -0.3365 -0.0247 0.9414
vn -0.0075 0.3747 0.9271
vn 0.3397 0.6611 0.6690
vn 0.5958 0.7695 0.2298
vn 0.6910 0.6698 -0.2719
vn 0.5991 0.3890 -0.6998
vn 0.3459 0.0037 -0.9383
vn 0.0004 -0.3817 -0.9243
vn -0.3444 -0.6642 -0.6635
vn -0.5970 -0.7696 -0.2267
vn -0.6909 -0.6707 0.2699
vn -0.6016 -0.3937 0.6951
vn -0.3519 -0.0115 0.9360
vn 0.0017 0.3666 0.9304
vn 0.3689 0.6339 0.6798
vn 0.6372 0.7306 0.2453
vn 0.7334 0.6299 -0.2557
vn 0.6313 0.3589 -0.6875
vn 0.3593 -0.0084 -0.9332
vn -0.0086 -0.3726 -0.9279
vn -0.3734 -0.6365 -0.6748
vn -0.6382 -0.7306 -0.2425
vn -0.7334 -0.6307 0.2539
vn -0.6337 -0.3631 0.6830
vn -0.3652 0.0016 0.9309
vn 0.0096 0.3587 0.9334
vn 0.3940 0.6075 0.6897
vn 0.6727 0.6929 0.2597
vn 0.7698 0.5911 -0.2408
vn 0.6590 0.3298 -0.6760
vn 0.3708 -0.0201 -0.9285
vn -0.0163 -0.3639 -0.9313
vn -0.3983 -0.6097 -0.6853
vn -0.6737 -0.6929 -0.2571
vn -0.7698 -0.5918 0.2391
vn -0.6614 -0.3334 0.6719
vn -0.3765 0.0142 0.9263
vn 0.0134 0.3549 0.9348
vn 0.4055 0.5945 0.6943
vn 0.6888 0.6742 0.2665
vn 0.7864 0.5719 -0.2335
vn 0.6717 0.3154 -0.6703
vn 0.3762 -0.0258 -0.9262
vn -0.0197 -0.3595 -0.9329
vn -0.4096 -0.5965 -0.6902
vn -0.6898 -0.6741 -0.2641
vn -0.7864 -0.5726 0.2319
vn -0.6739 -0.3187 0.6665
vn -0.3817 0.0205 0.9241
vn -0.9469 0.3182 0.0471
vn -0.6155 0.6612 0.4289
vn -0.0346 0.7818 0.6226
vn 0.4665 0.6657 0.5824
vn 0.7994 0.4233 0.4263
vn 0.9751 0.0978 0.1988
vn 0.9505 -0.2938 -0.1007
vn 0.6093 -0.6559 -0.4456
vn 0.0301 -0.7530 -0.6574
vn -0.4613 -0.5965 -0.6568
vn -0.7806 -0.3429 -0.5226
vn -0.9562 -0.0382 -0.2903
vn -0.9140 0.3817 0.1374
vn -0.5993 0.6810 0.4207
vn -0.1228 0.7973 0.5910
vn 0.3871 0.6984 0.6020
vn 0.7924 0.4112 0.4505
vn 0.9839 0.0136 0.1779
vn 0.9111 -0.3869 -0.1419
vn 0.5949 -0.6834 -0.4232
vn 0.1205 -0.7973 -0.5914
vn -0.3857 -0.6990 -0.6022
vn -0.7894 -0.4147 -0.4526
vn -0.9831 -0.0194 -0.1822
vn -0.9129 0.3873 0.1292
vn -0.5954 0.6998 0.3947
vn -0.1170 0.8242 0.5541
vn 0.3933 0.7261 0.5640
vn 0.7972 0.4320 0.4217
vn 0.9859 0.0220 0.1659
vn 0.9097 -0.3932 -0.1338
vn 0.5905 -0.7025 -0.3973
vn 0.1144 -0.8243 -0.5545
vn -0.3917 -0.7268 -0.5642
vn -0.7939 -0.4359 -0.4239
vn -0.9850 -0.0285 -0.1703
vn -0.9117 0.3929 0.1199
vn -0.5914 0.7190 0.3651
vn -0.1111 0.8517 0.5121
vn 0.3996 0.7543 0.5209
vn 0.8021 0.4532 0.3889
vn 0.9879 0.0304 0.1523
vn 0.9081 -0.3997 -0.1246
vn 0.5860 -0.7221 -0.3677
vn 0.1083 -0.8518 -0.5125
vn -0.3979 -0.7551 -0.5211
vn -0.7985 -0.4577 -0.3911
vn -0.9869 -0.0378 -0.1568
vn -0.9106 0.3986 0.1095
vn -0.5874 0.7383 0.3315
vn -0.1052 0.8794 0.4644
vn 0.4059 0.7827 0.4718
vn 0.8069 0.4745 0.3517
vn 0.9898 0.0389 0.1370
vn 0.9066 -0.4063 -0.1141
vn 0.5814 -0.7418 -0.3341
vn 0.1021 -0.8795 -0.4648
vn -0.4040 -0.7836 -0.4720
vn -0.8030 -0.4795 -0.3539
vn -0.9888 -0.0473 -0.1414
vn -0.9095 0.4040 0.0976
vn -0.5836 0.7571 0.2935
vn -0.0995 0.9064 0.4105
vn 0.4119 0.8105 0.4164
vn 0.8116 0.4953 0.3097
vn 0.9917 0.0471 0.1196
vn 0.9051 -0.4127 -0.1021
vn 0.5771 -0.7612 -0.2960
vn 0.0962 -0.9066 -0.4109
vn -0.4098 -0.8115 -0.4166
vn -0.8074 -0.5009 -0.3118
vn -0.9907 -0.0565 -0.1239
vn -0.9086 0.4091 0.0845
vn -0.5801 0.7749 0.2509
vn -0.0943 0.9320 0.3499
vn 0.4175 0.8368 0.3542
vn 0.8160 0.5150 0.2626
vn 0.9935 0.0548 0.1002
vn 0.9037 -0.4189 -0.0886
vn 0.5730 -0.7795 -0.2532
vn 0.0906 -0.9323 -0.3503
vn -0.4153 -0.8378 -0.3544
vn -0.8114 -0.5212 -0.2645
vn -0.9924 -0.0653 -0.1042
vn -0.9077 0.4137 0.0699
vn -0.5771 0.7909 0.2036
vn -0.0897 0.9550 0.2826
vn 0.4225 0.8604 0.2850
vn 0.8198 0.5326 0.2102
vn 0.9950 0.0617 0.0787
vn 0.9025 -0.4245 -0.0735
vn 0.5693 -0.7960 -0.2056
vn 0.0858 -0.9553 -0.2829
vn -0.4201 -0.8615 -0.2851
vn -0.8149 -0.5395 -0.2119
vn -0.9939 -0.0733 -0.0822
vn -0.9071 0.4174 0.0540
vn -0.5748 0.8041 0.1517
vn -0.0861 0.9742 0.2086
vn 0.4264 0.8801 0.2090
vn 0.8229 0.5473 0.1527
vn 0.9962 0.0674 0.0552
vn 0.9014 -0.4292 -0.0568
vn 0.5664 -0.8097 -0.1533
vn 0.0819 -0.9745 -0.2088
vn -0.4238 -0.8813 -0.2091
vn -0.8177 -0.5547 -0.1540
vn -0.9951 -0.0800 -0.0579
vn -0.9067 0.4201 0.0369
vn -0.5733 0.8137 0.0957
vn -0.0838 0.9881 0.1288
vn 0.4290 0.8944 0.1269
vn 0.8249 0.5579 0.0906
vn 0.9970 0.0714 0.0299
vn 0.9007 -0.4327 -0.0387
vn 0.5645 -0.8198 -0.0967
vn 0.0794 -0.9885 -0.1289
vn -0.4262 -0.8957 -0.1270
vn -0.8194 -0.5658 -0.0915
vn -0.9959 -0.0850 -0.0316
vn -0.9067 0.4214 0.0188
vn -0.5729 0.8188 0.0364
vn -0.0830 0.9956 0.0442
vn 0.4299 0.9020 0.0399
vn 0.8257 0.5635 0.0249
vn 0.9973 0.0735 0.0031
vn 0.9004 -0.4346 -0.0194
vn 0.5637 -0.8252 -0.0367
vn 0.0784 -0.9959 -0.0442
vn -0.4271 -0.9033 -0.0400
vn -0.8200 -0.5718 -0.0252
vn -0.9961 -0.0877 -0.0037
vn -0.9069 0.4212 0.0002
vn -0.5736 0.8187 -0.0249
vn -0.0840 0.9955 -0.0434
vn 0.4290 0.9019 -0.0501
vn 0.8251 0.5634 -0.0431
vn 0.9970 0.0733 -0.0246
vn 0.9005 -0.4348 0.0006
vn 0.5643 -0.8252 0.0254
vn 0.0793 -0.9959 0.0435
vn -0.4261 -0.9033 0.0501
vn -0.8192 -0.5719 0.0434
vn -0.9958 -0.0879 0.0252
vn -0.9076 0.4195 -0.0186
vn -0.5756 0.8131 -0.0869
vn -0.0869 0.9875 -0.1318
vn 0.4261 0.8936 -0.1410
vn 0.8229 0.5571 -0.1118
vn 0.9961 0.0707 -0.0525
vn 0.9012 -0.4330 0.0207
vn 0.5663 -0.8195 0.0882
vn 0.0822 -0.9878 0.1321
vn -0.4231 -0.8950 0.1410
vn -0.8170 -0.5656 0.1127
vn -0.9949 -0.0852 0.0544
vn -0.9085 0.4162 -0.0371
vn -0.5789 0.8019 -0.1478
vn -0.0915 0.9715 -0.2188
vn 0.4212 0.8772 -0.2304
vn 0.8192 0.5448 -0.1794
vn 0.9946 0.0658 -0.0800
vn 0.9023 -0.4293 0.0406
vn 0.5696 -0.8081 0.1499
vn 0.0869 -0.9718 0.2192
vn -0.4183 -0.8786 0.2305
vn -0.8133 -0.5530 0.1809
vn -0.9933 -0.0799 0.0831
vn -0.9098 0.4114 -0.0549
vn -0.5832 0.7857 -0.2063
vn -0.0978 0.9482 -0.3022
vn 0.4147 0.8533 -0.3161
vn 0.8142 0.5268 -0.2442
vn 0.9926 0.0586 -0.1064
vn 0.9038 -0.4238 0.0595
vn 0.5743 -0.7915 0.2090
vn 0.0933 -0.9485 0.3027
vn -0.4118 -0.8546 0.3163
vn -0.8084 -0.5346 0.2462
vn -0.9913 -0.0720 0.1106
vn -0.9113 0.4054 -0.0717
vn -0.5884 0.7652 -0.2611
vn -0.1055 0.9188 -0.3803
vn 0.4066 0.8232 -0.3963
vn 0.8080 0.5042 -0.3048
vn 0.9901 0.0496 -0.1312
vn 0.9057 -0.4168 0.0772
vn 0.5800 -0.7706 0.2643
vn 0.1012 -0.9191 0.3808
vn -0.4039 -0.8244 0.3965
vn -0.8025 -0.5115 0.3073
vn -0.9887 -0.0620 0.1363
vn -0.9130 0.3984 -0.0871
vn -0.5943 0.7415 -0.3112
vn -0.1141 0.8848 -0.4517
vn 0.3975 0.7882 -0.4698
vn 0.8011 0.4779 -0.3604
vn 0.9873 0.0392 -0.1539
vn 0.9079 -0.4088 0.0933
vn 0.5864 -0.7463 0.3148
vn 0.1101 -0.8850 0.4523
vn -0.3950 -0.7894 0.4700
vn -0.7958 -0.4846 0.3632
vn -0.9859 -0.0505 0.1597
vn -0.9149 0.3908 -0.1011
vn -0.6007 0.7156 -0.3564
vn -0.1234 0.8477 -0.5159
vn 0.3877 0.7501 -0.5358
vn 0.7935 0.4493 -0.4104
vn 0.9843 0.0278 -0.1745
vn 0.9102 -0.4000 0.1076
vn 0.5934 -0.7198 0.3602
vn 0.1196 -0.8478 0.5166
vn -0.3854 -0.7511 0.5360
vn -0.7885 -0.4553 0.4134
vn -0.9828 -0.0379 0.1806
vn -0.9168 0.3828 -0.1135
vn -0.6073 0.6886 -0.3964
vn -0.1330 0.8089 -0.5728
vn 0.3776 0.7102 -0.5942
vn 0.7858 0.4193 -0.4547
vn 0.9811 0.0158 -0.1927
vn 0.9126 -0.3909 0.1202
vn 0.6005 -0.6922 0.4003
vn 0.1295 -0.8089 0.5734
vn -0.3754 -0.7111 0.5944
vn -0.7811 -0.4247 0.4578
vn -0.9797 -0.0247 0.1991
vn -0.9187 0.3747 -0.1245
vn -0.6139 0.6611 -0.4314
vn -0.1427 0.7695 -0.6225
vn 0.3675 0.6698 -0.6452
vn 0.7780 0.3890 -0.4934
vn 0.9779 0.0037 -0.2088
vn 0.9149 -0.3817 0.1312
vn 0.6077 -0.6642 0.4353
vn 0.1395 -0.7696 0.6231
vn -0.3654 -0.6707 0.6455
vn -0.7736 -0.3937 0.4965
vn -0.9765 -0.0115 0.2151
vn -0.9207 0.3666 -0.1341
vn -0.6204 0.6339 -0.4618
vn -0.1522 0.7306 -0.6656
vn 0.3575 0.6299 -0.6895
vn 0.7703 0.3589 -0.5271
vn 0.9748 -0.0084 -0.2228
vn 0.9173 -0.3726 0.1406
vn 0.6148 -0.6365 0.4656
vn 0.1492 -0.7306 0.6662
vn -0.3556 -0.6306 0.6898
vn -0.7663 -0.3631 0.5301
vn -0.9734 0.0016 0.2290
vn -0.9225 0.3587 -0.1424
vn -0.6266 0.6075 -0.4881
vn -0.1613 0.6929 -0.7028
vn 0.3479 0.5911 -0.7277
vn 0.7629 0.3297 -0.5561
vn 0.9718 -0.0201 -0.2349
vn 0.9195 -0.3639 0.1487
vn 0.6216 -0.6097 0.4918
vn 0.1587 -0.6929 0.7034
vn -0.3462 -0.5918 0.7280
vn -0.7592 -0.3334 0.5590
vn -0.9705 0.0142 0.2408
vn -0.9234 0.3549 -0.1463
vn -0.6295 0.5945 -0.5002
vn -0.1657 0.6742 -0.7197
vn 0.3431 0.5719 -0.7451
vn 0.7591 0.3154 -0.5694
vn 0.9703 -0.0258 -0.2406
vn 0.9206 -0.3595 0.1523
vn 0.6249 -0.5965 0.5037
vn 0.1632 -0.6741 0.7203
vn -0.3414 -0.5726 0.7454
vn -0.7556 -0.3187 0.5722
vn -0.9690 0.0205 0.2463
vn -0.2580 0.4013 0.8788
vn -0.1925 0.7301 0.6557
vn -0.0897 0.9479 0.3056
vn 0.0372 0.9913 -0.1265
vn 0.1767 0.7789 -0.6017
vn 0.2658 0.3320 -0.9051
vn 0.2786 -0.1490 -0.9488
vn 0.2374 -0.5384 -0.8086
vn 0.1573 -0.8296 -0.5358
vn 0.0401 -0.9898 -0.1366
vn -0.1643 -0.8124 0.5595
vn -0.2807 -0.0867 0.9559
vn 0.3505 0.3182 0.8809
vn -0.1344 0.6612 0.7381
vn -0.5520 0.7818 0.2901
vn -0.7236 0.6657 -0.1824
vn -0.7199 0.4233 -0.5501
vn -0.5859 0.0978 -0.8044
vn -0.3033 -0.2938 -0.9065
vn 0.1522 -0.6559 -0.7394
vn 0.5854 -0.7530 -0.3005
vn 0.7891 -0.5965 0.1468
vn 0.7996 -0.3429 0.4930
vn 0.6613 -0.0382 0.7491
vn 0.2547 0.3817 0.8885
vn -0.1337 0.6810 0.7200
vn -0.4866 0.7972 0.3572
vn -0.7084 0.6984 -0.1021
vn -0.7390 0.4112 -0.5337
vn -0.5706 0.0136 -0.8211
vn -0.2494 -0.3869 -0.8877
vn 0.1379 -0.6833 -0.7170
vn 0.4879 -0.7973 -0.3553
vn 0.7080 -0.6990 0.1007
vn 0.7397 -0.4147 0.5300
vn 0.5741 -0.0194 0.8185
vn 0.2617 0.3873 0.8840
vn -0.1117 0.6998 0.7055
vn -0.4554 0.8242 0.3366
vn -0.6764 0.7261 -0.1235
vn -0.7147 0.4320 -0.5500
vn -0.5605 0.0220 -0.8279
vn -0.2561 -0.3932 -0.8830
vn 0.1161 -0.7025 -0.7021
vn 0.4569 -0.8243 -0.3345
vn 0.6760 -0.7268 0.1219
vn 0.7154 -0.4359 0.5461
vn 0.5641 -0.0285 0.8252
vn 0.2696 0.3929 0.8791
vn -0.0864 0.7190 0.6896
vn -0.4197 0.8517 0.3138
vn -0.6398 0.7543 -0.1471
vn -0.6870 0.4532 -0.5681
vn -0.5490 0.0304 -0.8353
vn -0.2639 -0.3997 -0.8778
vn 0.0911 -0.7221 -0.6857
vn 0.4212 -0.8518 -0.3114
vn 0.6393 -0.7551 0.1454
vn 0.6875 -0.4577 0.5638
vn 0.5526 -0.0379 0.8326
vn 0.2787 0.3986 0.8738
vn -0.0575 0.7383 0.6720
vn -0.3787 0.8794 0.2886
vn -0.5978 0.7827 -0.1732
vn -0.6551 0.4745 -0.5879
vn -0.5358 0.0389 -0.8435
vn -0.2729 -0.4062 -0.8721
vn 0.0623 -0.7418 -0.6677
vn 0.3804 -0.8795 -0.2860
vn 0.5972 -0.7836 0.1714
vn 0.6555 -0.4795 0.5834
vn 0.5394 -0.0473 0.8407
vn 0.2890 0.4040 0.8679
vn -0.0245 0.7571 0.6528
vn -0.3320 0.9064 0.2610
vn -0.5499 0.8105 -0.2017
vn -0.6189 0.4953 -0.6096
vn -0.5208 0.0471 -0.8524
vn -0.2831 -0.4127 -0.8657
vn 0.0295 -0.7612 -0.6479
vn 0.3338 -0.9066 -0.2582
vn 0.5492 -0.8114 0.1997
vn 0.6191 -0.5009 0.6049
vn 0.5242 -0.0565 0.8497
vn 0.3006 0.4092 0.8615
vn 0.0127 0.7749 0.6320
vn -0.2791 0.9320 0.2311
vn -0.4957 0.8368 -0.2327
vn -0.5778 0.5150 -0.6332
vn -0.5039 0.0548 -0.8620
vn -0.2948 -0.4189 -0.8588
vn -0.0077 -0.7795 -0.6264
vn 0.2809 -0.9323 -0.2280
vn 0.4949 -0.8378 0.2305
vn 0.5777 -0.5212 0.6282
vn 0.5070 -0.0653 0.8595
vn 0.3135 0.4137 0.8547
vn 0.0545 0.7909 0.6095
vn -0.2198 0.9550 0.1990
vn -0.4347 0.8604 -0.2659
vn -0.5317 0.5326 -0.6584
vn -0.4849 0.0617 -0.8724
vn -0.3081 -0.4245 -0.8514
vn -0.0495 -0.7960 -0.6033
vn 0.2217 -0.9553 -0.1955
vn 0.4339 -0.8615 0.2636
vn 0.5313 -0.5395 0.6533
vn 0.4876 -0.0733 0.8700
vn 0.3277 0.4174 0.8476
vn 0.1008 0.8041 0.5859
vn -0.1540 0.9742 0.1650
vn -0.3672 0.8801 -0.3010
vn -0.4807 0.5473 -0.6851
vn -0.4640 0.0674 -0.8832
vn -0.3228 -0.4292 -0.8436
vn -0.0959 -0.8097 -0.5789
vn 0.1559 -0.9745 -0.1613
vn 0.3663 -0.8813 0.2986
vn 0.4798 -0.5547 0.6798
vn 0.4661 -0.0800 0.8811
vn 0.3431 0.4201 0.8401
vn 0.1511 0.8137 0.5612
vn -0.0823 0.9881 0.1297
vn -0.2936 0.8944 -0.3375
vn -0.4251 0.5579 -0.7128
vn -0.4413 0.0714 -0.8945
vn -0.3390 -0.4327 -0.8354
vn -0.1466 -0.8198 -0.5536
vn 0.0842 -0.9885 -0.1257
vn 0.2926 -0.8957 0.3350
vn 0.4236 -0.5658 0.7074
vn 0.4425 -0.0850 0.8927
vn 0.3595 0.4214 0.8326
vn 0.2049 0.8188 0.5362
vn -0.0057 0.9956 0.0939
vn -0.2149 0.9020 -0.3745
vn -0.3656 0.5636 -0.7408
vn -0.4171 0.0735 -0.9059
vn -0.3564 -0.4346 -0.8271
vn -0.2008 -0.8252 -0.5280
vn 0.0076 -0.9959 -0.0897
vn 0.2138 -0.9033 0.3719
vn 0.3636 -0.5718 0.7354
vn 0.4172 -0.0877 0.9046
vn 0.3766 0.4212 0.8251
vn 0.2610 0.8187 0.5114
vn 0.0744 0.9955 0.0584
vn -0.1327 0.9019 -0.4110
vn -0.3035 0.5634 -0.7684
vn -0.3918 0.0733 -0.9171
vn -0.3746 -0.4348 -0.8189
vn -0.2576 -0.8252 -0.5027
vn -0.0725 -0.9959 -0.0541
vn 0.1314 -0.9033 0.4084
vn 0.3008 -0.5719 0.7632
vn 0.3908 -0.0878 0.9163
vn 0.3939 0.4195 0.8178
vn 0.3182 0.8131 0.4875
vn 0.1560 0.9875 0.0243
vn -0.0488 0.8936 -0.4461
vn -0.2401 0.5571 -0.7949
vn -0.3661 0.0707 -0.9279
vn -0.3932 -0.4330 -0.8111
vn -0.3154 -0.8195 -0.4785
vn -0.1543 -0.9878 -0.0199
vn 0.0475 -0.8950 0.4435
vn 0.2369 -0.5656 0.7900
vn 0.3638 -0.0852 0.9276
vn 0.4112 0.4162 0.8110
vn 0.3750 0.8019 0.4652
vn 0.2371 0.9715 -0.0076
vn 0.0346 0.8772 -0.4789
vn -0.1771 0.5448 -0.8197
vn -0.3404 0.0658 -0.9380
vn -0.4117 -0.4292 -0.8039
vn -0.3730 -0.8081 -0.4559
vn -0.2354 -0.9718 0.0120
vn -0.0359 -0.8786 0.4763
vn 0.1733 -0.5530 0.8150
vn 0.3370 -0.0799 0.9381
vn 0.4279 0.4114 0.8048
vn 0.4299 0.7857 0.4448
vn 0.3155 0.9482 -0.0365
vn 0.1153 0.8533 -0.5085
vn -0.1161 0.5268 -0.8420
vn -0.3156 0.0586 -0.9471
vn -0.4296 -0.4238 -0.7974
vn -0.4287 -0.7915 -0.4356
vn -0.3141 -0.9485 0.0409
vn -0.1166 -0.8546 0.5060
vn 0.1119 -0.5346 0.8376
vn 0.3111 -0.0720 0.9476
vn 0.4438 0.4054 0.7992
vn 0.4819 0.7652 0.4268
vn 0.3897 0.9188 -0.0620
vn 0.1916 0.8232 -0.5345
vn -0.0584 0.5041 -0.8616
vn -0.2920 0.0496 -0.9551
vn -0.4465 -0.4168 -0.7918
vn -0.4813 -0.7706 -0.4178
vn -0.3884 -0.9191 0.0662
vn -0.1929 -0.8244 0.5321
vn 0.0538 -0.5115 0.8576
vn 0.2868 -0.0620 0.9560
vn 0.4585 0.3985 0.7943
vn 0.5300 0.7415 0.4113
vn 0.4583 0.8848 -0.0838
vn 0.2622 0.7882 -0.5568
vn -0.0049 0.4779 -0.8784
vn -0.2701 0.0392 -0.9620
vn -0.4620 -0.4088 -0.7871
vn -0.5300 -0.7463 -0.4026
vn -0.4572 -0.8850 0.0878
vn -0.2634 -0.7894 0.5545
vn 0.0002 -0.4846 0.8747
vn 0.2643 -0.0505 0.9631
vn 0.4720 0.3908 0.7902
vn 0.5737 0.7156 0.3984
vn 0.5206 0.8477 -0.1021
vn 0.3263 0.7501 -0.5753
vn 0.0437 0.4493 -0.8923
vn -0.2502 0.0278 -0.9678
vn -0.4760 -0.4000 -0.7832
vn -0.5741 -0.7199 -0.3901
vn -0.5196 -0.8478 0.1058
vn -0.3275 -0.7511 0.5732
vn -0.0485 -0.4553 0.8890
vn 0.2440 -0.0379 0.9690
vn 0.4841 0.3828 0.7868
vn 0.6128 0.6886 0.3877
vn 0.5763 0.8088 -0.1169
vn 0.3836 0.7102 -0.5903
vn 0.0872 0.4193 -0.9036
vn -0.2322 0.0158 -0.9725
vn -0.4885 -0.3909 -0.7801
vn -0.6136 -0.6922 -0.3800
vn -0.5754 -0.8089 0.1204
vn -0.3847 -0.7111 0.5884
vn -0.0919 -0.4247 0.9007
vn 0.2259 -0.0247 0.9738
vn 0.4949 0.3747 0.7840
vn 0.6474 0.6611 0.3792
vn 0.6255 0.7695 -0.1288
vn 0.4343 0.6698 -0.6023
vn 0.1257 0.3889 -0.9126
vn -0.2163 0.0037 -0.9763
vn -0.4994 -0.3817 -0.7778
vn -0.6484 -0.6642 -0.3720
vn -0.6248 -0.7696 0.1320
vn -0.4354 -0.6707 0.6006
vn -0.1303 -0.3937 0.9100
vn 0.2100 -0.0115 0.9776
vn 0.5044 0.3666 0.7818
vn 0.6778 0.6339 0.3724
vn 0.6687 0.7306 -0.1381
vn 0.4787 0.6299 -0.6116
vn 0.1594 0.3589 -0.9196
vn -0.2023 -0.0084 -0.9793
vn -0.5090 -0.3726 -0.7760
vn -0.6790 -0.6365 -0.3658
vn -0.6680 -0.7306 0.1410
vn -0.4797 -0.6306 0.6101
vn -0.1639 -0.3631 0.9172
vn 0.1961 0.0016 0.9806
vn 0.5127 0.3588 0.7800
vn 0.7043 0.6075 0.3672
vn 0.7063 0.6929 -0.1452
vn 0.5174 0.5911 -0.6187
vn 0.1889 0.3297 -0.9250
vn -0.1900 -0.0201 -0.9816
vn -0.5172 -0.3639 -0.7747
vn -0.7056 -0.6097 -0.3612
vn -0.7057 -0.6929 0.1479
vn -0.5184 -0.5918 0.6173
vn -0.1931 -0.3334 0.9228
vn 0.1841 0.0142 0.9828
vn 0.5167 0.3549 0.7792
vn 0.7165 0.5945 0.3649
vn 0.7235 0.6742 -0.1482
vn 0.5353 0.5719 -0.6216
vn 0.2027 0.3154 -0.9271
vn -0.1842 -0.0258 -0.9825
vn -0.5210 -0.3595 -0.7741
vn -0.7178 -0.5965 -0.3592
vn -0.7231 -0.6741 0.1507
vn -0.5362 -0.5726 0.6202
vn -0.2066 -0.3187 0.9251
vn 0.1785 0.0205 0.9837
vn -0.7711 0.3182 0.5516
vn -0.2859 0.6612 0.6936
vn 0.3075 0.7818 0.5424
vn 0.7074 0.6657 0.2378
vn 0.9030 0.4233 -0.0736
vn 0.9278 0.0978 -0.3600
vn 0.7452 -0.2938 -0.5986
vn 0.2717 -0.6559 -0.7043
vn -0.3301 -0.7530 -0.5693
vn -0.7432 -0.5965 -0.3031
vn -0.9392 -0.3429 -0.0176
vn -0.9613 -0.0382 0.2727
vn -0.6946 0.3817 0.6098
vn -0.2767 0.6810 0.6780
vn 0.2162 0.7972 0.5636
vn 0.6511 0.6984 0.2971
vn 0.9102 0.4112 -0.0495
vn 0.9239 0.0137 -0.3823
vn 0.6898 -0.3869 -0.6120
vn 0.2716 -0.6833 -0.6777
vn -0.2184 -0.7973 -0.5627
vn -0.6500 -0.6990 -0.2981
vn -0.9088 -0.4147 0.0460
vn -0.9255 -0.0194 0.3782
vn -0.6981 0.3873 0.6022
vn -0.2875 0.6998 0.6539
vn 0.2012 0.8242 0.5294
vn 0.6358 0.7261 0.2618
vn 0.8986 0.4320 -0.0763
vn 0.9191 0.0220 -0.3934
vn 0.6929 -0.3932 -0.6044
vn 0.2819 -0.7025 -0.6534
vn -0.2035 -0.8243 -0.5284
vn -0.6346 -0.7268 -0.2629
vn -0.8970 -0.4359 0.0726
vn -0.9207 -0.0285 0.3892
vn -0.7021 0.3929 0.5938
vn -0.3001 0.7190 0.6268
vn 0.1834 0.8517 0.4908
vn 0.6178 0.7543 0.2221
vn 0.8850 0.4532 -0.1065
vn 0.9134 0.0304 -0.4059
vn 0.6966 -0.3997 -0.5958
vn 0.2941 -0.7221 -0.6261
vn -0.1860 -0.8518 -0.4897
vn -0.6164 -0.7551 -0.2232
vn -0.8832 -0.4577 0.1026
vn -0.9150 -0.0378 0.4016
vn -0.7069 0.3986 0.5844
vn -0.3150 0.7383 0.5964
vn 0.1626 0.8794 0.4475
vn 0.5965 0.7827 0.1775
vn 0.8690 0.4745 -0.1404
vn 0.9067 0.0389 -0.4199
vn 0.7010 -0.4063 -0.5861
vn 0.3085 -0.7418 -0.5954
vn -0.1654 -0.8795 -0.4462
vn -0.5950 -0.7836 -0.1787
vn -0.8669 -0.4795 0.1364
vn -0.9083 -0.0473 0.4157
vn -0.7123 0.4040 0.5739
vn -0.3323 0.7571 0.5624
vn 0.1382 0.9064 0.3991
vn 0.5717 0.8105 0.1276
vn 0.8502 0.4953 -0.1783
vn 0.8989 0.0471 -0.4355
vn 0.7062 -0.4127 -0.5752
vn 0.3254 -0.7612 -0.5610
vn -0.1412 -0.9066 -0.3976
vn -0.5700 -0.8115 -0.1289
vn -0.8478 -0.5009 0.1742
vn -0.9004 -0.0565 0.4314
vn -0.7186 0.4092 0.5623
vn -0.3524 0.7749 0.5247
vn 0.1099 0.9320 0.3453
vn 0.5428 0.8368 0.0722
vn 0.8284 0.5150 -0.2203
vn 0.8899 0.0548 -0.4528
vn 0.7124 -0.4189 -0.5631
vn 0.3451 -0.7795 -0.5228
vn -0.1131 -0.9323 -0.3437
vn -0.5410 -0.8378 -0.0736
vn -0.8256 -0.5212 0.2161
vn -0.8912 -0.0653 0.4489
vn -0.7258 0.4137 0.5496
vn -0.3754 0.7909 0.4833
vn 0.0773 0.9550 0.2862
vn 0.5095 0.8604 0.0113
vn 0.8033 0.5326 -0.2664
vn 0.8796 0.0617 -0.4717
vn 0.7195 -0.4245 -0.5497
vn 0.3678 -0.7960 -0.4808
vn -0.0807 -0.9553 -0.2843
vn -0.5075 -0.8615 -0.0128
vn -0.8001 -0.5395 0.2623
vn -0.8806 -0.0733 0.4682
vn -0.7339 0.4174 0.5358
vn -0.4015 0.8041 0.4384
vn 0.0404 0.9742 0.2221
vn 0.4717 0.8801 -0.0547
vn 0.7748 0.5473 -0.3165
vn 0.8679 0.0674 -0.4922
vn 0.7276 -0.4292 -0.5351
vn 0.3937 -0.8097 -0.4352
vn -0.0440 -0.9745 -0.2200
vn -0.4696 -0.8813 0.0532
vn -0.7711 -0.5547 0.3125
vn -0.8684 -0.0800 0.4893
vn -0.7429 0.4201 0.5212
vn -0.4305 0.8137 0.3905
vn -0.0009 0.9881 0.1536
vn 0.4295 0.8944 -0.1252
vn 0.7430 0.5579 -0.3698
vn 0.8549 0.0714 -0.5139
vn 0.7368 -0.4327 -0.5195
vn 0.4226 -0.8198 -0.3865
vn -0.0029 -0.9885 -0.1513
vn -0.4272 -0.8957 0.1236
vn -0.7388 -0.5658 0.3661
vn -0.8549 -0.0850 0.5118
vn -0.7526 0.4214 0.5060
vn -0.4622 0.8188 0.3403
vn -0.0460 0.9956 0.0821
vn 0.3833 0.9020 -0.1988
vn 0.7081 0.5635 -0.4255
vn 0.8406 0.0735 -0.5366
vn 0.7470 -0.4346 -0.5031
vn 0.4544 -0.8252 -0.3356
vn 0.0421 -0.9959 -0.0796
vn -0.3809 -0.9033 0.1973
vn -0.7035 -0.5718 0.4221
vn -0.8400 -0.0877 0.5354
vn -0.7629 0.4212 0.4905
vn -0.4960 0.8187 0.2891
vn -0.0941 0.9955 0.0089
vn 0.3338 0.9019 -0.2740
vn 0.6708 0.5634 -0.4823
vn 0.8255 0.0733 -0.5597
vn 0.7579 -0.4348 -0.4864
vn 0.4885 -0.8252 -0.2837
vn 0.0903 -0.9959 -0.0063
vn -0.3314 -0.9033 0.2725
vn -0.6657 -0.5719 0.4794
vn -0.8241 -0.0879 0.5596
vn -0.7736 0.4195 0.4750
vn -0.5312 0.8131 0.2381
vn -0.1443 0.9875 -0.0639
vn 0.2822 0.8936 -0.3489
vn 0.6318 0.5571 -0.5389
vn 0.8096 0.0707 -0.5827
vn 0.7693 -0.4330 -0.4698
vn 0.5240 -0.8195 -0.2320
vn 0.1405 -0.9878 0.0667
vn -0.2797 -0.8950 0.3474
vn -0.6263 -0.5656 0.5365
vn -0.8075 -0.0852 0.5836
vn -0.7844 0.4162 0.4600
vn -0.5669 0.8019 0.1886
vn -0.1953 0.9715 -0.1346
vn 0.2298 0.8772 -0.4215
vn 0.5922 0.5447 -0.5938
vn 0.7935 0.0658 -0.6050
vn 0.7810 -0.4292 -0.4537
vn 0.5602 -0.8081 -0.1819
vn 0.1916 -0.9718 0.1374
vn -0.2273 -0.8786 0.4201
vn -0.5864 -0.5530 0.5919
vn -0.7907 -0.0799 0.6070
vn -0.7951 0.4114 0.4457
vn -0.6022 0.7857 0.1417
vn -0.2457 0.9482 -0.2013
vn 0.1779 0.8533 -0.4901
vn 0.5529 0.5268 -0.6456
vn 0.7775 0.0586 -0.6261
vn 0.7925 -0.4238 -0.4386
vn 0.5961 -0.7915 -0.1347
vn 0.2421 -0.9485 0.2042
vn -0.1755 -0.8546 0.4887
vn -0.5470 -0.5346 0.6442
vn -0.7741 -0.0720 0.6290
vn -0.8054 0.4054 0.4324
vn -0.6362 0.7652 0.0985
vn -0.2943 0.9188 -0.2629
vn 0.1278 0.8232 -0.5532
vn 0.5149 0.5042 -0.6933
vn 0.7620 0.0496 -0.6456
vn 0.8037 -0.4168 -0.4247
vn 0.6308 -0.7706 -0.0912
vn 0.2910 -0.9191 0.2657
vn -0.1254 -0.8244 0.5520
vn -0.5089 -0.5115 0.6924
vn -0.7581 -0.0620 0.6492
vn -0.8152 0.3984 0.4203
vn -0.6683 0.7415 0.0595
vn -0.3402 0.8848 -0.3183
vn 0.0804 0.7882 -0.6101
vn 0.4790 0.4779 -0.7363
vn 0.7474 0.0392 -0.6633
vn 0.8142 -0.4088 -0.4124
vn 0.6635 -0.7463 -0.0522
vn 0.3371 -0.8850 0.3210
vn -0.0782 -0.7894 0.6089
vn -0.4731 -0.4846 0.7358
vn -0.7430 -0.0505 0.6673
vn -0.8243 0.3908 0.4096
vn -0.6980 0.7156 0.0249
vn -0.3828 0.8477 -0.3673
vn 0.0365 0.7501 -0.6603
vn 0.4457 0.4493 -0.7743
vn 0.7337 0.0278 -0.6789
vn 0.8239 -0.4000 -0.4015
vn 0.6939 -0.7198 -0.0178
vn 0.3799 -0.8478 0.3699
vn -0.0344 -0.7511 0.6592
vn -0.4399 -0.4553 0.7741
vn -0.7292 -0.0379 0.6833
vn -0.8326 0.3828 0.4002
vn -0.7252 0.6886 -0.0052
vn -0.4216 0.8088 -0.4099
vn -0.0035 0.7102 -0.7040
vn 0.4152 0.4193 -0.8073
vn 0.7212 0.0158 -0.6926
vn 0.8327 -0.3909 -0.3922
vn 0.7216 -0.6922 0.0121
vn 0.4190 -0.8089 0.4124
vn 0.0055 -0.7111 0.7030
vn -0.4096 -0.4247 0.8074
vn -0.7165 -0.0247 0.6971
vn -0.8402 0.3747 0.3920
vn -0.7497 0.6611 -0.0311
vn -0.4566 0.7695 -0.4465
vn -0.0397 0.6698 -0.7415
vn 0.3877 0.3890 -0.8357
vn 0.7098 0.0037 -0.7044
vn 0.8406 -0.3817 -0.3843
vn 0.7466 -0.6642 0.0377
vn 0.4542 -0.7696 0.4488
vn 0.0415 -0.6707 0.7406
vn -0.3824 -0.3937 0.8359
vn -0.7052 -0.0115 0.7089
vn -0.8470 0.3666 0.3850
vn -0.7716 0.6339 -0.0531
vn -0.4878 0.7306 -0.4777
vn -0.0720 0.6299 -0.7733
vn 0.3631 0.3589 -0.8599
vn 0.6996 -0.0084 -0.7145
vn 0.8477 -0.3726 -0.3776
vn 0.7690 -0.6365 0.0593
vn 0.4858 -0.7306 0.4798
vn 0.0737 -0.6307 0.7726
vn -0.3580 -0.3631 0.8602
vn -0.6951 0.0016 0.7189
vn -0.8530 0.3587 0.3790
vn -0.7910 0.6075 -0.0718
vn -0.5156 0.6929 -0.5040
vn -0.1008 0.5911 -0.8003
vn 0.3411 0.3298 -0.8803
vn 0.6905 -0.0201 -0.7230
vn 0.8539 -0.3639 -0.3720
vn 0.7888 -0.6097 0.0776
vn 0.5138 -0.6929 0.5060
vn 0.1023 -0.5918 0.7996
vn -0.3365 -0.3334 0.8807
vn -0.6862 0.0142 0.7273
vn -0.8559 0.3549 0.3762
vn -0.8000 0.5945 -0.0804
vn -0.5285 0.6742 -0.5159
vn -0.1142 0.5719 -0.8123
vn 0.3307 0.3154 -0.8895
vn 0.6862 -0.0258 -0.7270
vn 0.8568 -0.3596 -0.3696
vn 0.7980 -0.5965 0.0859
vn 0.5268 -0.6741 0.5177
vn 0.1157 -0.5726 0.8116
vn -0.3263 -0.3187 0.8899
vn -0.6820 0.0205 0.7310
vn 0.2581 0.4013 0.8788
vn 0.1925 0.7301 0.6557
vn 0.0897 0.9479 0.3056
vn -0.0372 0.9913 -0.1265
vn -0.1767 0.7789 -0.6017
vn -0.2658 0.3320 -0.9051
vn -0.2786 -0.1490 -0.9488
vn -0.2374 -0.5384 -0.8086
vn -0.1573 -0.8296 -0.5358
vn -0.0401 -0.9898 -0.1366
vn 0.1643 -0.8124 0.5595
vn 0.2807 -0.0867 0.9559
vn 0.7711 0.3182 0.5516
vn 0.2859 0.6612 0.6936
vn -0.3075 0.7818 0.5424
vn -0.7074 0.6657 0.2378
vn -0.9030 0.4233 -0.0736
vn -0.9278 0.0978 -0.3600
vn -0.7452 -0.2938 -0.5986
vn -0.2717 -0.6559 -0.7043
vn 0.3301 -0.7530 -0.5693
vn 0.7432 -0.5965 -0.3031
vn 0.9392 -0.3429 -0.0176
vn 0.9613 -0.0382 0.2727
vn 0.6946 0.3817 0.6098
vn 0.2767 0.6810 0.6780
vn -0.2162 0.7972 0.5636
vn -0.6511 0.6984 0.2971
vn -0.9102 0.4112 -0.0494
vn -0.9239 0.0136 -0.3823
vn -0.6898 -0.3869 -0.6120
vn -0.2716 -0.6833 -0.6777
vn 0.2184 -0.7973 -0.5627
vn 0.6500 -0.6990 -0.2981
vn 0.9088 -0.4147 0.0460
vn 0.9255 -0.0194 0.3782
vn 0.6981 0.3873 0.6022
vn 0.2875 0.6998 0.6539
vn -0.2012 0.8242 0.5294
vn -0.6358 0.7261 0.2618
vn -0.8986 0.4320 -0.0763
vn -0.9191 0.0220 -0.3934
vn -0.6929 -0.3932 -0.6044
vn -0.2819 -0.7025 -0.6534
vn 0.2035 -0.8243 -0.5284
vn 0.6346 -0.7268 -0.2629
vn 0.8970 -0.4359 0.0726
vn 0.9207 -0.0285 0.3892
vn 0.7021 0.3929 0.5938
vn 0.3001 0.7190 0.6268
vn -0.1834 0.8517 0.4908
vn -0.6178 0.7543 0.2221
vn -0.8850 0.4532 -0.1065
vn -0.9134 0.0304 -0.4059
vn -0.6966 -0.3997 -0.5958
vn -0.2941 -0.7221 -0.6261
vn 0.1860 -0.8518 -0.4897
vn 0.6164 -0.7551 -0.2233
vn 0.8832 -0.4577 0.1026
vn 0.9150 -0.0378 0.4016
vn 0.7069 0.3986 0.5844
vn 0.3150 0.7383 0.5964
vn -0.1626 0.8794 0.4475
vn -0.5965 0.7827 0.1775
vn -0.8690 0.4745 -0.1404
vn -0.9067 0.0389 -0.4199
vn -0.7010 -0.4062 -0.5861
vn -0.3085 -0.7418 -0.5954
vn 0.1654 -0.8795 -0.4462
vn 0.5950 -0.7836 -0.1787
vn 0.8669 -0.4795 0.1364
vn 0.9083 -0.0473 0.4157
vn 0.7123 0.4040 0.5739
vn 0.3323 0.7571 0.5624
vn -0.1382 0.9064 0.3991
vn -0.5717 0.8105 0.1276
vn -0.8502 0.4953 -0.1783
vn -0.8989 0.0471 -0.4355
vn -0.7062 -0.4127 -0.5752
vn -0.3254 -0.7612 -0.5610
vn 0.1412 -0.9066 -0.3976
vn 0.5700 -0.8115 -0.1289
vn 0.8478 -0.5009 0.1742
vn 0.9004 -0.0565 0.4314
vn 0.7186 0.4091 0.5623
vn 0.3524 0.7749 0.5247
vn -0.1099 0.9320 0.3453
vn -0.5428 0.8368 0.0722
vn -0.8284 0.5150 -0.2203
vn -0.8899 0.0548 -0.4528
vn -0.7124 -0.4189 -0.5631
vn -0.3451 -0.7795 -0.5228
vn 0.1131 -0.9323 -0.3437
vn 0.5410 -0.8378 -0.0736
vn 0.8256 -0.5212 0.2161
vn 0.8912 -0.0653 0.4489
vn 0.7258 0.4137 0.5496
vn 0.3754 0.7909 0.4833
vn -0.0773 0.9550 0.2862
vn -0.5095 0.8604 0.0113
vn -0.8033 0.5326 -0.2664
vn -0.8796 0.0617 -0.4717
vn -0.7195 -0.4245 -0.5497
vn -0.3678 -0.7960 -0.4808
vn 0.0808 -0.9553 -0.2843
vn 0.5075 -0.8615 -0.0128
vn 0.8001 -0.5395 0.2623
vn 0.8806 -0.0733 0.4682
vn 0.7339 0.4174 0.5358
vn 0.4015 0.8041 0.4384
vn -0.0404 0.9742 0.2221
vn -0.4717 0.8801 -0.0547
vn -0.7748 0.5473 -0.3165
vn -0.8679 0.0674 -0.4922
vn -0.7276 -0.4292 -0.5351
vn -0.3937 -0.8097 -0.4352
vn 0.0440 -0.9745 -0.2200
vn 0.4696 -0.8813 0.0532
vn 0.7711 -0.5547 0.3125
vn 0.8684 -0.0800 0.4893
vn 0.7429 0.4201 0.5213
vn 0.4305 0.8137 0.3905
vn 0.0009 0.9881 0.1536
vn -0.4295 0.8944 -0.1252
vn -0.7430 0.5579 -0.3698
vn -0.8549 0.0714 -0.5139
vn -0.7368 -0.4327 -0.5195
vn -0.4226 -0.8198 -0.3865
vn 0.0029 -0.9885 -0.1513
vn 0.4272 -0.8957 0.1236
vn 0.7388 -0.5658 0.3661
vn 0.8549 -0.0850 0.5118
vn 0.7526 0.4214 0.5060
vn 0.4622 0.8188 0.3403
vn 0.0460 0.9956 0.0821
vn -0.3833 0.9020 -0.1988
vn -0.7081 0.5635 -0.4255
vn -0.8407 0.0735 -0.5366
vn -0.7470 -0.4346 -0.5031
vn -0.4544 -0.8252 -0.3356
vn -0.0421 -0.9959 -0.0796
vn 0.3809 -0.9033 0.1973
vn 0.7035 -0.5718 0.4221
vn 0.8400 -0.0877 0.5354
vn 0.7629 0.4212 0.4905
vn 0.4960 0.8187 0.2891
vn 0.0941 0.9955 0.0089
vn -0.3338 0.9019 -0.2740
vn -0.6708 0.5634 -0.4823
vn -0.8255 0.0733 -0.5597
vn -0.7579 -0.4348 -0.4864
vn -0.4885 -0.8252 -0.2837
vn -0.0903 -0.9959 -0.0063
vn 0.3314 -0.9033 0.2725
vn 0.6657 -0.5719 0.4794
vn 0.8241 -0.0879 0.5596
vn 0.7736 0.4195 0.4750
vn 0.5312 0.8131 0.2381
vn 0.1443 0.9875 -0.0639
vn -0.2822 0.8936 -0.3489
vn -0.6318 0.5571 -0.5389
vn -0.8096 0.0707 -0.5827
vn -0.7693 -0.4330 -0.4698
vn -0.5240 -0.8195 -0.2320
vn -0.1405 -0.9878 0.0667
vn 0.2797 -0.8950 0.3474
vn 0.6263 -0.5656 0.5365
vn 0.8075 -0.0852 0.5836
vn 0.7844 0.4162 0.4600
vn 0.5669 0.8019 0.1886
vn 0.1953 0.9715 -0.1346
vn -0.2298 0.8772 -0.4215
vn -0.5922 0.5447 -0.5938
vn -0.7935 0.0658 -0.6050
vn -0.7810 -0.4292 -0.4537
vn -0.5602 -0.8081 -0.1819
vn -0.1916 -0.9718 0.1374
vn 0.2273 -0.8786 0.4201
vn 0.5864 -0.5530 0.5919
vn 0.7907 -0.0799 0.6070
vn 0.7951 0.4114 0.4457
vn 0.6022 0.7857 0.1417
vn 0.2457 0.9482 -0.2013
vn -0.1779 0.8533 -0.4901
vn -0.5529 0.5268 -0.6456
vn -0.7775 0.0586 -0.6261
vn -0.7925 -0.4238 -0.4386
vn -0.5961 -0.7915 -0.1347
vn -0.2421 -0.9485 0.2042
vn 0.1755 -0.8546 0.4887
vn 0.5470 -0.5346 0.6442
vn 0.7741 -0.0720 0.6290
vn 0.8054 0.4054 0.4324
vn 0.6362 0.7652 0.0985
vn 0.2943 0.9188 -0.2629
vn -0.1278 0.8232 -0.5532
vn -0.5149 0.5042 -0.6933
vn -0.7620 0.0496 -0.6456
vn -0.8037 -0.4168 -0.4247
vn -0.6308 -0.7706 -0.0912
vn -0.2910 -0.9191 0.2657
vn 0.1254 -0.8244 0.5519
vn 0.5089 -0.5115 0.6924
vn 0.7581 -0.0620 0.6492
vn 0.8152 0.3984 0.4203
vn 0.6683 0.7415 0.0595
vn 0.3402 0.8848 -0.3183
vn -0.0805 0.7882 -0.6101
vn -0.4790 0.4779 -0.7363
vn -0.7474 0.0392 -0.6633
vn -0.8142 -0.4088 -0.4124
vn -0.6635 -0.7463 -0.0522
vn -0.3371 -0.8850 0.3210
vn 0.0782 -0.7894 0.6089
vn 0.4731 -0.4846 0.7358
vn 0.7430 -0.0505 0.6673
vn 0.8243 0.3908 0.4096
vn 0.6980 0.7156 0.0249
vn 0.3828 0.8477 -0.3673
vn -0.0365 0.7501 -0.6603
vn -0.4457 0.4493 -0.7743
vn -0.7337 0.0278 -0.6789
vn -0.8239 -0.4000 -0.4015
vn -0.6939 -0.7198 -0.0178
vn -0.3799 -0.8478 0.3699
vn 0.0344 -0.7511 0.6592
vn 0.4399 -0.4553 0.7741
vn 0.7292 -0.0379 0.6833
vn 0.8326 0.3828 0.4002
vn 0.7252 0.6886 -0.0052
vn 0.4216 0.8089 -0.4099
vn 0.0035 0.7102 -0.7040
vn -0.4152 0.4193 -0.8073
vn -0.7212 0.0158 -0.6926
vn -0.8327 -0.3909 -0.3922
vn -0.7216 -0.6922 0.0121
vn -0.4190 -0.8089 0.4124
vn -0.0055 -0.7112 0.7030
vn 0.4096 -0.4247 0.8074
vn 0.7165 -0.0247 0.6971
vn 0.8402 0.3747 0.3920
vn 0.7497 0.6611 -0.0311
vn 0.4566 0.7695 -0.4465
vn 0.0397 0.6698 -0.7415
vn -0.3877 0.3890 -0.8357
vn -0.7098 0.0037 -0.7044
vn -0.8406 -0.3817 -0.3843
vn -0.7466 -0.6642 0.0377
vn -0.4542 -0.7696 0.4488
vn -0.0416 -0.6707 0.7406
vn 0.3824 -0.3937 0.8359
vn 0.7052 -0.0115 0.7089
vn 0.8470 0.3666 0.3850
vn 0.7716 0.6339 -0.0531
vn 0.4878 0.7306 -0.4777
vn 0.0720 0.6299 -0.7733
vn -0.3631 0.3589 -0.8599
vn -0.6996 -0.0084 -0.7145
vn -0.8477 -0.3726 -0.3776
vn -0.7690 -0.6365 0.0593
vn -0.4857 -0.7306 0.4798
vn -0.0737 -0.6307 0.7726
vn 0.3580 -0.3631 0.8602
vn 0.6951 0.0016 0.7189
vn 0.8530 0.3587 0.3790
vn 0.7910 0.6075 -0.0718
vn 0.5156 0.6929 -0.5040
vn 0.1008 0.5911 -0.8003
vn -0.3411 0.3297 -0.8803
vn -0.6905 -0.0201 -0.7230
vn -0.8539 -0.3639 -0.3721
vn -0.7888 -0.6097 0.0776
vn -0.5138 -0.6929 0.5060
vn -0.1023 -0.5918 0.7996
vn 0.3364 -0.3334 0.8807
vn 0.6862 0.0142 0.7273
vn 0.8559 0.3549 0.3762
vn 0.8000 0.5945 -0.0804
vn 0.5285 0.6742 -0.5159
vn 0.1142 0.5719 -0.8123
vn -0.3307 0.3154 -0.8895
vn -0.6862 -0.0258 -0.7270
vn -0.8568 -0.3595 -0.3696
vn -0.7980 -0.5965 0.0859
vn -0.5268 -0.6741 0.5177
vn -0.1157 -0.5726 0.8116
vn 0.3263 -0.3187 0.8899
vn 0.6820 0.0205 0.7310
vn -0.3505 0.3182 0.8809
vn 0.1344 0.6612 0.7381
vn 0.5520 0.7818 0.2901
vn 0.7236 0.6657 -0.1824
vn 0.7199 0.4233 -0.5501
vn 0.5859 0.0978 -0.8044
vn 0.3033 -0.2938 -0.9065
vn -0.1522 -0.6559 -0.7394
vn -0.5854 -0.7530 -0.3005
vn -0.7891 -0.5965 0.1468
vn -0.7996 -0.3429 0.4930
vn -0.6613 -0.0382 0.7491
vn -0.2547 0.3817 0.8885
vn 0.1337 0.6810 0.7200
vn 0.4866 0.7972 0.3572
vn 0.7084 0.6984 -0.1021
vn 0.7390 0.4112 -0.5337
vn 0.5706 0.0136 -0.8211
vn 0.2494 -0.3869 -0.8877
vn -0.1379 -0.6833 -0.7170
vn -0.4879 -0.7973 -0.3553
vn -0.7080 -0.6990 0.1007
vn -0.7397 -0.4147 0.5300
vn -0.5741 -0.0194 0.8185
vn -0.2617 0.3873 0.8840
vn 0.1117 0.6998 0.7055
vn 0.4554 0.8242 0.3366
vn 0.6764 0.7261 -0.1235
vn 0.7147 0.4320 -0.5500
vn 0.5605 0.0220 -0.8279
vn 0.2561 -0.3932 -0.8830
vn -0.1161 -0.7025 -0.7021
vn -0.4569 -0.8243 -0.3345
vn -0.6760 -0.7268 0.1219
vn -0.7154 -0.4359 0.5461
vn -0.5641 -0.0285 0.8252
vn -0.2696 0.3929 0.8791
vn 0.0864 0.7190 0.6896
vn 0.4197 0.8517 0.3138
vn 0.6398 0.7543 -0.1471
vn 0.6870 0.4532 -0.5680
vn 0.5490 0.0304 -0.8353
vn 0.2639 -0.3997 -0.8778
vn -0.0911 -0.7221 -0.6857
vn -0.4212 -0.8518 -0.3114
vn -0.6393 -0.7551 0.1455
vn -0.6875 -0.4576 0.5638
vn -0.5526 -0.0378 0.8326
vn -0.2787 0.3986 0.8738
vn 0.0575 0.7383 0.6720
vn 0.3787 0.8794 0.2886
vn 0.5978 0.7827 -0.1732
vn 0.6551 0.4745 -0.5879
vn 0.5358 0.0389 -0.8435
vn 0.2729 -0.4063 -0.8721
vn -0.0623 -0.7418 -0.6677
vn -0.3804 -0.8795 -0.2860
vn -0.5972 -0.7836 0.1714
vn -0.6555 -0.4795 0.5834
vn -0.5394 -0.0473 0.8407
vn -0.2890 0.4040 0.8679
vn 0.0245 0.7571 0.6528
vn 0.3320 0.9064 0.2610
vn 0.5499 0.8105 -0.2017
vn 0.6189 0.4953 -0.6096
vn 0.5208 0.0471 -0.8524
vn 0.2831 -0.4127 -0.8657
vn -0.0295 -0.7612 -0.6479
vn -0.3338 -0.9066 -0.2582
vn -0.5492 -0.8115 0.1997
vn -0.6191 -0.5009 0.6049
vn -0.5242 -0.0565 0.8497
vn -0.3006 0.4091 0.8615
vn -0.0127 0.7749 0.6319
vn 0.2791 0.9320 0.2311
vn 0.4957 0.8368 -0.2327
vn 0.5778 0.5150 -0.6332
vn 0.5039 0.0548 -0.8620
vn 0.2948 -0.4189 -0.8588
vn 0.0077 -0.7795 -0.6264
vn -0.2810 -0.9323 -0.2280
vn -0.4949 -0.8378 0.2305
vn -0.5777 -0.5212 0.6282
vn -0.5070 -0.0654 0.8595
vn -0.3135 0.4137 0.8547
vn -0.0545 0.7909 0.6095
vn 0.2198 0.9550 0.1990
vn 0.4347 0.8604 -0.2659
vn 0.5317 0.5326 -0.6584
vn 0.4849 0.0617 -0.8724
vn 0.3081 -0.4245 -0.8514
vn 0.0495 -0.7960 -0.6033
vn -0.2217 -0.9553 -0.1955
vn -0.4339 -0.8615 0.2636
vn -0.5313 -0.5395 0.6533
vn -0.4876 -0.0733 0.8700
vn -0.3277 0.4174 0.8476
vn -0.1008 0.8041 0.5859
vn 0.1540 0.9742 0.1650
vn 0.3672 0.8801 -0.3010
vn 0.4807 0.5473 -0.6851
vn 0.4640 0.0674 -0.8832
vn 0.3228 -0.4292 -0.8435
vn 0.0959 -0.8097 -0.5789
vn -0.1559 -0.9745 -0.1613
vn -0.3663 -0.8813 0.2986
vn -0.4798 -0.5547 0.6798
vn -0.4661 -0.0800 0.8811
vn -0.3431 0.4201 0.8401
vn -0.1511 0.8137 0.5612
vn 0.0823 0.9881 0.1297
vn 0.2936 0.8944 -0.3375
vn 0.4251 0.5579 -0.7128
vn 0.4413 0.0714 -0.8945
vn 0.3390 -0.4327 -0.8354
vn 0.1466 -0.8198 -0.5536
vn -0.0842 -0.9885 -0.1257
vn -0.2926 -0.8957 0.3350
vn -0.4236 -0.5658 0.7074
vn -0.4425 -0.0850 0.8927
vn -0.3595 0.4214 0.8326
vn -0.2049 0.8188 0.5362
vn 0.0057 0.9956 0.0939
vn 0.2149 0.9020 -0.3745
vn 0.3656 0.5635 -0.7408
vn 0.4171 0.0735 -0.9059
vn 0.3564 -0.4346 -0.8271
vn 0.2008 -0.8252 -0.5280
vn -0.0076 -0.9959 -0.0897
vn -0.2138 -0.9033 0.3719
vn -0.3636 -0.5718 0.7354
vn -0.4172 -0.0877 0.9046
vn -0.3766 0.4212 0.8251
vn -0.2610 0.8187 0.5114
vn -0.0744 0.9955 0.0584
vn 0.1327 0.9019 -0.4110
vn 0.3035 0.5634 -0.7684
vn 0.3918 0.0733 -0.9171
vn 0.3746 -0.4348 -0.8189
vn 0.2575 -0.8252 -0.5027
vn 0.0725 -0.9959 -0.0541
vn -0.1314 -0.9033 0.4084
vn -0.3008 -0.5719 0.7632
vn -0.3908 -0.0879 0.9163
vn -0.3939 0.4195 0.8178
vn -0.3182 0.8131 0.4875
vn -0.1560 0.9875 0.0243
vn 0.0488 0.8936 -0.4461
vn 0.2401 0.5571 -0.7949
vn 0.3661 0.0707 -0.9279
vn 0.3932 -0.4330 -0.8111
vn 0.3154 -0.8195 -0.4785
vn 0.1543 -0.9878 -0.0199
vn -0.0475 -0.8950 0.4435
vn -0.2369 -0.5656 0.7900
vn -0.3638 -0.0852 0.9276
vn -0.4112 0.4162 0.8110
vn -0.3750 0.8019 0.4652
vn -0.2371 0.9715 -0.0076
vn -0.0346 0.8772 -0.4789
vn 0.1772 0.5448 -0.8197
vn 0.3404 0.0658 -0.9380
vn 0.4117 -0.4293 -0.8039
vn 0.3730 -0.8081 -0.4559
vn 0.2355 -0.9718 0.0120
vn 0.0359 -0.8786 0.4763
vn -0.1733 -0.5530 0.8150
vn -0.3370 -0.0799 0.9381
vn -0.4279 0.4114 0.8048
vn -0.4299 0.7857 0.4448
vn -0.3155 0.9482 -0.0366
vn -0.1153 0.8533 -0.5085
vn 0.1161 0.5268 -0.8420
vn 0.3156 0.0586 -0.9471
vn 0.4296 -0.4238 -0.7974
vn 0.4287 -0.7915 -0.4356
vn 0.3141 -0.9485 0.0409
vn 0.1166 -0.8546 0.5060
vn -0.1119 -0.5347 0.8376
vn -0.3111 -0.0720 0.9476
vn -0.4438 0.4054 0.7992
vn -0.4819 0.7652 0.4268
vn -0.3897 0.9188 -0.0620
vn -0.1916 0.8231 -0.5345
vn 0.0584 0.5042 -0.8616
vn 0.2920 0.0496 -0.9551
vn 0.4465 -0.4168 -0.7918
vn 0.4813 -0.7706 -0.4178
vn 0.3884 -0.9191 0.0662
vn 0.1929 -0.8244 0.5321
vn -0.0538 -0.5115 0.8576
vn -0.2868 -0.0620 0.9560
vn -0.4585 0.3984 0.7943
vn -0.5300 0.7415 0.4113
vn -0.4583 0.8848 -0.0838
vn -0.2622 0.7882 -0.5568
vn 0.0049 0.4779 -0.8784
vn 0.2701 0.0392 -0.9620
vn 0.4620 -0.4088 -0.7871
vn 0.5300 -0.7463 -0.4026
vn 0.4572 -0.8850 0.0878
vn 0.2634 -0.7894 0.5545
vn -0.0002 -0.4846 0.8747
vn -0.2643 -0.0505 0.9631
vn -0.4720 0.3908 0.7902
vn -0.5737 0.7156 0.3984
vn -0.5206 0.8477 -0.1021
vn -0.3263 0.7501 -0.5753
vn -0.0437 0.4493 -0.8923
vn 0.2502 0.0278 -0.9678
vn 0.4760 -0.4000 -0.7832
vn 0.5741 -0.7198 -0.3901
vn 0.5196 -0.8478 0.1058
vn 0.3275 -0.7511 0.5732
vn 0.0485 -0.4553 0.8890
vn -0.2440 -0.0379 0.9690
vn -0.4841 0.3829 0.7868
vn -0.6128 0.6886 0.3877
vn -0.5763 0.8088 -0.1169
vn -0.3836 0.7102 -0.5903
vn -0.0872 0.4193 -0.9036
vn 0.2322 0.0158 -0.9725
vn 0.4885 -0.3909 -0.7801
vn 0.6136 -0.6922 -0.3800
vn 0.5754 -0.8089 0.1204
vn 0.3847 -0.7111 0.5884
vn 0.0919 -0.4247 0.9007
vn -0.2259 -0.0247 0.9738
vn -0.4949 0.3747 0.7840
vn -0.6474 0.6611 0.3792
vn -0.6255 0.7695 -0.1288
vn -0.4343 0.6698 -0.6023
vn -0.1257 0.3890 -0.9126
vn 0.2163 0.0037 -0.9763
vn 0.4994 -0.3817 -0.7778
vn 0.6484 -0.6642 -0.3720
vn 0.6248 -0.7696 0.1320
vn 0.4353 -0.6707 0.6006
vn 0.1303 -0.3937 0.9100
vn -0.2100 -0.0115 0.9776
vn -0.5044 0.3666 0.7818
vn -0.6778 0.6339 0.3724
vn -0.6687 0.7306 -0.1381
vn -0.4787 0.6299 -0.6116
vn -0.1595 0.3589 -0.9196
vn 0.2023 -0.0084 -0.9793
vn 0.5089 -0.3726 -0.7760
vn 0.6790 -0.6365 -0.3658
vn 0.6680 -0.7306 0.1410
vn 0.4797 -0.6307 0.6100
vn 0.1639 -0.3631 0.9172
vn -0.1961 0.0016 0.9806
vn -0.5127 0.3587 0.7800
vn -0.7043 0.6075 0.3672
vn -0.7063 0.6929 -0.1452
vn -0.5174 0.5911 -0.6187
vn -0.1889 0.3298 -0.9250
vn 0.1900 -0.0201 -0.9816
vn 0.5172 -0.3639 -0.7746
vn 0.7055 -0.6097 -0.3611
vn 0.7057 -0.6929 0.1479
vn 0.5184 -0.5918 0.6173
vn 0.1931 -0.3334 0.9228
vn -0.1841 0.0143 0.9828
vn -0.5166 0.3549 0.7792
vn -0.7165 0.5945 0.3649
vn -0.7235 0.6742 -0.1483
vn -0.5353 0.5719 -0.6216
vn -0.2026 0.3154 -0.9271
vn 0.1842 -0.0258 -0.9825
vn 0.5210 -0.3595 -0.7741
vn 0.7178 -0.5965 -0.3592
vn 0.7231 -0.6741 0.1508
vn 0.5362 -0.5726 0.6202
vn 0.2066 -0.3187 0.9251
vn -0.1785 0.0205 0.9837
vn 0.6922 0.4013 0.5998
vn 0.5165 0.7301 0.4475
vn 0.2407 0.9479 0.2086
vn -0.0997 0.9913 -0.0864
vn -0.4740 0.7789 -0.4107
vn -0.7129 0.3320 -0.6177
vn -0.7473 -0.1490 -0.6475
vn -0.6369 -0.5384 -0.5519
vn -0.4220 -0.8296 -0.3657
vn -0.1076 -0.9898 -0.0932
vn 0.4407 -0.8124 0.3819
vn 0.7529 -0.0867 0.6524
vn 0.9469 0.3182 0.0471
vn 0.6155 0.6612 0.4289
vn 0.0346 0.7818 0.6226
vn -0.4665 0.6657 0.5824
vn -0.7994 0.4233 0.4263
vn -0.9751 0.0978 0.1988
vn -0.9505 -0.2938 -0.1007
vn -0.6093 -0.6559 -0.4456
vn -0.0301 -0.7530 -0.6574
vn 0.4613 -0.5965 -0.6568
vn 0.7806 -0.3429 -0.5226
vn 0.9562 -0.0382 -0.2904
vn 0.9140 0.3817 0.1374
vn 0.5994 0.6810 0.4207
vn 0.1228 0.7972 0.5910
vn -0.3871 0.6984 0.6020
vn -0.7924 0.4112 0.4505
vn -0.9839 0.0136 0.1779
vn -0.9111 -0.3869 -0.1419
vn -0.5949 -0.6833 -0.4233
vn -0.1205 -0.7973 -0.5914
vn 0.3857 -0.6990 -0.6022
vn 0.7894 -0.4147 -0.4526
vn 0.9831 -0.0194 -0.1822
vn 0.9129 0.3873 0.1292
vn 0.5954 0.6998 0.3947
vn 0.1170 0.8242 0.5541
vn -0.3933 0.7261 0.5640
vn -0.7972 0.4320 0.4217
vn -0.9859 0.0220 0.1660
vn -0.9097 -0.3932 -0.1338
vn -0.5905 -0.7025 -0.3973
vn -0.1144 -0.8243 -0.5545
vn 0.3917 -0.7268 -0.5642
vn 0.7939 -0.4359 -0.4239
vn 0.9850 -0.0285 -0.1704
vn 0.9117 0.3929 0.1199
vn 0.5914 0.7190 0.3650
vn 0.1111 0.8517 0.5121
vn -0.3996 0.7543 0.5209
vn -0.8021 0.4532 0.3889
vn -0.9879 0.0304 0.1524
vn -0.9081 -0.3997 -0.1246
vn -0.5859 -0.7221 -0.3677
vn -0.1083 -0.8518 -0.5125
vn 0.3979 -0.7551 -0.5211
vn 0.7985 -0.4577 -0.3911
vn 0.9869 -0.0378 -0.1568
vn 0.9106 0.3986 0.1095
vn 0.5874 0.7383 0.3315
vn 0.1052 0.8794 0.4644
vn -0.4059 0.7827 0.4718
vn -0.8069 0.4745 0.3517
vn -0.9898 0.0389 0.1370
vn -0.9066 -0.4063 -0.1141
vn -0.5814 -0.7418 -0.3341
vn -0.1021 -0.8795 -0.4648
vn 0.4040 -0.7836 -0.4721
vn 0.8030 -0.4795 -0.3539
vn 0.9888 -0.0473 -0.1414
vn 0.9095 0.4040 0.0976
vn 0.5836 0.7571 0.2935
vn 0.0995 0.9064 0.4105
vn -0.4119 0.8105 0.4164
vn -0.8116 0.4953 0.3097
vn -0.9917 0.0471 0.1196
vn -0.9051 -0.4127 -0.1021
vn -0.5771 -0.7612 -0.2960
vn -0.0962 -0.9066 -0.4109
vn 0.4098 -0.8115 -0.4166
vn 0.8074 -0.5009 -0.3118
vn 0.9907 -0.0565 -0.1239
vn 0.9085 0.4092 0.0845
vn 0.5801 0.7749 0.2509
vn 0.0943 0.9320 0.3499
vn -0.4176 0.8368 0.3542
vn -0.8160 0.5150 0.2626
vn -0.9935 0.0548 0.1002
vn -0.9037 -0.4189 -0.0886
vn -0.5730 -0.7795 -0.2532
vn -0.0906 -0.9323 -0.3503
vn 0.4153 -0.8378 -0.3544
vn 0.8114 -0.5212 -0.2645
vn 0.9924 -0.0653 -0.1042
vn 0.9077 0.4137 0.0699
vn 0.5771 0.7909 0.2036
vn 0.0897 0.9550 0.2826
vn -0.4225 0.8604 0.2850
vn -0.8198 0.5326 0.2102
vn -0.9950 0.0617 0.0787
vn -0.9025 -0.4245 -0.0735
vn -0.5693 -0.7960 -0.2056
vn -0.0858 -0.9553 -0.2829
vn 0.4200 -0.8615 -0.2851
vn 0.8149 -0.5395 -0.2119
vn 0.9939 -0.0733 -0.0822
vn 0.9071 0.4174 0.0540
vn 0.5748 0.8041 0.1517
vn 0.0861 0.9742 0.2086
vn -0.4264 0.8801 0.2090
vn -0.8229 0.5473 0.1527
vn -0.9962 0.0674 0.0552
vn -0.9014 -0.4292 -0.0568
vn -0.5664 -0.8097 -0.1533
vn -0.0819 -0.9745 -0.2088
vn 0.4238 -0.8813 -0.2091
vn 0.8177 -0.5547 -0.1540
vn 0.9951 -0.0800 -0.0579
vn 0.9067 0.4201 0.0369
vn 0.5733 0.8137 0.0957
vn 0.0838 0.9881 0.1288
vn -0.4290 0.8944 0.1269
vn -0.8249 0.5579 0.0906
vn -0.9970 0.0714 0.0299
vn -0.9007 -0.4327 -0.0387
vn -0.5645 -0.8198 -0.0967
vn -0.0794 -0.9885 -0.1289
vn 0.4262 -0.8957 -0.1270
vn 0.8194 -0.5658 -0.0915
vn 0.9959 -0.0850 -0.0316
vn 0.9067 0.4214 0.0188
vn 0.5729 0.8188 0.0364
vn 0.0830 0.9956 0.0442
vn -0.4299 0.9020 0.0399
vn -0.8257 0.5635 0.0249
vn -0.9973 0.0735 0.0031
vn -0.9004 -0.4346 -0.0194
vn -0.5637 -0.8252 -0.0367
vn -0.0784 -0.9959 -0.0442
vn 0.4271 -0.9033 -0.0400
vn 0.8200 -0.5718 -0.0252
vn 0.9961 -0.0877 -0.0037
vn 0.9069 0.4212 0.0002
vn 0.5736 0.8187 -0.0249
vn 0.0840 0.9955 -0.0434
vn -0.4290 0.9019 -0.0501
vn -0.8251 0.5634 -0.0431
vn -0.9970 0.0733 -0.0246
vn -0.9005 -0.4348 0.0006
vn -0.5643 -0.8252 0.0254
vn -0.0793 -0.9959 0.0435
vn 0.4261 -0.9033 0.0501
vn 0.8192 -0.5719 0.0434
vn 0.9958 -0.0879 0.0252
vn 0.9076 0.4195 -0.0186
vn 0.5756 0.8131 -0.0869
vn 0.0869 0.9875 -0.1318
vn -0.4261 0.8936 -0.1410
vn -0.8229 0.5571 -0.1118
vn -0.9961 0.0707 -0.0525
vn -0.9012 -0.4330 0.0207
vn -0.5663 -0.8195 0.0882
vn -0.0822 -0.9878 0.1321
vn 0.4231 -0.8950 0.1410
vn 0.8170 -0.5656 0.1127
vn 0.9949 -0.0852 0.0544
vn 0.9085 0.4162 -0.0371
vn 0.5789 0.8019 -0.1478
vn 0.0915 0.9715 -0.2188
vn -0.4212 0.8772 -0.2304
vn -0.8192 0.5447 -0.1794
vn -0.9946 0.0658 -0.0800
vn -0.9023 -0.4292 0.0406
vn -0.5696 -0.8081 0.1499
vn -0.0869 -0.9718 0.2192
vn 0.4183 -0.8786 0.2305
vn 0.8133 -0.5530 0.1809
vn 0.9933 -0.0799 0.0831
vn 0.9098 0.4114 -0.0549
vn 0.5832 0.7857 -0.2063
vn 0.0978 0.9482 -0.3022
vn -0.4147 0.8533 -0.3161
vn -0.8142 0.5268 -0.2442
vn -0.9926 0.0586 -0.1064
vn -0.9038 -0.4238 0.0595
vn -0.5743 -0.7915 0.2090
vn -0.0933 -0.9485 0.3027
vn 0.4118 -0.8546 0.3163
vn 0.8084 -0.5346 0.2462
vn 0.9913 -0.0720 0.1106
vn 0.9113 0.4054 -0.0717
vn 0.5884 0.7652 -0.2611
vn 0.1055 0.9188 -0.3803
vn -0.4066 0.8232 -0.3963
vn -0.8080 0.5042 -0.3048
vn -0.9901 0.0496 -0.1312
vn -0.9057 -0.4168 0.0772
vn -0.5800 -0.7706 0.2643
vn -0.1012 -0.9191 0.3808
vn 0.4039 -0.8244 0.3965
vn 0.8025 -0.5115 0.3073
vn 0.9887 -0.0620 0.1363
vn 0.9130 0.3984 -0.0871
vn 0.5943 0.7415 -0.3113
vn 0.1141 0.8848 -0.4517
vn -0.3975 0.7882 -0.4698
vn -0.8011 0.4779 -0.3604
vn -0.9873 0.0392 -0.1539
vn -0.9079 -0.4088 0.0933
vn -0.5864 -0.7463 0.3148
vn -0.1101 -0.8850 0.4523
vn 0.3950 -0.7894 0.4700
vn 0.7958 -0.4846 0.3632
vn 0.9859 -0.0505 0.1597
vn 0.9149 0.3908 -0.1011
vn 0.6007 0.7156 -0.3564
vn 0.1234 0.8477 -0.5159
vn -0.3877 0.7501 -0.5358
vn -0.7935 0.4493 -0.4104
vn -0.9843 0.0278 -0.1745
vn -0.9102 -0.4000 0.1076
vn -0.5934 -0.7199 0.3602
vn -0.1196 -0.8478 0.5166
vn 0.3854 -0.7511 0.5360
vn 0.7885 -0.4553 0.4134
vn 0.9828 -0.0379 0.1806
vn 0.9168 0.3828 -0.1135
vn 0.6073 0.6886 -0.3964
vn 0.1330 0.8089 -0.5728
vn -0.3776 0.7102 -0.5942
vn -0.7858 0.4193 -0.4547
vn -0.9811 0.0158 -0.1928
vn -0.9126 -0.3909 0.1202
vn -0.6005 -0.6922 0.4003
vn -0.1295 -0.8089 0.5734
vn 0.3754 -0.7111 0.5944
vn 0.7811 -0.4247 0.4577
vn 0.9797 -0.0247 0.1991
vn 0.9187 0.3747 -0.1245
vn 0.6139 0.6611 -0.4314
vn 0.1427 0.7695 -0.6225
vn -0.3675 0.6698 -0.6452
vn -0.7780 0.3890 -0.4934
vn -0.9779 0.0037 -0.2088
vn -0.9149 -0.3817 0.1312
vn -0.6077 -0.6642 0.4353
vn -0.1395 -0.7696 0.6231
vn 0.3654 -0.6707 0.6455
vn 0.7736 -0.3937 0.4965
vn 0.9765 -0.0115 0.2151
vn 0.9207 0.3666 -0.1340
vn 0.6204 0.6339 -0.4618
vn 0.1522 0.7306 -0.6656
vn -0.3575 0.6299 -0.6895
vn -0.7703 0.3589 -0.5271
vn -0.9748 -0.0084 -0.2228
vn -0.9173 -0.3726 0.1406
vn -0.6148 -0.6365 0.4657
vn -0.1492 -0.7306 0.6662
vn 0.3556 -0.6306 0.6898
vn 0.7663 -0.3631 0.5301
vn 0.9734 0.0016 0.2290
vn 0.9225 0.3587 -0.1424
vn 0.6266 0.6075 -0.4881
vn 0.1613 0.6929 -0.7028
vn -0.3479 0.5911 -0.7277
vn -0.7629 0.3297 -0.5561
vn -0.9718 -0.0201 -0.2349
vn -0.9195 -0.3639 0.1487
vn -0.6216 -0.6097 0.4918
vn -0.1587 -0.6929 0.7034
vn 0.3462 -0.5918 0.7280
vn 0.7592 -0.3334 0.5590
vn 0.9705 0.0142 0.2409
vn 0.9234 0.3549 -0.1463
vn 0.6296 0.5945 -0.5002
vn 0.1657 0.6742 -0.7197
vn -0.3431 0.5719 -0.7451
vn -0.7591 0.3154 -0.5694
vn -0.9703 -0.0258 -0.2406
vn -0.9206 -0.3595 0.1523
vn -0.6249 -0.5965 0.5037
vn -0.1632 -0.6741 0.7203
vn 0.3415 -0.5726 0.7454
vn 0.7556 -0.3187 0.5722
vn 0.9690 0.0205 0.2463
vn 0.1814 0.3182 0.9305
vn 0.5121 0.6612 0.5482
vn 0.6212 0.7818 -0.0544
vn 0.5101 0.6657 -0.5447
vn 0.3082 0.4233 -0.8520
vn 0.0580 0.0978 -0.9935
vn -0.2349 -0.2938 -0.9265
vn -0.5278 -0.6559 -0.5397
vn -0.6549 -0.7530 0.0637
vn -0.5845 -0.5965 0.5501
vn -0.4061 -0.3429 0.8470
vn -0.1513 -0.0382 0.9877
vn 0.2661 0.3817 0.8851
vn 0.5017 0.6810 0.5334
vn 0.6025 0.7972 0.0374
vn 0.5407 0.6984 -0.4689
vn 0.3331 0.4112 -0.8485
vn 0.0361 0.0137 -0.9993
vn -0.2701 -0.3869 -0.8817
vn -0.5036 -0.6833 -0.5286
vn -0.6026 -0.7973 -0.0351
vn -0.5411 -0.6990 0.4674
vn -0.3357 -0.4147 0.8458
vn -0.0404 -0.0194 0.9990
vn 0.2578 0.3873 0.8852
vn 0.4754 0.6998 0.5332
vn 0.5651 0.8242 0.0369
vn 0.5023 0.7261 -0.4696
vn 0.3039 0.4320 -0.8491
vn 0.0239 0.0220 -0.9995
vn -0.2619 -0.3932 -0.8814
vn -0.4773 -0.7025 -0.5279
vn -0.5652 -0.8243 -0.0344
vn -0.5027 -0.7268 0.4680
vn -0.3066 -0.4359 0.8462
vn -0.0284 -0.0285 0.9992
vn 0.2485 0.3929 0.8854
vn 0.4455 0.7190 0.5334
vn 0.5227 0.8517 0.0370
vn 0.4587 0.7543 -0.4697
vn 0.2708 0.4532 -0.8493
vn 0.0102 0.0304 -0.9995
vn -0.2526 -0.3997 -0.8812
vn -0.4473 -0.7221 -0.5277
vn -0.5227 -0.8518 -0.0342
vn -0.4591 -0.7551 0.4680
vn -0.2735 -0.4577 0.8460
vn -0.0148 -0.0378 0.9992
vn 0.2379 0.3986 0.8857
vn 0.4117 0.7383 0.5343
vn 0.4746 0.8794 0.0380
vn 0.4093 0.7827 -0.4689
vn 0.2333 0.4745 -0.8488
vn -0.0053 0.0389 -0.9992
vn -0.2419 -0.4063 -0.8811
vn -0.4134 -0.7418 -0.5280
vn -0.4746 -0.8795 -0.0349
vn -0.4098 -0.7836 0.4670
vn -0.2361 -0.4795 0.8452
vn 0.0008 -0.0473 0.9989
vn 0.2261 0.4040 0.8864
vn 0.3736 0.7571 0.5359
vn 0.4205 0.9064 0.0401
vn 0.3536 0.8105 -0.4670
vn 0.1910 0.4953 -0.8474
vn -0.0227 0.0471 -0.9986
vn -0.2299 -0.4127 -0.8814
vn -0.3751 -0.7612 -0.5291
vn -0.4204 -0.9066 -0.0367
vn -0.3541 -0.8114 0.4650
vn -0.1938 -0.5009 0.8435
vn 0.0184 -0.0565 0.9982
vn 0.2129 0.4091 0.8873
vn 0.3309 0.7749 0.5385
vn 0.3598 0.9320 0.0435
vn 0.2912 0.8368 -0.4637
vn 0.1438 0.5150 -0.8451
vn -0.0422 0.0548 -0.9976
vn -0.2163 -0.4189 -0.8819
vn -0.3322 -0.7795 -0.5311
vn -0.3596 -0.9323 -0.0399
vn -0.2917 -0.8378 0.4615
vn -0.1464 -0.5212 0.8408
vn 0.0381 -0.0653 0.9971
vn 0.1984 0.4137 0.8885
vn 0.2837 0.7909 0.5423
vn 0.2925 0.9550 0.0486
vn 0.2220 0.8604 -0.4587
vn 0.0913 0.5326 -0.8414
vn -0.0637 0.0617 -0.9961
vn -0.2012 -0.4245 -0.8828
vn -0.2845 -0.7960 -0.5343
vn -0.2922 -0.9553 -0.0447
vn -0.2225 -0.8615 0.4564
vn -0.0938 -0.5395 0.8368
vn 0.0601 -0.0733 0.9955
vn 0.1825 0.4174 0.8902
vn 0.2320 0.8041 0.5473
vn 0.2188 0.9742 0.0555
vn 0.1462 0.8801 -0.4518
vn 0.0340 0.5473 -0.8363
vn -0.0871 0.0674 -0.9939
vn -0.1845 -0.4292 -0.8842
vn -0.2323 -0.8097 -0.5389
vn -0.2184 -0.9745 -0.0514
vn -0.1467 -0.8813 0.4493
vn -0.0361 -0.5547 0.8313
vn 0.0843 -0.0800 0.9932
vn 0.1656 0.4201 0.8923
vn 0.1763 0.8137 0.5538
vn 0.1394 0.9881 0.0646
vn 0.0646 0.8944 -0.4427
vn -0.0277 0.5579 -0.8294
vn -0.1123 0.0714 -0.9911
vn -0.1665 -0.4327 -0.8860
vn -0.1760 -0.8198 -0.5450
vn -0.1388 -0.9885 -0.0602
vn -0.0650 -0.8957 0.4400
vn 0.0261 -0.5658 0.8241
vn 0.1104 -0.0850 0.9902
vn 0.1477 0.4214 0.8948
vn 0.1176 0.8188 0.5619
vn 0.0555 0.9956 0.0759
vn -0.0216 0.9020 -0.4312
vn -0.0929 0.5635 -0.8209
vn -0.1389 0.0735 -0.9876
vn -0.1474 -0.4346 -0.8885
vn -0.1165 -0.8252 -0.5528
vn -0.0549 -0.9959 -0.0713
vn 0.0212 -0.9033 0.4284
vn 0.0917 -0.5718 0.8152
vn 0.1381 -0.0877 0.9865
vn 0.1293 0.4212 0.8977
vn 0.0570 0.8187 0.5713
vn -0.0310 0.9955 0.0893
vn -0.1106 0.9019 -0.4175
vn -0.1601 0.5634 -0.8105
vn -0.1662 0.0733 -0.9834
vn -0.1276 -0.4348 -0.8915
vn -0.0551 -0.8252 -0.5622
vn 0.0318 -0.9959 -0.0847
vn 0.1102 -0.9033 0.4146
vn 0.1596 -0.5719 0.8047
vn 0.1667 -0.0879 0.9821
vn 0.1107 0.4195 0.9010
vn -0.0041 0.8131 0.5822
vn -0.1181 0.9875 0.1047
vn -0.2002 0.8936 -0.4017
vn -0.2278 0.5571 -0.7986
vn -0.1937 0.0707 -0.9785
vn -0.1077 -0.4330 -0.8949
vn 0.0067 -0.8195 -0.5730
vn 0.1190 -0.9878 -0.1001
vn 0.1998 -0.8950 0.3988
vn 0.2278 -0.5656 0.7926
vn 0.1954 -0.0852 0.9770
vn 0.0925 0.4162 0.9046
vn -0.0640 0.8019 0.5940
vn -0.2035 0.9715 0.1217
vn -0.2880 0.8772 -0.3842
vn -0.2941 0.5448 -0.7853
vn -0.2207 0.0658 -0.9731
vn -0.0883 -0.4293 -0.8989
vn 0.0673 -0.8081 -0.5852
vn 0.2046 -0.9718 -0.1172
vn 0.2877 -0.8786 0.3813
vn 0.2948 -0.5530 0.7793
vn 0.2237 -0.0799 0.9714
vn 0.0751 0.4114 0.9084
vn -0.1212 0.7857 0.6066
vn -0.2852 0.9482 0.1398
vn -0.3719 0.8533 -0.3654
vn -0.3575 0.5268 -0.7711
vn -0.2466 0.0586 -0.9674
vn -0.0697 -0.4238 -0.9031
vn 0.1251 -0.7915 -0.5982
vn 0.2863 -0.9485 -0.1354
vn 0.3716 -0.8546 0.3626
vn 0.3587 -0.5346 0.7651
vn 0.2506 -0.0720 0.9654
vn 0.0587 0.4054 0.9123
vn -0.1747 0.7652 0.6196
vn -0.3614 0.9188 0.1585
vn -0.4502 0.8232 -0.3461
vn -0.4167 0.5042 -0.7564
vn -0.2707 0.0496 -0.9614
vn -0.0525 -0.4168 -0.9075
vn 0.1790 -0.7706 -0.6117
vn 0.3625 -0.9191 -0.1543
vn 0.4500 -0.8244 0.3434
vn 0.4184 -0.5115 0.7506
vn 0.2756 -0.0620 0.9593
vn 0.0437 0.3984 0.9162
vn -0.2235 0.7415 0.6326
vn -0.4309 0.8848 0.1773
vn -0.5216 0.7882 -0.3266
vn -0.4707 0.4779 -0.7416
vn -0.2929 0.0392 -0.9553
vn -0.0369 -0.4088 -0.9119
vn 0.2282 -0.7463 -0.6253
vn 0.4321 -0.8850 -0.1733
vn 0.5214 -0.7894 0.3241
vn 0.4727 -0.4846 0.7360
vn 0.2984 -0.0505 0.9531
vn 0.0302 0.3908 0.9200
vn -0.2673 0.7156 0.6453
vn -0.4931 0.8477 0.1956
vn -0.5855 0.7501 -0.3076
vn -0.5192 0.4493 -0.7271
vn -0.3128 0.0278 -0.9494
vn -0.0230 -0.4000 -0.9162
vn 0.2721 -0.7198 -0.6386
vn 0.4943 -0.8478 -0.1919
vn 0.5854 -0.7511 0.3052
vn 0.5214 -0.4553 0.7217
vn 0.3187 -0.0379 0.9471
vn 0.0181 0.3828 0.9236
vn -0.3059 0.6885 0.6575
vn -0.5480 0.8088 0.2132
vn -0.6419 0.7102 -0.2892
vn -0.5619 0.4193 -0.7131
vn -0.3304 0.0158 -0.9437
vn -0.0109 -0.3909 -0.9204
vn 0.3108 -0.6922 -0.6514
vn 0.5492 -0.8089 -0.2098
vn 0.6418 -0.7111 0.2870
vn 0.5642 -0.4247 0.7080
vn 0.3365 -0.0247 0.9414
vn 0.0075 0.3747 0.9271
vn -0.3397 0.6611 0.6690
vn -0.5958 0.7695 0.2298
vn -0.6910 0.6698 -0.2719
vn -0.5991 0.3890 -0.6998
vn -0.3459 0.0037 -0.9383
vn -0.0004 -0.3817 -0.9243
vn 0.3444 -0.6642 -0.6635
vn 0.5970 -0.7696 -0.2267
vn 0.6909 -0.6707 0.2699
vn 0.6016 -0.3937 0.6951
vn 0.3519 -0.0115 0.9360
vn -0.0017 0.3666 0.9304
vn -0.3689 0.6339 0.6798
vn -0.6372 0.7306 0.2453
vn -0.7334 0.6299 -0.2557
vn -0.6313 0.3589 -0.6874
vn -0.3593 -0.0084 -0.9332
vn 0.0086 -0.3726 -0.9279
vn 0.3734 -0.6365 -0.6748
vn 0.6382 -0.7306 -0.2425
vn 0.7334 -0.6306 0.2539
vn 0.6337 -0.3631 0.6830
vn 0.3652 0.0016 0.9309
vn -0.0096 0.3587 0.9334
vn -0.3939 0.6075 0.6897
vn -0.6726 0.6929 0.2597
vn -0.7698 0.5911 -0.2408
vn -0.6590 0.3298 -0.6760
vn -0.3708 -0.0201 -0.9285
vn 0.0163 -0.3639 -0.9313
vn 0.3983 -0.6097 -0.6853
vn 0.6737 -0.6929 -0.2571
vn 0.7698 -0.5918 0.2391
vn 0.6614 -0.3334 0.6719
vn 0.3765 0.0142 0.9263
vn -0.0134 0.3549 0.9348
vn -0.4055 0.5945 0.6943
vn -0.6888 0.6742 0.2665
vn -0.7864 0.5719 -0.2335
vn -0.6717 0.3154 -0.6703
vn -0.3762 -0.0258 -0.9262
vn 0.0198 -0.3595 -0.9329
vn 0.4096 -0.5965 -0.6902
vn 0.6898 -0.6741 -0.2641
vn 0.7864 -0.5726 0.2319
vn 0.6739 -0.3187 0.6665
vn 0.3817 0.0205 0.9241
vn 0.9066 0.4013 0.1304
vn 0.6764 0.7301 0.0973
vn 0.3152 0.9479 0.0453
vn -0.1305 0.9913 -0.0188
vn -0.6207 0.7789 -0.0892
vn -0.9337 0.3320 -0.1342
vn -0.9788 -0.1490 -0.1407
vn -0.8341 -0.5384 -0.1199
vn -0.5527 -0.8296 -0.0795
vn -0.1409 -0.9898 -0.0203
vn 0.5772 -0.8124 0.0830
vn 0.9861 -0.0867 0.1418
vn 0.8220 0.3182 -0.4723
vn 0.7497 0.6612 0.0280
vn 0.3657 0.7818 0.5051
vn -0.0776 0.6657 0.7422
vn -0.4420 0.4233 0.7908
vn -0.7128 0.0978 0.6945
vn -0.8541 -0.2938 0.4292
vn -0.7535 -0.6559 -0.0455
vn -0.3807 -0.7530 -0.5367
vn 0.0330 -0.5965 -0.8019
vn 0.3742 -0.3429 -0.8616
vn 0.6474 -0.0382 -0.7612
vn 0.8432 0.3817 -0.3785
vn 0.7317 0.6810 0.0299
vn 0.4229 0.7972 0.4308
vn -0.0002 0.6984 0.7157
vn -0.4231 0.4112 0.8074
vn -0.7315 0.0136 0.6817
vn -0.8432 -0.3869 0.3732
vn -0.7293 -0.6833 -0.0344
vn -0.4211 -0.7973 -0.4324
vn -0.0011 -0.6990 -0.7151
vn 0.4194 -0.4147 -0.8076
vn 0.7285 -0.0194 -0.6848
vn 0.8378 0.3873 -0.3848
vn 0.7142 0.6998 0.0101
vn 0.3980 0.8242 0.4029
vn -0.0259 0.7261 0.6871
vn -0.4427 0.4320 0.7858
vn -0.7397 0.0220 0.6726
vn -0.8376 -0.3932 0.3792
vn -0.7115 -0.7025 -0.0150
vn -0.3961 -0.8243 -0.4046
vn 0.0245 -0.7268 -0.6865
vn 0.4387 -0.4359 -0.7858
vn 0.7365 -0.0285 -0.6758
vn 0.8318 0.3929 -0.3920
vn 0.6949 0.7190 -0.0126
vn 0.3703 0.8517 0.3708
vn -0.0546 0.7543 0.6542
vn -0.4645 0.4532 0.7608
vn -0.7487 0.0304 0.6622
vn -0.8313 -0.3997 0.3862
vn -0.6917 -0.7221 0.0075
vn -0.3682 -0.8518 -0.3726
vn 0.0530 -0.7551 -0.6535
vn 0.4603 -0.4577 -0.7607
vn 0.7455 -0.0378 -0.6655
vn 0.8252 0.3986 -0.4002
vn 0.6734 0.7383 -0.0387
vn 0.3396 0.8794 0.3338
vn -0.0863 0.7827 0.6164
vn -0.4887 0.4745 0.7321
vn -0.7586 0.0389 0.6504
vn -0.8244 -0.4062 0.3942
vn -0.6697 -0.7418 0.0333
vn -0.3372 -0.8795 -0.3358
vn 0.0846 -0.7836 -0.6155
vn 0.4842 -0.4795 -0.7319
vn 0.7554 -0.0473 -0.6535
vn 0.8179 0.4040 -0.4096
vn 0.6497 0.7571 -0.0686
vn 0.3056 0.9064 0.2915
vn -0.1214 0.8105 0.5730
vn -0.5153 0.4953 0.6993
vn -0.7696 0.0471 0.6368
vn -0.8166 -0.4127 0.4034
vn -0.6455 -0.7612 0.0630
vn -0.3030 -0.9066 -0.2936
vn 0.1195 -0.8115 -0.5721
vn 0.5106 -0.5009 -0.6988
vn 0.7664 -0.0565 -0.6398
vn 0.8100 0.4092 -0.4201
vn 0.6237 0.7749 -0.1025
vn 0.2685 0.9320 0.2434
vn -0.1598 0.8368 0.5237
vn -0.5445 0.5150 0.6620
vn -0.7816 0.0548 0.6214
vn -0.8081 -0.4189 0.4141
vn -0.6189 -0.7795 0.0967
vn -0.2656 -0.9323 -0.2457
vn 0.1578 -0.8378 -0.5227
vn 0.5396 -0.5212 -0.6612
vn 0.7785 -0.0653 -0.6242
vn 0.8014 0.4137 -0.4319
vn 0.5956 0.7909 -0.1407
vn 0.2282 0.9550 0.1892
vn -0.2013 0.8604 0.4682
vn -0.5761 0.5326 0.6200
vn -0.7945 0.0617 0.6042
vn -0.7989 -0.4245 0.4261
vn -0.5901 -0.7960 0.1349
vn -0.2251 -0.9553 -0.1916
vn 0.1992 -0.8615 -0.4670
vn 0.5710 -0.5395 -0.6188
vn 0.7917 -0.0733 -0.6065
vn 0.7923 0.4174 -0.4450
vn 0.5655 0.8041 -0.1831
vn 0.1852 0.9742 0.1290
vn -0.2457 0.8801 0.4063
vn -0.6097 0.5473 0.5733
vn -0.8082 0.0674 0.5850
vn -0.7890 -0.4292 0.4396
vn -0.5594 -0.8097 0.1773
vn -0.1818 -0.9745 -0.1314
vn 0.2435 -0.8813 -0.4050
vn 0.6046 -0.5547 -0.5716
vn 0.8058 -0.0800 -0.5867
vn 0.7827 0.4201 -0.4592
vn 0.5340 0.8137 -0.2294
vn 0.1401 0.9881 0.0630
vn -0.2923 0.8944 0.3387
vn -0.6450 0.5579 0.5222
vn -0.8226 0.0714 0.5641
vn -0.7786 -0.4327 0.4544
vn -0.5271 -0.8198 0.2239
vn -0.1364 -0.9885 -0.0655
vn 0.2899 -0.8957 -0.3373
vn 0.6399 -0.5658 -0.5200
vn 0.8207 -0.0850 -0.5650
vn 0.7729 0.4214 -0.4743
vn 0.5016 0.8188 -0.2791
vn 0.0937 0.9956 -0.0077
vn -0.3401 0.9020 0.2660
vn -0.6812 0.5635 0.4673
vn -0.8373 0.0735 0.5418
vn -0.7680 -0.4346 0.4705
vn -0.4941 -0.8252 0.2739
vn -0.0899 -0.9959 0.0053
vn 0.3377 -0.9033 -0.2645
vn 0.6762 -0.5718 -0.4645
vn 0.8360 -0.0877 -0.5417
vn 0.7631 0.4212 -0.4902
vn 0.4691 0.8187 -0.3311
vn 0.0472 0.9955 -0.0819
vn -0.3879 0.9019 0.1898
vn -0.7174 0.5634 0.4098
vn -0.8520 0.0733 0.5184
vn -0.7573 -0.4348 0.4873
vn -0.4609 -0.8252 0.3265
vn -0.0432 -0.9959 0.0795
vn 0.3855 -0.9033 -0.1882
vn 0.7126 -0.5719 -0.4064
vn 0.8514 -0.0879 -0.5172
vn 0.7534 0.4195 -0.5063
vn 0.4373 0.8131 -0.3843
vn 0.0018 0.9875 -0.1578
vn -0.4346 0.8936 0.1118
vn -0.7527 0.5571 0.3508
vn -0.8664 0.0707 0.4944
vn -0.7469 -0.4330 0.5046
vn -0.4287 -0.8195 0.3803
vn 0.0023 -0.9878 0.1555
vn 0.4322 -0.8950 -0.1101
vn 0.7482 -0.5656 -0.3469
vn 0.8664 -0.0852 -0.4921
vn 0.7442 0.4162 -0.5224
vn 0.4071 0.8019 -0.4373
vn -0.0413 0.9715 -0.2336
vn -0.4789 0.8772 0.0339
vn -0.7861 0.5448 0.2920
vn -0.8800 0.0658 0.4705
vn -0.7371 -0.4293 0.5219
vn -0.3982 -0.8081 0.4341
vn 0.0454 -0.9718 0.2313
vn 0.4765 -0.8786 -0.0323
vn 0.7820 -0.5530 -0.2876
vn 0.8806 -0.0799 -0.4671
vn 0.7357 0.4114 -0.5381
vn 0.3791 0.7857 -0.4889
vn -0.0811 0.9482 -0.3071
vn -0.5197 0.8533 -0.0417
vn -0.8169 0.5268 0.2348
vn -0.8925 0.0586 0.4472
vn -0.7282 -0.4238 0.5387
vn -0.3701 -0.7915 0.4863
vn 0.0851 -0.9485 0.3051
vn 0.5174 -0.8546 0.0434
vn 0.8132 -0.5346 -0.2299
vn 0.8937 -0.0720 -0.4428
vn 0.7279 0.4054 -0.5530
vn 0.3539 0.7652 -0.5378
vn -0.1169 0.9188 -0.3769
vn -0.5563 0.8232 -0.1136
vn -0.8446 0.5042 0.1804
vn -0.9039 0.0496 0.4250
vn -0.7202 -0.4168 0.5546
vn -0.3450 -0.7706 0.5359
vn 0.1208 -0.9191 0.3750
vn 0.5542 -0.8244 0.1152
vn 0.8412 -0.5115 -0.1753
vn 0.9054 -0.0620 -0.4199
vn 0.7210 0.3984 -0.5669
vn 0.3317 0.7415 -0.5832
vn -0.1482 0.8848 -0.4417
vn -0.5884 0.7882 -0.1803
vn -0.8687 0.4779 0.1299
vn -0.9138 0.0392 0.4043
vn -0.7133 -0.4088 0.5693
vn -0.3231 -0.7463 0.5819
vn 0.1520 -0.8850 0.4400
vn 0.5864 -0.7894 0.1818
vn 0.8658 -0.4846 -0.1247
vn 0.9157 -0.0505 -0.3987
vn 0.7150 0.3908 -0.5797
vn 0.3127 0.7156 -0.6246
vn -0.1751 0.8477 -0.5008
vn -0.6159 0.7501 -0.2411
vn -0.8895 0.4493 0.0838
vn -0.9224 0.0278 0.3854
vn -0.7075 -0.4000 0.5826
vn -0.3044 -0.7198 0.6238
vn 0.1786 -0.8478 0.4993
vn 0.6140 -0.7511 0.2426
vn 0.8869 -0.4553 -0.0786
vn 0.9245 -0.0379 -0.3794
vn 0.7099 0.3828 -0.5912
vn 0.2966 0.6885 -0.6618
vn -0.1978 0.8089 -0.5538
vn -0.6389 0.7102 -0.2957
vn -0.9069 0.4193 0.0423
vn -0.9296 0.0158 0.3683
vn -0.7027 -0.3909 0.5945
vn -0.2888 -0.6922 0.6614
vn 0.2010 -0.8089 0.5524
vn 0.6372 -0.7112 0.2971
vn 0.9046 -0.4247 -0.0372
vn 0.9318 -0.0247 -0.3622
vn 0.7056 0.3747 -0.6014
vn 0.2832 0.6611 -0.6948
vn -0.2165 0.7695 -0.6008
vn -0.6580 0.6698 -0.3441
vn -0.9212 0.3890 0.0055
vn -0.9356 0.0037 0.3531
vn -0.6988 -0.3817 0.6050
vn -0.2759 -0.6642 0.6948
vn 0.2196 -0.7696 0.5996
vn 0.6564 -0.6707 0.3455
vn 0.9192 -0.3937 -0.0006
vn 0.9378 -0.0115 -0.3470
vn 0.7020 0.3666 -0.6105
vn 0.2722 0.6339 -0.7239
vn -0.2318 0.7306 -0.6422
vn -0.6735 0.6299 -0.3868
vn -0.9330 0.3589 -0.0269
vn -0.9405 -0.0084 0.3396
vn -0.6956 -0.3726 0.6142
vn -0.2655 -0.6365 0.7241
vn 0.2347 -0.7306 0.6412
vn 0.6721 -0.6306 0.3880
vn 0.9312 -0.3631 0.0316
vn 0.9427 0.0016 -0.3337
vn 0.6991 0.3587 -0.6185
vn 0.2633 0.6075 -0.7494
vn -0.2442 0.6929 -0.6784
vn -0.6861 0.5911 -0.4241
vn -0.9424 0.3298 -0.0554
vn -0.9445 -0.0201 0.3278
vn -0.6932 -0.3639 0.6222
vn -0.2571 -0.6097 0.7498
vn 0.2468 -0.6929 0.6775
vn 0.6848 -0.5918 0.4252
vn 0.9409 -0.3334 0.0598
vn 0.9466 0.0142 -0.3221
vn 0.6977 0.3549 -0.6223
vn 0.2592 0.5945 -0.7612
vn -0.2497 0.6742 -0.6951
vn -0.6914 0.5719 -0.4414
vn -0.9465 0.3154 -0.0686
vn -0.9463 -0.0258 0.3222
vn -0.6921 -0.3595 0.6259
vn -0.2534 -0.5965 0.7616
vn 0.2521 -0.6741 0.6942
vn 0.6902 -0.5726 0.4424
vn 0.9450 -0.3187 0.0729
vn 0.9483 0.0205 -0.3167
vn 0.6557 0.3182 0.6847
vn 0.7272 0.6612 0.1843
vn 0.4932 0.7818 -0.3816
vn 0.1347 0.6657 -0.7340
vn -0.2013 0.4233 -0.8833
vn -0.4883 0.0978 -0.8672
vn -0.6986 -0.2938 -0.6524
vn -0.7358 -0.6559 -0.1686
vn -0.5165 -0.7530 0.4077
vn -0.1943 -0.5965 0.7787
vn 0.1163 -0.3429 0.9321
vn 0.4067 -0.0382 0.9128
vn 0.7024 0.3817 0.6008
vn 0.7104 0.6810 0.1775
vn 0.5271 0.7972 -0.2942
vn 0.2014 0.6984 -0.6868
vn -0.1785 0.4112 -0.8939
vn -0.5099 0.0136 -0.8601
vn -0.7039 -0.3869 -0.5957
vn -0.7094 -0.6834 -0.1724
vn -0.5259 -0.7973 0.2962
vn -0.2025 -0.6990 0.6858
vn 0.1749 -0.4147 0.8930
vn 0.5061 -0.0194 0.8623
vn 0.6955 0.3873 0.6053
vn 0.6882 0.6998 0.1915
vn 0.4954 0.8242 -0.2745
vn 0.1687 0.7261 -0.6666
vn -0.2034 0.4320 -0.8786
vn -0.5202 0.0220 -0.8538
vn -0.6968 -0.3932 -0.5998
vn -0.6869 -0.7025 -0.1861
vn -0.4940 -0.8243 0.2767
vn -0.1699 -0.7268 0.6655
vn 0.1996 -0.4359 0.8776
vn 0.5163 -0.0285 0.8559
vn 0.6877 0.3929 0.6105
vn 0.6632 0.7190 0.2079
vn 0.4597 0.8517 -0.2514
vn 0.1319 0.7543 -0.6431
vn -0.2313 0.4532 -0.8609
vn -0.5318 0.0304 -0.8463
vn -0.6889 -0.3997 -0.6047
vn -0.6616 -0.7221 -0.2020
vn -0.4582 -0.8518 0.2538
vn -0.1333 -0.7551 0.6419
vn 0.2273 -0.4577 0.8596
vn 0.5278 -0.0378 0.8485
vn 0.6790 0.3986 0.6165
vn 0.6352 0.7383 0.2269
vn 0.4198 0.8794 -0.2246
vn 0.0908 0.7827 -0.6157
vn -0.2626 0.4745 -0.8402
vn -0.5447 0.0389 -0.8377
vn -0.6799 -0.4062 -0.6105
vn -0.6332 -0.7418 -0.2207
vn -0.4182 -0.8795 0.2272
vn -0.0922 -0.7836 0.6144
vn 0.2584 -0.4795 0.8386
vn 0.5407 -0.0473 0.8399
vn 0.6694 0.4040 0.6234
vn 0.6040 0.7571 0.2489
vn 0.3754 0.9064 -0.1936
vn 0.0450 0.8105 -0.5840
vn -0.2974 0.4953 -0.8162
vn -0.5590 0.0471 -0.8278
vn -0.6699 -0.4127 -0.6172
vn -0.6016 -0.7612 -0.2423
vn -0.3735 -0.9066 0.1964
vn -0.0465 -0.8114 0.5826
vn 0.2930 -0.5009 0.8144
vn 0.5551 -0.0565 0.8298
vn 0.6588 0.4091 0.6313
vn 0.5695 0.7749 0.2741
vn 0.3262 0.9320 -0.1579
vn -0.0057 0.8368 -0.5475
vn -0.3359 0.5150 -0.7886
vn -0.5748 0.0548 -0.8164
vn -0.6588 -0.4189 -0.6250
vn -0.5666 -0.7795 -0.2672
vn -0.3241 -0.9323 0.1609
vn 0.0041 -0.8378 0.5459
vn 0.3314 -0.5212 0.7865
vn 0.5712 -0.0653 0.8182
vn 0.6473 0.4137 0.6402
vn 0.5318 0.7909 0.3028
vn 0.2723 0.9550 -0.1173
vn -0.0613 0.8604 -0.5059
vn -0.3781 0.5326 -0.7572
vn -0.5921 0.0617 -0.8035
vn -0.6465 -0.4245 -0.6339
vn -0.5282 -0.7960 -0.2956
vn -0.2700 -0.9553 0.1204
vn 0.0596 -0.8615 0.5042
vn 0.3735 -0.5395 0.7546
vn 0.5888 -0.0733 0.8050
vn 0.6348 0.4174 0.6502
vn 0.4911 0.8041 0.3350
vn 0.2141 0.9742 -0.0715
vn -0.1213 0.8801 -0.4591
vn -0.4235 0.5473 -0.7219
vn -0.6107 0.0674 -0.7890
vn -0.6332 -0.4292 -0.6441
vn -0.4868 -0.8097 -0.3277
vn -0.2115 -0.9745 0.0748
vn 0.1195 -0.8813 0.4572
vn 0.4191 -0.5547 0.7188
vn 0.6079 -0.0800 0.7900
vn 0.6217 0.4201 0.6611
vn 0.4477 0.8137 0.3706
vn 0.1522 0.9881 -0.0210
vn -0.1850 0.8944 -0.4073
vn -0.4718 0.5579 -0.6828
vn -0.6303 0.0714 -0.7730
vn -0.6191 -0.4327 -0.6554
vn -0.4427 -0.8198 -0.3633
vn -0.1494 -0.9885 0.0244
vn 0.1832 -0.8957 0.4053
vn 0.4675 -0.5658 0.6792
vn 0.6283 -0.0850 0.7733
vn 0.6080 0.4214 0.6729
vn 0.4027 0.8188 0.4091
vn 0.0878 0.9956 0.0338
vn -0.2513 0.9020 -0.3511
vn -0.5219 0.5635 -0.6403
vn -0.6507 0.0735 -0.7557
vn -0.6043 -0.4346 -0.6678
vn -0.3969 -0.8252 -0.4020
vn -0.0847 -0.9959 -0.0304
vn 0.2495 -0.9033 0.3489
vn 0.5179 -0.5718 0.6362
vn 0.6495 -0.0877 0.7553
vn 0.5941 0.4212 0.6853
vn 0.3568 0.8187 0.4499
vn 0.0222 0.9955 0.0919
vn -0.3188 0.9019 -0.2914
vn -0.5729 0.5634 -0.5953
vn -0.6715 0.0733 -0.7374
vn -0.5893 -0.4348 -0.6809
vn -0.3503 -0.8252 -0.4431
vn -0.0191 -0.9959 -0.0884
vn 0.3169 -0.9033 0.2892
vn 0.5693 -0.5719 0.5907
vn 0.6712 -0.0879 0.7361
vn 0.5803 0.4195 0.6981
vn 0.3113 0.8131 0.4919
vn -0.0427 0.9875 0.1520
vn -0.3855 0.8936 -0.2297
vn -0.6234 0.5571 -0.5487
vn -0.6920 0.0707 -0.7184
vn -0.5745 -0.4330 -0.6946
vn -0.3042 -0.8195 -0.4857
vn 0.0460 -0.9878 -0.1486
vn 0.3837 -0.8950 0.2274
vn 0.6202 -0.5656 0.5436
vn 0.6926 -0.0852 0.7162
vn 0.5669 0.4162 0.7109
vn 0.2674 0.8019 0.5343
vn -0.1054 0.9715 0.2125
vn -0.4500 0.8772 -0.1675
vn -0.6720 0.5447 -0.5016
vn -0.7118 0.0658 -0.6993
vn -0.5602 -0.4293 -0.7085
vn -0.2598 -0.8081 -0.5287
vn 0.1087 -0.9718 -0.2092
vn 0.4481 -0.8786 0.1652
vn 0.6693 -0.5530 0.4962
vn 0.7133 -0.0799 0.6963
vn 0.5543 0.4114 0.7236
vn 0.2260 0.7857 0.5759
vn -0.1643 0.9482 0.2718
vn -0.5104 0.8533 -0.1064
vn -0.7177 0.5268 -0.4554
vn -0.7304 0.0586 -0.6805
vn -0.5469 -0.4238 -0.7220
vn -0.2181 -0.7915 -0.5709
vn 0.1676 -0.9485 -0.2687
vn 0.5087 -0.8546 0.1041
vn 0.7155 -0.5346 0.4497
vn 0.7327 -0.0720 0.6767
vn 0.5426 0.4054 0.7357
vn 0.1880 0.7652 0.6157
vn -0.2183 0.9188 0.3287
vn -0.5658 0.8232 -0.0478
vn -0.7595 0.5042 -0.4110
vn -0.7475 0.0496 -0.6624
vn -0.5348 -0.4168 -0.7350
vn -0.1801 -0.7706 -0.6114
vn 0.2215 -0.9191 -0.3258
vn 0.5642 -0.8244 0.0456
vn 0.7578 -0.5115 0.4052
vn 0.7505 -0.0620 0.6580
vn 0.5321 0.3984 0.7471
vn 0.1540 0.7415 0.6530
vn -0.2667 0.8848 0.3821
vn -0.6154 0.7882 0.0072
vn -0.7970 0.4779 -0.3694
vn -0.7629 0.0392 -0.6454
vn -0.5240 -0.4088 -0.7472
vn -0.1461 -0.7463 -0.6494
vn 0.2698 -0.8850 -0.3794
vn 0.6138 -0.7894 -0.0093
vn 0.7956 -0.4846 0.3635
vn 0.7663 -0.0505 0.6405
vn 0.5227 0.3908 0.7576
vn 0.1240 0.7156 0.6874
vn -0.3091 0.8477 0.4311
vn -0.6588 0.7501 0.0578
vn -0.8298 0.4493 -0.3310
vn -0.7764 0.0278 -0.6296
vn -0.5147 -0.4000 -0.7583
vn -0.1163 -0.7198 -0.6843
vn 0.3121 -0.8478 -0.4287
vn 0.6574 -0.7511 -0.0598
vn 0.8288 -0.4553 0.3252
vn 0.7801 -0.0379 0.6245
vn 0.5146 0.3828 0.7672
vn 0.0981 0.6885 0.7185
vn -0.3458 0.8089 0.4756
vn -0.6963 0.7102 0.1037
vn -0.8582 0.4193 -0.2961
vn -0.7882 0.0158 -0.6153
vn -0.5067 -0.3909 -0.7684
vn -0.0907 -0.6922 -0.7160
vn 0.3485 -0.8089 -0.4734
vn 0.6951 -0.7112 -0.1055
vn 0.8575 -0.4247 0.2905
vn 0.7920 -0.0247 0.6100
vn 0.5076 0.3747 0.7759
vn 0.0759 0.6611 0.7465
vn -0.3770 0.7695 0.5155
vn -0.7283 0.6698 0.1448
vn -0.8824 0.3890 -0.2648
vn -0.7982 0.0037 -0.6023
vn -0.5000 -0.3817 -0.7774
vn -0.0690 -0.6642 -0.7444
vn 0.3796 -0.7696 -0.5135
vn 0.7271 -0.6707 -0.1465
vn 0.8818 -0.3937 0.2595
vn 0.8021 -0.0115 0.5971
vn 0.5016 0.3666 0.7836
vn 0.0572 0.6339 0.7713
vn -0.4034 0.7306 0.5509
vn -0.7552 0.6299 0.1813
vn -0.9028 0.3589 -0.2370
vn -0.8068 -0.0084 -0.5908
vn -0.4944 -0.3726 -0.7853
vn -0.0507 -0.6365 -0.7696
vn 0.4058 -0.7306 -0.5491
vn 0.7542 -0.6306 -0.1829
vn 0.9024 -0.3631 0.2320
vn 0.8105 0.0016 0.5857
vn 0.4965 0.3587 0.7904
vn 0.0415 0.6075 0.7932
vn -0.4255 0.6929 0.5821
vn -0.7778 0.5911 0.2136
vn -0.9199 0.3297 -0.2124
vn -0.8139 -0.0201 -0.5806
vn -0.4898 -0.3639 -0.7923
vn -0.0354 -0.6097 -0.7918
vn 0.4277 -0.6929 -0.5805
vn 0.7769 -0.5918 -0.2151
vn 0.9196 -0.3334 0.2077
vn 0.8175 0.0142 0.5757
vn 0.4941 0.3549 0.7936
vn 0.0342 0.5945 0.8034
vn -0.4354 0.6742 0.5966
vn -0.7878 0.5719 0.2287
vn -0.9275 0.3154 -0.2008
vn -0.8172 -0.0258 -0.5757
vn -0.4878 -0.3595 -0.7955
vn -0.0285 -0.5965 -0.8021
vn 0.4375 -0.6741 -0.5951
vn 0.7869 -0.5726 -0.2301
vn 0.9273 -0.3187 0.1963
vn 0.8207 0.0205 0.5710
vn 0.8332 0.4013 -0.3805
vn 0.6216 0.7301 -0.2839
vn 0.2897 0.9479 -0.1323
vn -0.1200 0.9913 0.0548
vn -0.5705 0.7789 0.2605
vn -0.8580 0.3320 0.3919
vn -0.8995 -0.1490 0.4108
vn -0.7666 -0.5384 0.3501
vn -0.5079 -0.8296 0.2320
vn -0.1295 -0.9898 0.0591
vn 0.5304 -0.8124 -0.2422
vn 0.9062 -0.0867 -0.4139
vn 0.4362 0.3182 -0.8417
vn 0.6458 0.6612 -0.3817
vn 0.5807 0.7818 0.2272
vn 0.3360 0.6657 0.6663
vn 0.0557 0.4233 0.9043
vn -0.2242 0.0978 0.9696
vn -0.4865 -0.2938 0.8228
vn -0.6585 -0.6559 0.3691
vn -0.6105 -0.7530 -0.2457
vn -0.4058 -0.5965 -0.6925
vn -0.1511 -0.3429 -0.9271
vn 0.1331 -0.0382 -0.9904
vn 0.5047 0.3817 -0.7743
vn 0.6317 0.6810 -0.3704
vn 0.5886 0.7972 0.1338
vn 0.3867 0.6984 0.6022
vn 0.0806 0.4112 0.9080
vn -0.2469 0.0136 0.9689
vn -0.5076 -0.3869 0.7699
vn -0.6321 -0.6833 0.3653
vn -0.5881 -0.7973 -0.1361
vn -0.3875 -0.6990 -0.6010
vn -0.0838 -0.4147 -0.9061
vn 0.2426 -0.0194 -0.9699
vn 0.4968 0.3873 -0.7767
vn 0.6063 0.6998 -0.3776
vn 0.5526 0.8242 0.1238
vn 0.3497 0.7261 0.5921
vn 0.0524 0.4320 0.9004
vn -0.2586 0.0220 0.9657
vn -0.4996 -0.3932 0.7719
vn -0.6067 -0.7025 0.3721
vn -0.5520 -0.8243 -0.1263
vn -0.3505 -0.7268 -0.5907
vn -0.0558 -0.4359 -0.8983
vn 0.2542 -0.0285 -0.9667
vn 0.4878 0.3929 -0.7795
vn 0.5777 0.7190 -0.3863
vn 0.5120 0.8517 0.1117
vn 0.3078 0.7543 0.5799
vn 0.0206 0.4532 0.8912
vn -0.2718 0.0304 0.9619
vn -0.4906 -0.3997 0.7743
vn -0.5779 -0.7221 0.3803
vn -0.5112 -0.8518 -0.1144
vn -0.3087 -0.7551 -0.5784
vn -0.0241 -0.4577 -0.8888
vn 0.2673 -0.0378 -0.9629
vn 0.4778 0.3986 -0.7828
vn 0.5455 0.7383 -0.3967
vn 0.4661 0.8794 0.0972
vn 0.2606 0.7827 0.5652
vn -0.0153 0.4745 0.8801
vn -0.2866 0.0389 0.9573
vn -0.4804 -0.4063 0.7773
vn -0.5454 -0.7418 0.3901
vn -0.4652 -0.8795 -0.1002
vn -0.2616 -0.7836 -0.5636
vn 0.0116 -0.4795 -0.8775
vn 0.2822 -0.0473 -0.9582
vn 0.4667 0.4040 -0.7868
vn 0.5094 0.7571 -0.4090
vn 0.4147 0.9064 0.0800
vn 0.2077 0.8105 0.5477
vn -0.0554 0.4953 0.8669
vn -0.3032 0.0471 0.9518
vn -0.4689 -0.4127 0.7809
vn -0.5090 -0.7612 0.4019
vn -0.4137 -0.9066 -0.0832
vn -0.2087 -0.8114 -0.5459
vn 0.0517 -0.5009 -0.8640
vn 0.2988 -0.0565 -0.9526
vn 0.4543 0.4091 -0.7914
vn 0.4693 0.7749 -0.4235
vn 0.3575 0.9320 0.0596
vn 0.1487 0.8368 0.5270
vn -0.1001 0.5150 0.8513
vn -0.3215 0.0548 0.9453
vn -0.4560 -0.4189 0.7852
vn -0.4684 -0.7795 0.4160
vn -0.3563 -0.9323 -0.0630
vn -0.1498 -0.8378 -0.5250
vn 0.0964 -0.5212 -0.8480
vn 0.3175 -0.0654 -0.9460
vn 0.4407 0.4137 -0.7967
vn 0.4250 0.7909 -0.4404
vn 0.2943 0.9550 0.0358
vn 0.0837 0.8604 0.5027
vn -0.1494 0.5326 0.8331
vn -0.3417 0.0617 0.9378
vn -0.4417 -0.4245 0.7904
vn -0.4235 -0.7960 0.4325
vn -0.2929 -0.9553 -0.0395
vn -0.0849 -0.8615 -0.5005
vn 0.1458 -0.5395 -0.8293
vn 0.3382 -0.0733 -0.9382
vn 0.4259 0.4174 -0.8027
vn 0.3768 0.8041 -0.4598
vn 0.2256 0.9742 0.0083
vn 0.0130 0.8801 0.4747
vn -0.2030 0.5473 0.8120
vn -0.3636 0.0674 0.9291
vn -0.4261 -0.4292 0.7964
vn -0.3747 -0.8097 0.4516
vn -0.2240 -0.9745 -0.0122
vn -0.0142 -0.8813 -0.4724
vn 0.1996 -0.5547 -0.8078
vn 0.3607 -0.0800 -0.9292
vn 0.4102 0.4201 -0.8095
vn 0.3252 0.8137 -0.4817
vn 0.1519 0.9881 -0.0227
vn -0.0628 0.8944 0.4429
vn -0.2603 0.5579 0.7880
vn -0.3870 0.0714 0.9193
vn -0.4093 -0.4327 0.8033
vn -0.3224 -0.8198 0.4733
vn -0.1502 -0.9885 0.0187
vn 0.0616 -0.8957 -0.4405
vn 0.2572 -0.5658 -0.7834
vn 0.3849 -0.0850 -0.9190
vn 0.3938 0.4214 -0.8169
vn 0.2711 0.8188 -0.5060
vn 0.0747 0.9956 -0.0572
vn -0.1423 0.9020 0.4077
vn -0.3204 0.5635 0.7614
vn -0.4115 0.0735 0.9085
vn -0.3917 -0.4346 0.8110
vn -0.2675 -0.8252 0.4975
vn -0.0728 -0.9959 0.0530
vn 0.1410 -0.9033 -0.4051
vn 0.3177 -0.5718 -0.7564
vn 0.4104 -0.0877 -0.9077
vn 0.3769 0.4212 -0.8249
vn 0.2156 0.8187 -0.5322
vn -0.0046 0.9955 -0.0944
vn -0.2237 0.9019 0.3694
vn -0.3820 0.5634 0.7326
vn -0.4365 0.0733 0.8967
vn -0.3736 -0.4348 0.8194
vn -0.2113 -0.8252 0.5239
vn 0.0066 -0.9959 0.0902
vn 0.2226 -0.9033 -0.3668
vn 0.3798 -0.5719 -0.7271
vn 0.4366 -0.0879 -0.8954
vn 0.3601 0.4195 -0.8333
vn 0.1601 0.8131 -0.5597
vn -0.0838 0.9875 -0.1338
vn -0.3052 0.8936 0.3290
vn -0.4435 0.5571 0.7021
vn -0.4615 0.0707 0.8843
vn -0.3555 -0.4330 0.8283
vn -0.1550 -0.8195 0.5517
vn 0.0860 -0.9878 0.1296
vn 0.3041 -0.8950 -0.3263
vn 0.4419 -0.5656 -0.6963
vn 0.4628 -0.0852 -0.8824
vn 0.3436 0.4162 -0.8419
vn 0.1060 0.8019 -0.5880
vn -0.1610 0.9715 -0.1742
vn -0.3845 0.8772 0.2875
vn -0.5035 0.5448 0.6707
vn -0.4859 0.0658 0.8715
vn -0.3379 -0.4293 0.8376
vn -0.1003 -0.8081 0.5804
vn 0.1633 -0.9718 0.1701
vn 0.3834 -0.8786 -0.2848
vn 0.5024 -0.5530 -0.6647
vn 0.4883 -0.0799 -0.8690
vn 0.3280 0.4114 -0.8504
vn 0.0546 0.7857 -0.6162
vn -0.2343 0.9482 -0.2145
vn -0.4598 0.8533 0.2459
vn -0.5603 0.5268 0.6392
vn -0.5091 0.0586 0.8587
vn -0.3213 -0.4238 0.8469
vn -0.0485 -0.7915 0.6092
vn 0.2366 -0.9485 0.2106
vn 0.4588 -0.8546 -0.2433
vn 0.5598 -0.5346 -0.6331
vn 0.5124 -0.0720 -0.8557
vn 0.3134 0.4054 -0.8588
vn 0.0070 0.7652 -0.6437
vn -0.3021 0.9188 -0.2539
vn -0.5294 0.8232 0.2052
vn -0.6129 0.5042 0.6084
vn -0.5306 0.0496 0.8462
vn -0.3060 -0.4168 0.8559
vn -0.0005 -0.7706 0.6373
vn 0.3044 -0.9191 0.2502
vn 0.5285 -0.8244 -0.2027
vn 0.6129 -0.5115 -0.6023
vn 0.5347 -0.0620 -0.8428
vn 0.3000 0.3984 -0.8667
vn -0.0362 0.7415 -0.6699
vn -0.3635 0.8848 -0.2915
vn -0.5925 0.7882 0.1665
vn -0.6606 0.4779 0.5789
vn -0.5502 0.0392 0.8341
vn -0.2923 -0.4088 0.8646
vn 0.0428 -0.7463 0.6642
vn 0.3657 -0.8850 0.2880
vn 0.5916 -0.7894 -0.1641
vn 0.6609 -0.4846 -0.5730
vn 0.5548 -0.0505 -0.8305
vn 0.2881 0.3908 -0.8742
vn -0.0747 0.7156 -0.6945
vn -0.4180 0.8477 -0.3266
vn -0.6484 0.7501 0.1301
vn -0.7030 0.4493 0.5513
vn -0.5676 0.0278 0.8228
vn -0.2802 -0.4000 0.8726
vn 0.0812 -0.7198 0.6894
vn 0.4202 -0.8478 0.3234
vn 0.6476 -0.7511 -0.1279
vn 0.7036 -0.4553 -0.5456
vn 0.5726 -0.0379 -0.8190
vn 0.2776 0.3828 -0.8811
vn -0.1083 0.6886 -0.7171
vn -0.4657 0.8089 -0.3589
vn -0.6973 0.7102 0.0967
vn -0.7400 0.4193 0.5259
vn -0.5829 0.0158 0.8124
vn -0.2697 -0.3909 0.8800
vn 0.1147 -0.6922 0.7126
vn 0.4678 -0.8089 0.3561
vn 0.6966 -0.7112 -0.0946
vn 0.7409 -0.4247 -0.5204
vn 0.5880 -0.0247 -0.8084
vn 0.2684 0.3747 -0.8874
vn -0.1374 0.6611 -0.7376
vn -0.5070 0.7695 -0.3884
vn -0.7396 0.6698 0.0662
vn -0.7720 0.3890 0.5027
vn -0.5962 0.0037 0.8028
vn -0.2608 -0.3817 0.8868
vn 0.1435 -0.6642 0.7337
vn 0.5089 -0.7696 0.3857
vn 0.7390 -0.6707 -0.0643
vn 0.7730 -0.3937 -0.4974
vn 0.6013 -0.0115 -0.7989
vn 0.2605 0.3666 -0.8931
vn -0.1624 0.6339 -0.7562
vn -0.5422 0.7306 -0.4149
vn -0.7757 0.6299 0.0388
vn -0.7994 0.3589 0.4817
vn -0.6076 -0.0084 0.7942
vn -0.2531 -0.3726 0.8928
vn 0.1682 -0.6365 0.7527
vn 0.5440 -0.7306 0.4125
vn 0.7752 -0.6306 -0.0370
vn 0.8005 -0.3631 -0.4768
vn 0.6127 0.0016 -0.7904
vn 0.2537 0.3587 -0.8983
vn -0.1837 0.6075 -0.7728
vn -0.5722 0.6929 -0.4387
vn -0.8065 0.5911 0.0141
vn -0.8228 0.3297 0.4629
vn -0.6174 -0.0201 0.7864
vn -0.2467 -0.3639 0.8982
vn 0.1891 -0.6097 0.7697
vn 0.5739 -0.6929 0.4365
vn 0.8060 -0.5918 -0.0125
vn 0.8239 -0.3334 -0.4584
vn 0.6222 0.0142 -0.7827
vn 0.2505 0.3549 -0.9007
vn -0.1935 0.5945 -0.7805
vn -0.5859 0.6742 -0.4497
vn -0.8203 0.5719 0.0025
vn -0.8333 0.3154 0.4539
vn -0.6219 -0.0258 0.7827
vn -0.2439 -0.3595 0.9007
vn 0.1986 -0.5965 0.7777
vn 0.5874 -0.6741 0.4477
vn 0.8199 -0.5726 -0.0010
vn 0.8344 -0.3187 -0.4496
vn 0.6265 0.0205 -0.7791
vn 0.9218 0.3182 0.2215
vn 0.7114 0.6612 -0.2381
vn 0.2086 0.7818 -0.5876
vn -0.2835 0.6657 -0.6903
vn -0.6469 0.4233 -0.6343
vn -0.8796 0.0978 -0.4655
vn -0.9404 -0.2938 -0.1712
vn -0.7102 -0.6559 0.2559
vn -0.2141 -0.7530 0.6222
vn 0.2576 -0.5965 0.7602
vn 0.6018 -0.3429 0.7213
vn 0.8356 -0.0382 0.5480
vn 0.9157 0.3817 0.1256
vn 0.6936 0.6810 -0.2348
vn 0.2843 0.7972 -0.5325
vn -0.2019 0.6984 -0.6866
vn -0.6334 0.4112 -0.6555
vn -0.8940 0.0136 -0.4479
vn -0.9142 -0.3869 -0.1205
vn -0.6900 -0.6833 0.2385
vn -0.2823 -0.7973 0.5335
vn 0.2004 -0.6990 0.6864
vn 0.6299 -0.4147 0.6567
vn 0.8919 -0.0194 0.4518
vn 0.9123 0.3873 0.1332
vn 0.6825 0.6998 -0.2109
vn 0.2683 0.8242 -0.4987
vn -0.2185 0.7261 -0.6520
vn -0.6461 0.4320 -0.6292
vn -0.8992 0.0220 -0.4370
vn -0.9105 -0.3932 -0.1279
vn -0.6785 -0.7025 0.2148
vn -0.2660 -0.8243 0.4998
vn 0.2169 -0.7268 0.6517
vn 0.6423 -0.4359 0.6304
vn 0.8971 -0.0285 0.4409
vn 0.9086 0.3929 0.1418
vn 0.6703 0.7190 -0.1836
vn 0.2508 0.8517 -0.4601
vn -0.2367 0.7543 -0.6123
vn -0.6600 0.4532 -0.5991
vn -0.9049 0.0304 -0.4245
vn -0.9065 -0.3997 -0.1363
vn -0.6658 -0.7221 0.1877
vn -0.2483 -0.8518 0.4612
vn 0.2349 -0.7551 0.6121
vn 0.6559 -0.4577 0.6003
vn 0.9027 -0.0378 0.4285
vn 0.9045 0.3986 0.1515
vn 0.6570 0.7383 -0.1525
vn 0.2318 0.8794 -0.4160
vn -0.2565 0.7827 -0.5671
vn -0.6752 0.4745 -0.5648
vn -0.9111 0.0389 -0.4103
vn -0.9020 -0.4062 -0.1460
vn -0.6520 -0.7418 0.1567
vn -0.2289 -0.8795 0.4172
vn 0.2546 -0.7836 0.5667
vn 0.6708 -0.4795 0.5658
vn 0.9089 -0.0473 0.4142
vn 0.9002 0.4040 0.1625
vn 0.6427 0.7571 -0.1172
vn 0.2111 0.9064 -0.3658
vn -0.2779 0.8105 -0.5156
vn -0.6915 0.4953 -0.5258
vn -0.9178 0.0471 -0.3942
vn -0.8972 -0.4127 -0.1570
vn -0.6371 -0.7612 0.1214
vn -0.2080 -0.9066 0.3671
vn 0.2759 -0.8115 0.5152
vn 0.6868 -0.5009 0.5267
vn 0.9156 -0.0565 0.3980
vn 0.8955 0.4092 0.1749
vn 0.6273 0.7749 -0.0773
vn 0.1890 0.9320 -0.3092
vn -0.3008 0.8368 -0.4575
vn -0.7090 0.5150 -0.4818
vn -0.9250 0.0548 -0.3760
vn -0.8921 -0.4189 -0.1696
vn -0.6211 -0.7795 0.0816
vn -0.1857 -0.9323 0.3105
vn 0.2986 -0.8378 0.4570
vn 0.7040 -0.5212 0.4824
vn 0.9229 -0.0654 0.3795
vn 0.8907 0.4137 0.1887
vn 0.6111 0.7909 -0.0328
vn 0.1657 0.9550 -0.2459
vn -0.3251 0.8604 -0.3925
vn -0.7274 0.5326 -0.4326
vn -0.9325 0.0617 -0.3559
vn -0.8866 -0.4245 -0.1838
vn -0.6042 -0.7960 0.0369
vn -0.1620 -0.9553 0.2472
vn 0.3227 -0.8615 0.3919
vn 0.7222 -0.5395 0.4329
vn 0.9305 -0.0733 0.3588
vn 0.8856 0.4174 0.2038
vn 0.5942 0.8041 0.0164
vn 0.1414 0.9742 -0.1759
vn -0.3502 0.8801 -0.3207
vn -0.7466 0.5473 -0.3783
vn -0.9403 0.0674 -0.3336
vn -0.8809 -0.4292 -0.1995
vn -0.5867 -0.8097 -0.0125
vn -0.1374 -0.9745 0.1773
vn 0.3477 -0.8813 0.3200
vn 0.7412 -0.5547 0.3782
vn 0.9385 -0.0800 0.3359
vn 0.8804 0.4201 0.2201
vn 0.5770 0.8137 0.0697
vn 0.1167 0.9881 -0.0999
vn -0.3758 0.8944 -0.2426
vn -0.7660 0.5579 -0.3193
vn -0.9482 0.0714 -0.3095
vn -0.8751 -0.4327 -0.2167
vn -0.5689 -0.8198 -0.0663
vn -0.1125 -0.9885 0.1013
vn 0.3732 -0.8957 0.2419
vn 0.7605 -0.5658 0.3186
vn 0.9466 -0.0850 0.3109
vn 0.8753 0.4214 0.2374
vn 0.5599 0.8188 0.1265
vn 0.0921 0.9956 -0.0190
vn -0.4012 0.9020 -0.1594
vn -0.7853 0.5635 -0.2565
vn -0.9560 0.0735 -0.2839
vn -0.8694 -0.4346 -0.2350
vn -0.5512 -0.8252 -0.1236
vn -0.0877 -0.9959 0.0203
vn 0.3985 -0.9033 0.1587
vn 0.7797 -0.5718 0.2552
vn 0.9547 -0.0877 0.2842
vn 0.8703 0.4212 0.2553
vn 0.5434 0.8187 0.1855
vn 0.0684 0.9955 0.0653
vn -0.4257 0.9019 -0.0728
vn -0.8038 0.5634 -0.1911
vn -0.9635 0.0733 -0.2573
vn -0.8639 -0.4348 -0.2542
vn -0.5343 -0.8252 -0.1834
vn -0.0639 -0.9959 -0.0641
vn 0.4229 -0.9033 0.0720
vn 0.7983 -0.5719 0.1891
vn 0.9626 -0.0879 0.2564
vn 0.8656 0.4195 0.2735
vn 0.5279 0.8131 0.2455
vn 0.0462 0.9875 0.1509
vn -0.4485 0.8936 0.0152
vn -0.8210 0.5571 -0.1246
vn -0.9705 0.0707 -0.2303
vn -0.8588 -0.4330 -0.2738
vn -0.5185 -0.8195 -0.2441
vn -0.0416 -0.9878 -0.1499
vn 0.4457 -0.8950 -0.0161
vn 0.8156 -0.5656 0.1220
vn 0.9699 -0.0852 0.2281
vn 0.8613 0.4162 0.2916
vn 0.5138 0.8019 0.3049
vn 0.0262 0.9715 0.2357
vn -0.4691 0.8772 0.1024
vn -0.8365 0.5448 -0.0587
vn -0.9769 0.0658 -0.2035
vn -0.8543 -0.4292 -0.2931
vn -0.5043 -0.8081 -0.3043
vn -0.0216 -0.9718 -0.2348
vn 0.4663 -0.8786 -0.1033
vn 0.8313 -0.5530 0.0556
vn 0.9765 -0.0799 0.2001
vn 0.8575 0.4114 0.3090
vn 0.5015 0.7857 0.3623
vn 0.0087 0.9482 0.3175
vn -0.4869 0.8533 0.1865
vn -0.8500 0.5268 0.0049
vn -0.9824 0.0586 -0.1776
vn -0.8504 -0.4238 -0.3117
vn -0.4921 -0.7915 -0.3623
vn -0.0043 -0.9485 -0.3167
vn 0.4842 -0.8546 -0.1874
vn 0.8450 -0.5346 -0.0085
vn 0.9823 -0.0720 0.1731
vn 0.8542 0.4054 0.3255
vn 0.4910 0.7652 0.4163
vn -0.0059 0.9188 0.3946
vn -0.5018 0.8232 0.2657
vn -0.8612 0.5042 0.0648
vn -0.9870 0.0496 -0.1531
vn -0.8473 -0.4168 -0.3292
vn -0.4820 -0.7706 -0.4170
vn 0.0102 -0.9191 -0.3939
vn 0.4993 -0.8244 -0.2666
vn 0.8565 -0.5115 -0.0688
vn 0.9871 -0.0620 0.1478
vn 0.8515 0.3984 0.3408
vn 0.4826 0.7415 0.4661
vn -0.0178 0.8848 0.4656
vn -0.5138 0.7882 0.3387
vn -0.8701 0.4779 0.1201
vn -0.9907 0.0392 -0.1305
vn -0.8448 -0.4088 -0.3453
vn -0.4740 -0.7463 -0.4673
vn 0.0218 -0.8850 -0.4650
vn 0.5114 -0.7894 -0.3397
vn 0.8658 -0.4846 -0.1243
vn 0.9909 -0.0505 0.1245
vn 0.8494 0.3908 0.3547
vn 0.4760 0.7156 0.5112
vn -0.0269 0.8477 0.5298
vn -0.5230 0.7501 0.4048
vn -0.8770 0.4493 0.1702
vn -0.9936 0.0278 -0.1099
vn -0.8430 -0.4000 -0.3597
vn -0.4678 -0.7198 -0.5128
vn 0.0307 -0.8478 -0.5294
vn 0.5208 -0.7511 -0.4057
vn 0.8731 -0.4553 -0.1745
vn 0.9939 -0.0379 0.1036
vn 0.8477 0.3828 0.3672
vn 0.4710 0.6886 0.5514
vn -0.0337 0.8089 0.5870
vn -0.5297 0.7102 0.4637
vn -0.8820 0.4193 0.2149
vn -0.9957 0.0158 -0.0915
vn -0.8417 -0.3909 -0.3725
vn -0.4634 -0.6922 -0.5533
vn 0.0373 -0.8089 -0.5867
vn 0.5277 -0.7111 -0.4646
vn 0.8784 -0.4247 -0.2191
vn 0.9961 -0.0247 0.0850
vn 0.8465 0.3747 0.3783
vn 0.4674 0.6611 0.5869
vn -0.0385 0.7695 0.6375
vn -0.5344 0.6698 0.5156
vn -0.8855 0.3890 0.2543
vn -0.9972 0.0037 -0.0752
vn -0.8409 -0.3817 -0.3836
vn -0.4605 -0.6642 -0.5889
vn 0.0417 -0.7696 -0.6372
vn 0.5325 -0.6707 -0.5164
vn 0.8822 -0.3937 -0.2584
vn 0.9976 -0.0115 0.0687
vn 0.8456 0.3666 0.3880
vn 0.4651 0.6339 0.6179
vn -0.0415 0.7306 0.6815
vn -0.5373 0.6299 0.5609
vn -0.8876 0.3589 0.2887
vn -0.9981 -0.0084 -0.0609
vn -0.8405 -0.3726 -0.3933
vn -0.4587 -0.6365 -0.6200
vn 0.0445 -0.7306 -0.6813
vn 0.5356 -0.6307 -0.5616
vn 0.8846 -0.3631 -0.2927
vn 0.9985 0.0016 0.0546
vn 0.8450 0.3587 0.3965
vn 0.4637 0.6075 0.6449
vn -0.0432 0.6929 0.7197
vn -0.5388 0.5911 0.6002
vn -0.8887 0.3298 0.3186
vn -0.9986 -0.0201 -0.0484
vn -0.8404 -0.3639 -0.4017
vn -0.4579 -0.6097 -0.6470
vn 0.0459 -0.6929 -0.7196
vn 0.5372 -0.5918 -0.6009
vn 0.8859 -0.3334 -0.3225
vn 0.9990 0.0142 0.0423
vn 0.8448 0.3549 0.4005
vn 0.4631 0.5945 0.6573
vn -0.0438 0.6742 0.7373
vn -0.5391 0.5719 0.6183
vn -0.8888 0.3154 0.3325
vn -0.9988 -0.0258 -0.0425
vn -0.8404 -0.3595 -0.4055
vn -0.4577 -0.5965 -0.6594
vn 0.0463 -0.6741 -0.7371
vn 0.5376 -0.5726 -0.6190
vn 0.8862 -0.3187 -0.3362
vn 0.9991 0.0205 0.0367
vn 0.4952 0.4013 -0.7705
vn 0.3695 0.7301 -0.5749
vn 0.1722 0.9479 -0.2679
vn -0.0713 0.9913 0.1109
vn -0.3391 0.7789 0.5276
vn -0.5100 0.3320 0.7935
vn -0.5346 -0.1490 0.8319
vn -0.4556 -0.5384 0.7089
vn -0.3019 -0.8296 0.4697
vn -0.0769 -0.9898 0.1197
vn 0.3152 -0.8124 -0.4905
vn 0.5386 -0.0867 -0.8381
vn -0.0881 0.3182 -0.9439
vn 0.3369 0.6612 -0.6703
vn 0.6113 0.7818 -0.1228
vn 0.6429 0.6657 0.3789
vn 0.5357 0.4233 0.7306
vn 0.3356 0.0978 0.9369
vn 0.0356 -0.2938 0.9552
vn -0.3544 -0.6559 0.6665
vn -0.6464 -0.7530 0.1234
vn -0.7158 -0.5965 -0.3631
vn -0.6283 -0.3429 -0.6983
vn -0.4235 -0.0382 -0.9051
vn 0.0060 0.3817 -0.9243
vn 0.3311 0.6810 -0.6531
vn 0.5675 0.7972 -0.2057
vn 0.6509 0.6984 0.2975
vn 0.5587 0.4112 0.7203
vn 0.3161 0.0137 0.9486
vn -0.0108 -0.3869 0.9221
vn -0.3343 -0.6833 0.6491
vn -0.5683 -0.7973 0.2035
vn -0.6509 -0.6990 -0.2961
vn -0.5604 -0.4147 -0.7170
vn -0.3203 -0.0194 -0.9471
vn -0.0020 0.3873 -0.9220
vn 0.3059 0.6998 -0.6455
vn 0.5318 0.8242 -0.1946
vn 0.6143 0.7261 0.3091
vn 0.5308 0.4320 0.7291
vn 0.3046 0.0220 0.9522
vn -0.0030 -0.3932 0.9194
vn -0.3092 -0.7025 0.6410
vn -0.5326 -0.8243 0.1922
vn -0.6142 -0.7268 -0.3074
vn -0.5325 -0.4359 -0.7255
vn -0.3088 -0.0285 -0.9507
vn -0.0110 0.3929 -0.9195
vn 0.2772 0.7190 -0.6373
vn 0.4911 0.8517 -0.1828
vn 0.5724 0.7543 0.3214
vn 0.4991 0.4532 0.7386
vn 0.2914 0.0304 0.9561
vn 0.0059 -0.3997 0.9166
vn -0.2806 -0.7221 0.6323
vn -0.4919 -0.8518 0.1801
vn -0.5724 -0.7551 -0.3197
vn -0.5008 -0.4577 -0.7347
vn -0.2957 -0.0378 -0.9545
vn -0.0213 0.3986 -0.9169
vn 0.2445 0.7383 -0.6286
vn 0.4447 0.8794 -0.1702
vn 0.5248 0.7827 0.3346
vn 0.4630 0.4745 0.7487
vn 0.2764 0.0389 0.9602
vn 0.0161 -0.4062 0.9136
vn -0.2479 -0.7418 0.6231
vn -0.4455 -0.8795 0.1672
vn -0.5247 -0.7836 -0.3327
vn -0.4646 -0.4795 -0.7445
vn -0.2807 -0.0473 -0.9586
vn -0.0328 0.4040 -0.9142
vn 0.2075 0.7571 -0.6195
vn 0.3921 0.9064 -0.1569
vn 0.4708 0.8105 0.3485
vn 0.4221 0.4953 0.7593
vn 0.2595 0.0471 0.9646
vn 0.0277 -0.4127 0.9104
vn -0.2109 -0.7612 0.6133
vn -0.3930 -0.9066 0.1537
vn -0.4707 -0.8115 -0.3464
vn -0.4236 -0.5009 -0.7548
vn -0.2636 -0.0565 -0.9630
vn -0.0457 0.4092 -0.9113
vn 0.1658 0.7749 -0.6099
vn 0.3330 0.9320 -0.1431
vn 0.4100 0.8368 0.3629
vn 0.3760 0.5150 0.7703
vn 0.2406 0.0548 0.9691
vn 0.0409 -0.4189 0.9071
vn -0.1691 -0.7795 0.6032
vn -0.3338 -0.9323 0.1396
vn -0.4099 -0.8378 -0.3606
vn -0.3773 -0.5212 -0.7655
vn -0.2444 -0.0654 -0.9675
vn -0.0600 0.4137 -0.9084
vn 0.1194 0.7909 -0.6002
vn 0.2669 0.9550 -0.1290
vn 0.3422 0.8604 0.3776
vn 0.3247 0.5326 0.7816
vn 0.2195 0.0617 0.9737
vn 0.0557 -0.4245 0.9037
vn -0.1225 -0.7960 0.5928
vn -0.2678 -0.9553 0.1252
vn -0.3420 -0.8615 -0.3752
vn -0.3257 -0.5395 -0.7765
vn -0.2228 -0.0733 -0.9721
vn -0.0757 0.4174 -0.9056
vn 0.0684 0.8041 -0.5905
vn 0.1943 0.9742 -0.1149
vn 0.2675 0.8801 0.3923
vn 0.2682 0.5473 0.7928
vn 0.1964 0.0674 0.9782
vn 0.0721 -0.4292 0.9003
vn -0.0711 -0.8097 0.5825
vn -0.1951 -0.9745 0.1108
vn -0.2673 -0.8813 -0.3897
vn -0.2688 -0.5547 -0.7874
vn -0.1989 -0.0800 -0.9767
vn -0.0925 0.4201 -0.9028
vn 0.0131 0.8137 -0.5811
vn 0.1155 0.9881 -0.1013
vn 0.1867 0.8944 0.4065
vn 0.2071 0.5579 0.8037
vn 0.1714 0.0714 0.9826
vn 0.0899 -0.4327 0.8970
vn -0.0153 -0.8198 0.5725
vn -0.1163 -0.9885 0.0969
vn -0.1863 -0.8957 -0.4038
vn -0.2072 -0.5658 -0.7981
vn -0.1730 -0.0850 -0.9812
vn -0.1104 0.4214 -0.9001
vn -0.0455 0.8188 -0.5722
vn 0.0319 0.9956 -0.0885
vn 0.1007 0.9020 0.4199
vn 0.1421 0.5636 0.8138
vn 0.1450 0.0735 0.9867
vn 0.1089 -0.4346 0.8940
vn 0.0439 -0.8252 0.5632
vn -0.0326 -0.9959 0.0839
vn -0.1003 -0.9033 -0.4170
vn -0.1417 -0.5718 -0.8081
vn -0.1455 -0.0877 -0.9855
vn -0.1289 0.4212 -0.8977
vn -0.1063 0.8187 -0.5642
vn -0.0549 0.9955 -0.0770
vn 0.0115 0.9019 0.4317
vn 0.0747 0.5634 0.8228
vn 0.1176 0.0733 0.9904
vn 0.1287 -0.4348 0.8913
vn 0.1055 -0.8252 0.5549
vn 0.0544 -0.9959 0.0723
vn -0.0111 -0.9033 -0.4289
vn -0.0736 -0.5719 -0.8170
vn -0.1168 -0.0879 -0.9893
vn -0.1476 0.4195 -0.8957
vn -0.1679 0.8131 -0.5574
vn -0.1428 0.9875 -0.0672
vn -0.0789 0.8936 0.4418
vn 0.0064 0.5571 0.8304
vn 0.0898 0.0707 0.9934
vn 0.1488 -0.4330 0.8890
vn 0.1679 -0.8195 0.5480
vn 0.1424 -0.9878 0.0625
vn 0.0794 -0.8950 -0.4389
vn -0.0047 -0.5656 -0.8247
vn -0.0877 -0.0852 -0.9925
vn -0.1661 0.4162 -0.8940
vn -0.2287 0.8019 -0.5519
vn -0.2296 0.9715 -0.0595
vn -0.1681 0.8772 0.4497
vn -0.0610 0.5447 0.8364
vn 0.0624 0.0658 0.9959
vn 0.1686 -0.4292 0.8873
vn 0.2294 -0.8081 0.5425
vn 0.2293 -0.9718 0.0548
vn 0.1686 -0.8786 -0.4469
vn 0.0633 -0.5530 -0.8308
vn -0.0591 -0.0799 -0.9951
vn -0.1839 0.4114 -0.8927
vn -0.2872 0.7857 -0.5479
vn -0.3130 0.9482 -0.0538
vn -0.2539 0.8533 0.4554
vn -0.1258 0.5268 0.8406
vn 0.0360 0.0586 0.9976
vn 0.1875 -0.4238 0.8861
vn 0.2886 -0.7915 0.5387
vn 0.3129 -0.9485 0.0493
vn 0.2544 -0.8546 -0.4527
vn 0.1286 -0.5346 -0.8352
vn -0.0316 -0.0720 -0.9969
vn -0.2007 0.4054 -0.8918
vn -0.3422 0.7652 -0.5453
vn -0.3914 0.9188 -0.0503
vn -0.3344 0.8232 0.4589
vn -0.1867 0.5042 0.8432
vn 0.0111 0.0496 0.9987
vn 0.2053 -0.4168 0.8855
vn 0.3441 -0.7706 0.5364
vn 0.3913 -0.9191 0.0459
vn 0.3350 -0.8244 -0.4563
vn 0.1900 -0.5115 -0.8380
vn -0.0058 -0.0620 -0.9981
vn -0.2162 0.3984 -0.8914
vn -0.3927 0.7415 -0.5440
vn -0.4634 0.8848 -0.0487
vn -0.4084 0.7882 0.4603
vn -0.2427 0.4779 0.8442
vn -0.0119 0.0392 0.9992
vn 0.2215 -0.4088 0.8853
vn 0.3951 -0.7463 0.5356
vn 0.4634 -0.8850 0.0446
vn 0.4090 -0.7894 -0.4579
vn 0.2463 -0.4846 -0.8393
vn 0.0178 -0.0505 -0.9986
vn -0.2303 0.3908 -0.8912
vn -0.4383 0.7156 -0.5439
vn -0.5282 0.8477 -0.0487
vn -0.4751 0.7501 0.4600
vn -0.2933 0.4493 0.8439
vn -0.0326 0.0278 0.9991
vn 0.2361 -0.4000 0.8856
vn 0.4410 -0.7198 0.5361
vn 0.5283 -0.8478 0.0449
vn 0.4757 -0.7511 -0.4577
vn 0.2969 -0.4553 -0.8393
vn 0.0389 -0.0379 -0.9985
vn -0.2428 0.3828 -0.8913
vn -0.4788 0.6886 -0.5447
vn -0.5859 0.8089 -0.0501
vn -0.5344 0.7102 0.4584
vn -0.3382 0.4193 0.8425
vn -0.0512 0.0158 0.9986
vn 0.2489 -0.3909 0.8862
vn 0.4817 -0.6922 0.5375
vn 0.5860 -0.8089 0.0466
vn 0.5349 -0.7112 -0.4562
vn 0.3419 -0.4247 -0.8383
vn 0.0576 -0.0247 -0.9980
vn -0.2540 0.3747 -0.8917
vn -0.5144 0.6611 -0.5462
vn -0.6365 0.7695 -0.0526
vn -0.5864 0.6698 0.4556
vn -0.3777 0.3890 0.8403
vn -0.0675 0.0037 0.9977
vn 0.2601 -0.3817 0.8870
vn 0.5174 -0.6642 0.5396
vn 0.6367 -0.7696 0.0494
vn 0.5869 -0.6707 -0.4536
vn 0.3814 -0.3937 -0.8364
vn 0.0740 -0.0115 -0.9972
vn -0.2637 0.3666 -0.8922
vn -0.5454 0.6339 -0.5483
vn -0.6805 0.7306 -0.0559
vn -0.6316 0.6299 0.4520
vn -0.4121 0.3589 0.8375
vn -0.0818 -0.0084 0.9966
vn 0.2697 -0.3726 0.8879
vn 0.5484 -0.6365 0.5423
vn 0.6807 -0.7306 0.0529
vn 0.6321 -0.6307 -0.4502
vn 0.4156 -0.3631 -0.8339
vn 0.0881 0.0016 -0.9961
vn -0.2722 0.3587 -0.8929
vn -0.5723 0.6076 -0.5508
vn -0.7186 0.6929 -0.0597
vn -0.6708 0.5911 0.4479
vn -0.4419 0.3298 0.8343
vn -0.0942 -0.0201 0.9953
vn 0.2780 -0.3639 0.8890
vn 0.5752 -0.6097 0.5453
vn 0.7188 -0.6929 0.0569
vn 0.6713 -0.5918 -0.4462
vn 0.4453 -0.3334 -0.8310
vn 0.1003 0.0142 -0.9949
vn -0.2762 0.3549 -0.8932
vn -0.5847 0.5945 -0.5519
vn -0.7360 0.6742 -0.0616
vn -0.6887 0.5719 0.4456
vn -0.4556 0.3154 0.8324
vn -0.1001 -0.0258 0.9946
vn 0.2818 -0.3595 0.8896
vn 0.5875 -0.5965 0.5469
vn 0.7362 -0.6741 0.0591
vn 0.6892 -0.5726 -0.4440
vn 0.4589 -0.3187 -0.8294
vn 0.1058 0.0205 -0.9942
vn 0.8952 0.3182 -0.3120
vn 0.4698 0.6612 -0.5849
vn -0.1422 0.7818 -0.6071
vn -0.6117 0.6657 -0.4274
vn -0.8872 0.4233 -0.1838
vn -0.9917 0.0978 0.0840
vn -0.8837 -0.2938 0.3644
vn -0.4591 -0.6559 0.5992
vn 0.1563 -0.7530 0.6392
vn 0.6277 -0.5965 0.5002
vn 0.8962 -0.3429 0.2815
vn 0.9992 -0.0382 0.0092
vn 0.8383 0.3817 -0.3894
vn 0.4565 0.6810 -0.5725
vn -0.0487 0.7972 -0.6017
vn -0.5410 0.6984 -0.4685
vn -0.8873 0.4112 -0.2090
vn -0.9942 0.0137 0.1065
vn -0.8342 -0.3869 0.3929
vn -0.4515 -0.6833 0.5737
vn 0.0510 -0.7973 0.6014
vn 0.5397 -0.6990 0.4691
vn 0.8849 -0.4147 0.2119
vn 0.9946 -0.0194 -0.1021
vn 0.8395 0.3873 -0.3812
vn 0.4601 0.6998 -0.5464
vn -0.0439 0.8242 -0.5646
vn -0.5363 0.7261 -0.4304
vn -0.8837 0.4320 -0.1800
vn -0.9927 0.0220 0.1185
vn -0.8351 -0.3932 0.3847
vn -0.4546 -0.7025 0.5475
vn 0.0464 -0.8243 0.5643
vn 0.5348 -0.7268 0.4310
vn 0.8812 -0.4359 0.1830
vn 0.9931 -0.0285 -0.1140
vn 0.8410 0.3929 -0.3719
vn 0.4646 0.7190 -0.5169
vn -0.0377 0.8517 -0.5226
vn -0.5302 0.7543 -0.3872
vn -0.8792 0.4532 -0.1472
vn -0.9908 0.0304 0.1321
vn -0.8362 -0.3997 0.3754
vn -0.4586 -0.7221 0.5179
vn 0.0405 -0.8518 0.5223
vn 0.5285 -0.7551 0.3879
vn 0.8763 -0.4577 0.1503
vn 0.9911 -0.0378 -0.1276
vn 0.8429 0.3986 -0.3616
vn 0.4703 0.7383 -0.4835
vn -0.0299 0.8794 -0.4752
vn -0.5224 0.7827 -0.3384
vn -0.8733 0.4745 -0.1101
vn -0.9883 0.0389 0.1475
vn -0.8377 -0.4063 0.3649
vn -0.4638 -0.7418 0.4843
vn 0.0330 -0.8795 0.4747
vn 0.5206 -0.7836 0.3391
vn 0.8702 -0.4795 0.1134
vn 0.9886 -0.0473 -0.1429
vn 0.8452 0.4040 -0.3499
vn 0.4773 0.7571 -0.4460
vn -0.0202 0.9064 -0.4219
vn -0.5126 0.8105 -0.2835
vn -0.8660 0.4953 -0.0685
vn -0.9852 0.0471 0.1646
vn -0.8397 -0.4127 0.3530
vn -0.4703 -0.7612 0.4466
vn 0.0235 -0.9066 0.4213
vn 0.5106 -0.8115 0.2843
vn 0.8625 -0.5009 0.0718
vn 0.9855 -0.0565 -0.1602
vn 0.8479 0.4091 -0.3370
vn 0.4859 0.7749 -0.4042
vn -0.0081 0.9320 -0.3623
vn -0.5004 0.8368 -0.2222
vn -0.8569 0.5150 -0.0220
vn -0.9814 0.0548 0.1837
vn -0.8421 -0.4189 0.3396
vn -0.4784 -0.7795 0.4044
vn 0.0117 -0.9323 0.3616
vn 0.4983 -0.8378 0.2230
vn 0.8531 -0.5212 0.0252
vn 0.9816 -0.0653 -0.1796
vn 0.8513 0.4137 -0.3228
vn 0.4964 0.7909 -0.3580
vn 0.0065 0.9550 -0.2964
vn -0.4857 0.8604 -0.1544
vn -0.8458 0.5326 0.0293
vn -0.9769 0.0617 0.2048
vn -0.8452 -0.4245 0.3247
vn -0.4884 -0.7960 0.3577
vn -0.0026 -0.9553 0.2956
vn 0.4834 -0.8615 0.1552
vn 0.8416 -0.5395 -0.0263
vn 0.9768 -0.0733 -0.2012
vn 0.8552 0.4174 -0.3074
vn 0.5087 0.8041 -0.3075
vn 0.0238 0.9742 -0.2244
vn -0.4680 0.8801 -0.0804
vn -0.8326 0.5473 0.0854
vn -0.9714 0.0674 0.2277
vn -0.8489 -0.4292 0.3084
vn -0.5003 -0.8097 0.3066
vn -0.0198 -0.9745 0.2235
vn 0.4655 -0.8813 0.0812
vn 0.8279 -0.5547 -0.0826
vn 0.9711 -0.0800 -0.2248
vn 0.8596 0.4201 -0.2908
vn 0.5231 0.8137 -0.2533
vn 0.0441 0.9881 -0.1472
vn -0.4473 0.8944 -0.0009
vn -0.8170 0.5579 0.1455
vn -0.9650 0.0714 0.2522
vn -0.8533 -0.4327 0.2909
vn -0.5144 -0.8198 0.2518
vn -0.0399 -0.9885 0.1460
vn 0.4447 -0.8957 0.0017
vn 0.8120 -0.5658 -0.1431
vn 0.9644 -0.0850 -0.2502
vn 0.8646 0.4214 -0.2735
vn 0.5394 0.8188 -0.1963
vn 0.0672 0.9956 -0.0658
vn -0.4238 0.9020 0.0828
vn -0.7993 0.5635 0.2088
vn -0.9578 0.0735 0.2780
vn -0.8585 -0.4346 0.2723
vn -0.5305 -0.8252 0.1940
vn -0.0628 -0.9959 0.0645
vn 0.4210 -0.9033 -0.0820
vn 0.7939 -0.5718 -0.2068
vn 0.9568 -0.0877 -0.2771
vn 0.8702 0.4212 -0.2557
vn 0.5574 0.8187 -0.1377
vn 0.0928 0.9955 0.0180
vn -0.3975 0.9019 0.1689
vn -0.7795 0.5634 0.2738
vn -0.9497 0.0733 0.3045
vn -0.8642 -0.4348 0.2532
vn -0.5486 -0.8252 0.1346
vn -0.0884 -0.9959 -0.0194
vn 0.3947 -0.9033 -0.1681
vn 0.7738 -0.5719 -0.2724
vn 0.9484 -0.0879 -0.3047
vn 0.8760 0.4195 -0.2378
vn 0.5768 0.8131 -0.0788
vn 0.1205 0.9875 0.1020
vn -0.3691 0.8936 0.2553
vn -0.7580 0.5571 0.3391
vn -0.9410 0.0707 0.3310
vn -0.8705 -0.4330 0.2340
vn -0.5682 -0.8195 0.0749
vn -0.1160 -0.9878 -0.1036
vn 0.3663 -0.8950 -0.2545
vn 0.7521 -0.5656 -0.3383
vn 0.9392 -0.0852 -0.3325
vn 0.8822 0.4162 -0.2203
vn 0.5971 0.8019 -0.0212
vn 0.1495 0.9715 0.1841
vn -0.3393 0.8772 0.3397
vn -0.7355 0.5447 0.4029
vn -0.9318 0.0658 0.3569
vn -0.8772 -0.4293 0.2153
vn -0.5888 -0.8081 0.0167
vn -0.1451 -0.9718 -0.1858
vn 0.3365 -0.8786 -0.3390
vn 0.7294 -0.5530 -0.4027
vn 0.9297 -0.0799 -0.3596
vn 0.8884 0.4114 -0.2036
vn 0.6177 0.7857 0.0336
vn 0.1790 0.9482 0.2624
vn -0.3088 0.8533 0.4201
vn -0.7124 0.5268 0.4637
vn -0.9224 0.0586 0.3817
vn -0.8840 -0.4238 0.1975
vn -0.6099 -0.7915 -0.0387
vn -0.1748 -0.9485 -0.2641
vn 0.3061 -0.8546 -0.4195
vn 0.7063 -0.5346 -0.4640
vn 0.9199 -0.0720 -0.3854
vn 0.8946 0.4054 -0.1880
vn 0.6382 0.7652 0.0847
vn 0.2083 0.9188 0.3351
vn -0.2785 0.8232 0.4948
vn -0.6894 0.5042 0.5201
vn -0.9131 0.0496 0.4048
vn -0.8908 -0.4168 0.1811
vn -0.6309 -0.7706 -0.0902
vn -0.2043 -0.9191 -0.3369
vn 0.2759 -0.8244 -0.4942
vn 0.6834 -0.5115 -0.5209
vn 0.9103 -0.0620 -0.4093
vn 0.9006 0.3984 -0.1736
vn 0.6580 0.7415 0.1312
vn 0.2368 0.8848 0.4013
vn -0.2491 0.7882 0.5627
vn -0.6671 0.4779 0.5715
vn -0.9039 0.0392 0.4259
vn -0.8974 -0.4088 0.1663
vn -0.6514 -0.7463 -0.1369
vn -0.2330 -0.8850 -0.4030
vn 0.2466 -0.7894 -0.5622
vn 0.6612 -0.4846 -0.5727
vn 0.9010 -0.0505 -0.4310
vn 0.9063 0.3908 -0.1608
vn 0.6768 0.7156 0.1727
vn 0.2638 0.8477 0.4603
vn -0.2211 0.7501 0.6233
vn -0.6458 0.4493 0.6173
vn -0.8952 0.0278 0.4447
vn -0.9036 -0.4000 0.1532
vn -0.6708 -0.7198 -0.1784
vn -0.2603 -0.8478 -0.4619
vn 0.2188 -0.7511 -0.6229
vn 0.6401 -0.4553 -0.6188
vn 0.8921 -0.0379 -0.4502
vn 0.9117 0.3828 -0.1494
vn 0.6943 0.6886 0.2093
vn 0.2890 0.8089 0.5121
vn -0.1949 0.7102 0.6765
vn -0.6258 0.4193 0.6576
vn -0.8871 0.0158 0.4614
vn -0.9095 -0.3909 0.1417
vn -0.6890 -0.6922 -0.2149
vn -0.2858 -0.8089 -0.5137
vn 0.1928 -0.7112 -0.6761
vn 0.6205 -0.4247 -0.6593
vn 0.8839 -0.0247 -0.4670
vn 0.9166 0.3747 -0.1394
vn 0.7105 0.6611 0.2410
vn 0.3123 0.7695 0.5571
vn -0.1708 0.6698 0.7226
vn -0.6074 0.3890 0.6926
vn -0.8795 0.0037 0.4759
vn -0.9148 -0.3817 0.1319
vn -0.7058 -0.6642 -0.2465
vn -0.3094 -0.7696 -0.5586
vn 0.1688 -0.6707 -0.7223
vn 0.6024 -0.3937 -0.6944
vn 0.8764 -0.0115 -0.4815
vn 0.9211 0.3666 -0.1308
vn 0.7253 0.6339 0.2684
vn 0.3335 0.7306 0.5958
vn -0.1488 0.6299 0.7623
vn -0.5906 0.3589 0.7227
vn -0.8726 -0.0084 0.4884
vn -0.9197 -0.3726 0.1235
vn -0.7211 -0.6365 -0.2736
vn -0.3309 -0.7306 -0.5972
vn 0.1469 -0.6306 -0.7620
vn 0.5859 -0.3631 -0.7245
vn 0.8695 0.0016 -0.4939
vn 0.9253 0.3587 -0.1233
vn 0.7388 0.6075 0.2918
vn 0.3528 0.6929 0.6288
vn -0.1288 0.5911 0.7962
vn -0.5753 0.3297 0.7485
vn -0.8663 -0.0201 0.4992
vn -0.9241 -0.3639 0.1164
vn -0.7350 -0.6097 -0.2967
vn -0.3504 -0.6929 -0.6302
vn 0.1271 -0.5918 -0.7960
vn 0.5709 -0.3334 -0.7502
vn 0.8633 0.0142 -0.5045
vn 0.9272 0.3549 -0.1198
vn 0.7450 0.5945 0.3026
vn 0.3618 0.6742 0.6439
vn -0.1192 0.5720 0.8116
vn -0.5679 0.3154 0.7602
vn -0.8632 -0.0258 0.5042
vn -0.9262 -0.3595 0.1132
vn -0.7415 -0.5965 -0.3072
vn -0.3596 -0.6741 -0.6452
vn 0.1176 -0.5726 -0.8114
vn 0.5638 -0.3187 -0.7619
vn 0.8604 0.0205 -0.5093
vt 0.000000 1.000000
vt 0.043478 1.000000
vt 0.043478 0.916667
vt 0.000000 0.916667
vt 0.000000 0.083333
vt 0.043478 0.083333
vt 0.043478 0.000000
vt 0.000000 0.000000
vt 0.000000 0.166667
vt 0.043478 0.166667
vt 0.000000 0.250000
vt 0.043478 0.250000
vt 0.000000 0.333333
vt 0.043478 0.333333
vt 0.000000 0.416667
vt 0.043478 0.416667
vt 0.000000 0.500000
vt 0.043478 0.500000
vt 0.000000 0.583333
vt 0.043478 0.583333
vt 0.000000 0.666667
vt 0.043478 0.666667
vt 0.000000 0.750000
vt 0.043478 0.750000
vt 0.000000 0.833333
vt 0.043478 0.833333
vt 0.086957 1.000000
vt 0.086957 0.916667
vt 0.086957 0.083333
vt 0.086957 0.000000
vt 0.086957 0.166667
vt 0.086957 0.250000
vt 0.086957 0.333333
vt 0.086957 0.416667
vt 0.086957 0.500000
vt 0.086957 0.583333
vt 0.086957 0.666667
vt 0.086957 0.750000
vt 0.086957 0.833333
vt 0.130435 1.000000
vt 0.130435 0.916667
vt 0.130435 0.083333
vt 0.130435 0.000000
vt 0.130435 0.166667
vt 0.130435 0.250000
vt 0.130435 0.333333
vt 0.130435 0.416667
vt 0.130435 0.500000
vt 0.130435 0.583333
vt 0.130435 0.666667
vt 0.130435 0.750000
vt 0.130435 0.833333
vt 0.173913 1.000000
vt 0.173913 0.916667
vt 0.173913 0.083333
vt 0.173913 0.000000
vt 0.173913 0.166667
vt 0.173913 0.250000
vt 0.173913 0.333333
vt 0.173913 0.416667
vt 0.173913 0.500000
vt 0.173913 0.583333
vt 0.173913 0.666667
vt 0.173913 0.750000
vt 0.173913 0.833333
vt 0.217391 1.000000
vt 0.217391 0.916667
vt 0.217391 0.083333
vt 0.217391 0.000000
vt 0.217391 0.166667
vt 0.217391 0.250000
vt 0.217391 0.333333
vt 0.217391 0.416667
vt 0.217391 0.500000
vt 0.217391 0.583333
vt 0.217391 0.666667
vt 0.217391 0.750000
vt 0.217391 0.833333
vt 0.260870 1.000000
vt 0.260870 0.916667
vt 0.260870 0.083333
vt 0.260870 0.000000
vt 0.260870 0.166667
vt 0.260870 0.250000
vt 0.260870 0.333333
vt 0.260870 0.416667
vt 0.260870 0.500000
vt 0.260870 0.583333
vt 0.260870 0.666667
vt 0.260870 0.750000
vt 0.260870 0.833333
vt 0.304348 1.000000
vt 0.304348 0.916667
vt 0.304348 0.083333
vt 0.304348 0.000000
vt 0.304348 0.166667
vt 0.304348 0.250000
vt 0.304348 0.333333
vt 0.304348 0.416667
vt 0.304348 0.500000
vt 0.304348 0.583333
vt 0.304348 0.666667
vt 0.304348 0.750000
vt 0.304348 0.833333
vt 0.347826 1.000000
vt 0.347826 0.916667
vt 0.347826 0.083333
vt 0.347826 0.000000
vt 0.347826 0.166667
vt 0.347826 0.250000
vt 0.347826 0.333333
vt 0.347826 0.416667
vt 0.347826 0.500000
vt 0.347826 0.583333
vt 0.347826 0.666667
vt 0.347826 0.750000
vt 0.347826 0.833333
vt 0.391304 1.000000
vt 0.391304 0.916667
vt 0.391304 0.083333
vt 0.391304 0.000000
vt 0.391304 0.166667
vt 0.391304 0.250000
vt 0.391304 0.333333
vt 0.391304 0.416667
vt 0.391304 0.500000
vt 0.391304 0.583333
vt 0.391304 0.666667
vt 0.391304 0.750000
vt 0.391304 0.833333
vt 0.434783 1.000000
vt 0.434783 0.916667
vt 0.434783 0.083333
vt 0.434783 0.000000
vt 0.434783 0.166667
vt 0.434783 0.250000
vt 0.434783 0.333333
vt 0.434783 0.416667
vt 0.434783 0.500000
vt 0.434783 0.583333
vt 0.434783 0.666667
vt 0.434783 0.750000
vt 0.434783 0.833333
vt 0.478261 1.000000
vt 0.478261 0.916667
vt 0.478261 0.083333
vt 0.478261 0.000000
vt 0.478261 0.166667
vt 0.478261 0.250000
vt 0.478261 0.333333
vt 0.478261 0.416667
vt 0.478261 0.500000
vt 0.478261 0.583333
vt 0.478261 0.666667
vt 0.478261 0.750000
vt 0.478261 0.833333
vt 0.521739 1.000000
vt 0.521739 0.916667
vt 0.521739 0.083333
vt 0.521739 0.000000
vt 0.521739 0.166667
vt 0.521739 0.250000
vt 0.521739 0.333333
vt 0.521739 0.416667
vt 0.521739 0.500000
vt 0.521739 0.583333
vt 0.521739 0.666667
vt 0.521739 0.750000
vt 0.521739 0.833333
vt 0.565217 1.000000
vt 0.565217 0.916667
vt 0.565217 0.083333
vt 0.565217 0.000000
vt 0.565217 0.166667
vt 0.565217 0.250000
vt 0.565217 0.333333
vt 0.565217 0.416667
vt 0.565217 0.500000
vt 0.565217 0.583333
vt 0.565217 0.666667
vt 0.565217 0.750000
vt 0.565217 0.833333
vt 0.608696 1.000000
vt 0.608696 0.916667
vt 0.608696 0.083333
vt 0.608696 0.000000
vt 0.608696 0.166667
vt 0.608696 0.250000
vt 0.608696 0.333333
vt 0.608696 0.416667
vt 0.608696 0.500000
vt 0.608696 0.583333
vt 0.608696 0.666667
vt 0.608696 0.750000
vt 0.608696 0.833333
vt 0.652174 1.000000
vt 0.652174 0.916667
vt 0.652174 0.083333
vt 0.652174 0.000000
vt 0.652174 0.166667
vt 0.652174 0.250000
vt 0.652174 0.333333
vt 0.652174 0.416667
vt 0.652174 0.500000
vt 0.652174 0.583333
vt 0.652174 0.666667
vt 0.652174 0.750000
vt 0.652174 0.833333
vt 0.695652 1.000000
vt 0.695652 0.916667
vt 0.695652 0.083333
vt 0.695652 0.000000
vt 0.695652 0.166667
vt 0.695652 0.250000
vt 0.695652 0.333333
vt 0.695652 0.416667
vt 0.695652 0.500000
vt 0.695652 0.583333
vt 0.695652 0.666667
vt 0.695652 0.750000
vt 0.695652 0.833333
vt 0.739130 1.000000
vt 0.739130 0.916667
vt 0.739130 0.083333
vt 0.739130 0.000000
vt 0.739130 0.166667
vt 0.739130 0.250000
vt 0.739130 0.333333
vt 0.739130 0.416667
vt 0.739130 0.500000
vt 0.739130 0.583333
vt 0.739130 0.666667
vt 0.739130 0.750000
vt 0.739130 0.833333
vt 0.782609 1.000000
vt 0.782609 0.916667
vt 0.782609 0.083333
vt 0.782609 0.000000
vt 0.782609 0.166667
vt 0.782609 0.250000
vt 0.782609 0.333333
vt 0.782609 0.416667
vt 0.782609 0.500000
vt 0.782609 0.583333
vt 0.782609 0.666667
vt 0.782609 0.750000
vt 0.782609 0.833333
vt 0.826087 1.000000
vt 0.826087 0.916667
vt 0.826087 0.083333
vt 0.826087 0.000000
vt 0.826087 0.166667
vt 0.826087 0.250000
vt 0.826087 0.333333
vt 0.826087 0.416667
vt 0.826087 0.500000
vt 0.826087 0.583333
vt 0.826087 0.666667
vt 0.826087 0.750000
vt 0.826087 0.833333
vt 0.869565 1.000000
vt 0.869565 0.916667
vt 0.869565 0.083333
vt 0.869565 0.000000
vt 0.869565 0.166667
vt 0.869565 0.250000
vt 0.869565 0.333333
vt 0.869565 0.416667
vt 0.869565 0.500000
vt 0.869565 0.583333
vt 0.869565 0.666667
vt 0.869565 0.750000
vt 0.869565 0.833333
vt 0.913043 1.000000
vt 0.913043 0.916667
vt 0.913043 0.083333
vt 0.913043 0.000000
vt 0.913043 0.166667
vt 0.913043 0.250000
vt 0.913043 0.333333
vt 0.913043 0.416667
vt 0.913043 0.500000
vt 0.913043 0.583333
vt 0.913043 0.666667
vt 0.913043 0.750000
vt 0.913043 0.833333
vt 0.956522 1.000000
vt 0.956522 0.916667
vt 0.956522 0.083333
vt 0.956522 0.000000
vt 0.956522 0.166667
vt 0.956522 0.250000
vt 0.956522 0.333333
vt 0.956522 0.416667
vt 0.956522 0.500000
vt 0.956522 0.583333
vt 0.956522 0.666667
vt 0.956522 0.750000
vt 0.956522 0.833333
vt 1.000000 1.000000
vt 1.000000 0.916667
vt 1.000000 0.083333
vt 1.000000 0.000000
vt 1.000000 0.166667
vt 1.000000 0.250000
vt 1.000000 0.333333
vt 1.000000 0.416667
vt 1.000000 0.500000
vt 1.000000 0.583333
vt 1.000000 0.666667
vt 1.000000 0.750000
vt 1.000000 0.833333
s 1
usemtl 
f 1/1/1 13/2/13 24/3/24 12/4/12
f 2/5/2 14/6/14 13/7/13 1/8/1
f 3/9/3 15/10/15 14/6/14 2/5/2
f 4/11/4 16/12/16 15/10/15 3/9/3
f 5/13/5 17/14/17 16/12/16 4/11/4
f 6/15/6 18/16/18 17/14/17 5/13/5
f 7/17/7 19/18/19 18/16/18 6/15/6
f 8/19/8 20/20/20 19/18/19 7/17/7
f 9/21/9 21/22/21 20/20/20 8/19/8
f 10/23/10 22/24/22 21/22/21 9/21/9
f 11/25/11 23/26/23 22/24/22 10/23/10
f 12/4/12 24/3/24 23/26/23 11/25/11
f 13/2/13 25/27/25 36/28/36 24/3/24
f 14/6/14 26/29/26 25/30/25 13/7/13
f 15/10/15 27/31/27 26/29/26 14/6/14
f 16/12/16 28/32/28 27/31/27 15/10/15
f 17/14/17 29/33/29 28/32/28 16/12/16
f 18/16/18 30/34/30 29/33/29 17/14/17
f 19/18/19 31/35/31 30/34/30 18/16/18
f 20/20/20 32/36/32 31/35/31 19/18/19
f 21/22/21 33/37/33 32/36/32 20/20/20
f 22/24/22 34/38/34 33/37/33 21/22/21
f 23/26/23 35/39/35 34/38/34 22/24/22
f 24/3/24 36/28/36 35/39/35 23/26/23
f 25/27/25 37/40/37 48/41/48 36/28/36
f 26/29/26 38/42/38 37/43/37 25/30/25
f 27/31/27 39/44/39 38/42/38 26/29/26
f 28/32/28 40/45/40 39/44/39 27/31/27
f 29/33/29 41/46/41 40/45/40 28/32/28
f 30/34/30 42/47/42 41/46/41 29/33/29
f 31/35/31 43/48/43 42/47/42 30/34/30
f 32/36/32 44/49/44 43/48/43 31/35/31
f 33/37/33 45/50/45 44/49/44 32/36/32
f 34/38/34 46/51/46 45/50/45 33/37/33
f 35/39/35 47/52/47 46/51/46 34/38/34
f 36/28/36 48/41/48 47/52/47 35/39/35
f 37/40/37 49/53/49 60/54/60 48/41/48
f 38/42/38 50/55/50 49/56/49 37/43/37
f 39/44/39 51/57/51 50/55/50 38/42/38
f 40/45/40 52/58/52 51/57/51 39/44/39
f 41/46/41 53/59/53 52/58/52 40/45/40
f 42/47/42 54/60/54 53/59/53 41/46/41
f 43/48/43 55/61/55 54/60/54 42/47/42
f 44/49/44 56/62/56 55/61/55 43/48/43
f 45/50/45 57/63/57 56/62/56 44/49/44
f 46/51/46 58/64/58 57/63/57 45/50/45
f 47/52/47 59/65/59 58/64/58 46/51/46
f 48/41/48 60/54/60 59/65/59 47/52/47
f 49/53/49 61/66/61 72/67/72 60/54/60
f 50/55/50 62/68/62 61/69/61 49/56/49
f 51/57/51 63/70/63 62/68/62 50/55/50
f 52/58/52 64/71/64 63/70/63 51/57/51
f 53/59/53 65/72/65 64/71/64 52/58/52
f 54/60/54 66/73/66 65/72/65 53/59/53
f 55/61/55 67/74/67 66/73/66 54/60/54
f 56/62/56 68/75/68 67/74/67 55/61/55
f 57/63/57 69/76/69 68/75/68 56/62/56
f 58/64/58 70/77/70 69/76/69 57/63/57
f 59/65/59 71/78/71 70/77/70 58/64/58
f 60/54/60 72/67/72 71/78/71 59/65/59
f 61/66/61 73/79/73 84/80/84 72/67/72
f 62/68/62 74/81/74 73/82/73 61/69/61
f 63/70/63 75/83/75 74/81/74 62/68/62
f 64/71/64 76/84/76 75/83/75 63/70/63
f 65/72/65 77/85/77 76/84/76 64/71/64
f 66/73/66 78/86/78 77/85/77 65/72/65
f 67/74/67 79/87/79 78/86/78 66/73/66
f 68/75/68 80/88/80 79/87/79 67/74/67
f 69/76/69 81/89/81 80/88/80 68/75/68
f 70/77/70 82/90/82 81/89/81 69/76/69
f 71/78/71 83/91/83 82/90/82 70/77/70
f 72/67/72 84/80/84 83/91/83 71/78/71
f 73/79/73 85/92/85 96/93/96 84/80/84
f 74/81/74 86/94/86 85/95/85 73/82/73
f 75/83/75 87/96/87 86/94/86 74/81/74
f 76/84/76 88/97/88 87/96/87 75/83/75
f 77/85/77 89/98/89 88/97/88 76/84/76
f 78/86/78 90/99/90 89/98/89 77/85/77
f 79/87/79 91/100/91 90/99/90 78/86/78
f 80/88/80 92/101/92 91/100/91 79/87/79
f 81/89/81 93/102/93 92/101/92 80/88/80
f 82/90/82 94/103/94 93/102/93 81/89/81
f 83/91/83 95/104/95 94/103/94 82/90/82
f 84/80/84 96/93/96 95/104/95 83/91/83
f 85/92/85 97/105/97 108/106/108 96/93/96
f 86/94/86 98/107/98 97/108/97 85/95/85
f 87/96/87 99/109/99 98/107/98 86/94/86
f 88/97/88 100/110/100 99/109/99 87/96/87
f 89/98/89 101/111/101 100/110/100 88/97/88
f 90/99/90 102/112/102 101/111/101 89/98/89
f 91/100/91 103/113/103 102/112/102 90/99/90
f 92/101/92 104/114/104 103/113/103 91/100/91
f 93/102/93 105/115/105 104/114/104 92/101/92
f 94/103/94 106/116/106 105/115/105 93/102/93
f 95/104/95 107/117/107 106/116/106 94/103/94
f 96/93/96 108/106/108 107/117/107 95/104/95
f 97/105/97 109/118/109 120/119/120 108/106/108
f 98/107/98 110/120/110 109/121/109 97/108/97
f 99/109/99 111/122/111 110/120/110 98/107/98
f 100/110/100 112/123/112 111/122/111 99/109/99
f 101/111/101 113/124/113 112/123/112 100/110/100
f 102/112/102 114/125/114 113/124/113 101/111/101
f 103/113/103 115/126/115 114/125/114 102/112/102
f 104/114/104 116/127/116 115/126/115 103/113/103
f 105/115/105 117/128/117 116/127/116 104/114/104
f 106/116/106 118/129/118 117/128/117 105/115/105
f 107/117/107 119/130/119 118/129/118 106/116/106
f 108/106/108 120/119/120 119/130/119 107/117/107
f 109/118/109 121/131/121 132/132/132 120/119/120
f 110/120/110 122/133/122 121/134/121 109/121/109
f 111/122/111 123/135/123 122/133/122 110/120/110
f 112/123/112 124/136/124 123/135/123 111/122/111
f 113/124/113 125/137/125 124/136/124 112/123/112
f 114/125/114 126/138/126 125/137/125 113/124/113
f 115/126/115 127/139/127 126/138/126 114/125/114
f 116/127/116 128/140/128 127/139/127 115/126/115
f 117/128/117 129/141/129 128/140/128 116/127/116
f 118/129/118 130/142/130 129/141/129 117/128/117
f 119/130/119 131/143/131 130/142/130 118/129/118
f 120/119/120 132/132/132 131/143/131 119/130/119
f 121/131/121 133/144/133 144/145/144 132/132/132
f 122/133/122 134/146/134 133/147/133 121/134/121
f 123/135/123 135/148/135 134/146/134 122/133/122
f 124/136/124 136/149/136 135/148/135 123/135/123
f 125/137/125 137/150/137 136/149/136 124/136/124
f 126/138/126 138/151/138 137/150/137 125/137/125
f 127/139/127 139/152/139 138/151/138 126/138/126
f 128/140/128 140/153/140 139/152/139 127/139/127
f 129/141/129 141/154/141 140/153/140 128/140/128
f 130/142/130 142/155/142 141/154/141 129/141/129
f 131/143/131 143/156/143 142/155/142 130/142/130
f 132/132/132 144/145/144 143/156/143 131/143/131
f 133/144/133 145/157/145 156/158/156 144/145/144
f 134/146/134 146/159/146 145/160/145 133/147/133
f 135/148/135 147/161/147 146/159/146 134/146/134
f 136/149/136 148/162/148 147/161/147 135/148/135
f 137/150/137 149/163/149 148/162/148 136/149/136
f 138/151/138 150/164/150 149/163/149 137/150/137
f 139/152/139 151/165/151 150/164/150 138/151/138
f 140/153/140 152/166/152 151/165/151 139/152/139
f 141/154/141 153/167/153 152/166/152 140/153/140
f 142/155/142 154/168/154 153/167/153 141/154/141
f 143/156/143 155/169/155 154/168/154 142/155/142
f 144/145/144 156/158/156 155/169/155 143/156/143
f 145/157/145 157/170/157 168/171/168 156/158/156
f 146/159/146 158/172/158 157/173/157 145/160/145
f 147/161/147 159/174/159 158/172/158 146/159/146
f 148/162/148 160/175/160 159/174/159 147/161/147
f 149/163/149 161/176/161 160/175/160 148/162/148
f 150/164/150 162/177/162 161/176/161 149/163/149
f 151/165/151 163/178/163 162/177/162 150/164/150
f 152/166/152 164/179/164 163/178/163 151/165/151
f 153/167/153 165/180/165 164/179/164 152/166/152
f 154/168/154 166/181/166 165/180/165 153/167/153
f 155/169/155 167/182/167 166/181/166 154/168/154
f 156/158/156 168/171/168 167/182/167 155/169/155
f 157/170/157 169/183/169 180/184/180 168/171/168
f 158/172/158 170/185/170 169/186/169 157/173/157
f 159/174/159 171/187/171 170/185/170 158/172/158
f 160/175/160 172/188/172 171/187/171 159/174/159
f 161/176/161 173/189/173 172/188/172 160/175/160
f 162/177/162 174/190/174 173/189/173 161/176/161
f 163/178/163 175/191/175 174/190/174 162/177/162
f 164/179/164 176/192/176 175/191/175 163/178/163
f 165/180/165 177/193/177 176/192/176 164/179/164
f 166/181/166 178/194/178 177/193/177 165/180/165
f 167/182/167 179/195/179 178/194/178 166/181/166
f 168/171/168 180/184/180 179/195/179 167/182/167
f 169/183/169 181/196/181 192/197/192 180/184/180
f 170/185/170 182/198/182 181/199/181 169/186/169
f 171/187/171 183/200/183 182/198/182 170/185/170
f 172/188/172 184/201/184 183/200/183 171/187/171
f 173/189/173 185/202/185 184/201/184 172/188/172
f 174/190/174 186/203/186 185/202/185 173/189/173
f 175/191/175 187/204/187 186/203/186 174/190/174
f 176/192/176 188/205/188 187/204/187 175/191/175
f 177/193/177 189/206/189 188/205/188 176/192/176
f 178/194/178 190/207/190 189/206/189 177/193/177
f 179/195/179 191/208/191 190/207/190 178/194/178
f 180/184/180 192/197/192 191/208/191 179/195/179
f 181/196/181 193/209/193 204/210/204 192/197/192
f 182/198/182 194/211/194 193/212/193 181/199/181
f 183/200/183 195/213/195 194/211/194 182/198/182
f 184/201/184 196/214/196 195/213/195 183/200/183
f 185/202/185 197/215/197 196/214/196 184/201/184
f 186/203/186 198/216/198 197/215/197 185/202/185
f 187/204/187 199/217/199 198/216/198 186/203/186
f 188/205/188 200/218/200 199/217/199 187/204/187
f 189/206/189 201/219/201 200/218/200 188/205/188
f 190/207/190 202/220/202 201/219/201 189/206/189
f 191/208/191 203/221/203 202/220/202 190/207/190
f 192/197/192 204/210/204 203/221/203 191/208/191
f 193/209/193 205/222/205 216/223/216 204/210/204
f 194/211/194 206/224/206 205/225/205 193/212/193
f 195/213/195 207/226/207 206/224/206 194/211/194
f 196/214/196 208/227/208 207/226/207 195/213/195
f 197/215/197 209/228/209 208/227/208 196/214/196
f 198/216/198 210/229/210 209/228/209 197/215/197
f 199/217/199 211/230/211 210/229/210 198/216/198
f 200/218/200 212/231/212 211/230/211 199/217/199
f 201/219/201 213/232/213 212/231/212 200/218/200
f 202/220/202 214/233/214 213/232/213 201/219/201
f 203/221/203 215/234/215 214/233/214 202/220/202
f 204/210/204 216/223/216 215/234/215 203/221/203
f 205/222/205 217/235/217 228/236/228 216/223/216
f 206/224/206 218/237/218 217/238/217 205/225/205
f 207/226/207 219/239/219 218/237/218 206/224/206
f 208/227/208 220/240/220 219/239/219 207/226/207
f 209/228/209 221/241/221 220/240/220 208/227/208
f 210/229/210 222/242/222 221/241/221 209/228/209
f 211/230/211 223/243/223 222/242/222 210/229/210
f 212/231/212 224/244/224 223/243/223 211/230/211
f 213/232/213 225/245/225 224/244/224 212/231/212
f 214/233/214 226/246/226 225/245/225 213/232/213
f 215/234/215 227/247/227 226/246/226 214/233/214
f 216/223/216 228/236/228 227/247/227 215/234/215
f 217/235/217 229/248/229 240/249/240 228/236/228
f 218/237/218 230/250/230 229/251/229 217/238/217
f 219/239/219 231/252/231 230/250/230 218/237/218
f 220/240/220 232/253/232 231/252/231 219/239/219
f 221/241/221 233/254/233 232/253/232 220/240/220
f 222/242/222 234/255/234 233/254/233 221/241/221
f 223/243/223 235/256/235 234/255/234 222/242/222
f 224/244/224 236/257/236 235/256/235 223/243/223
f 225/245/225 237/258/237 236/257/236 224/244/224
f 226/246/226 238/259/238 237/258/237 225/245/225
f 227/247/227 239/260/239 238/259/238 226/246/226
f 228/236/228 240/249/240 239/260/239 227/247/227
f 229/248/229 241/261/241 252/262/252 240/249/240
f 230/250/230 242/263/242 241/264/241 229/251/229
f 231/252/231 243/265/243 242/263/242 230/250/230
f 232/253/232 244/266/244 243/265/243 231/252/231
f 233/254/233 245/267/245 244/266/244 232/253/232
f 234/255/234 246/268/246 245/267/245 233/254/233
f 235/256/235 247/269/247 246/268/246 234/255/234
f 236/257/236 248/270/248 247/269/247 235/256/235
f 237/258/237 249/271/249 248/270/248 236/257/236
f 238/259/238 250/272/250 249/271/249 237/258/237
f 239/260/239 251/273/251 250/272/250 238/259/238
f 240/249/240 252/262/252 251/273/251 239/260/239
f 241/261/241 253/274/253 264/275/264 252/262/252
f 242/263/242 254/276/254 253/277/253 241/264/241
f 243/265/243 255/278/255 254/276/254 242/263/242
f 244/266/244 256/279/256 255/278/255 243/265/243
f 245/267/245 257/280/257 256/279/256 244/266/244
f 246/268/246 258/281/258 257/280/257 245/267/245
f 247/269/247 259/282/259 258/281/258 246/268/246
f 248/270/248 260/283/260 259/282/259 247/269/247
f 249/271/249 261/284/261 260/283/260 248/270/248
f 250/272/250 262/285/262 261/284/261 249/271/249
f 251/273/251 263/286/263 262/285/262 250/272/250
f 252/262/252 264/275/264 263/286/263 251/273/251
f 253/274/253 265/287/265 276/288/276 264/275/264
f 254/276/254 266/289/266 265/290/265 253/277/253
f 255/278/255 267/291/267 266/289/266 254/276/254
f 256/279/256 268/292/268 267/291/267 255/278/255
f 257/280/257 269/293/269 268/292/268 256/279/256
f 258/281/258 270/294/270 269/293/269 257/280/257
f 259/282/259 271/295/271 270/294/270 258/281/258
f 260/283/260 272/296/272 271/295/271 259/282/259
f 261/284/261 273/297/273 272/296/272 260/283/260
f 262/285/262 274/298/274 273/297/273 261/284/261
f 263/286/263 275/299/275 274/298/274 262/285/262
f 264/275/264 276/288/276 275/299/275 263/286/263
f 265/287/265 277/300/277 288/301/288 276/288/276
f 266/289/266 278/302/278 277/303/277 265/290/265
f 267/291/267 279/304/279 278/302/278 266/289/266
f 268/292/268 280/305/280 279/304/279 267/291/267
f 269/293/269 281/306/281 280/305/280 268/292/268
f 270/294/270 282/307/282 281/306/281 269/293/269
f 271/295/271 283/308/283 282/307/282 270/294/270
f 272/296/272 284/309/284 283/308/283 271/295/271
f 273/297/273 285/310/285 284/309/284 272/296/272
f 274/298/274 286/311/286 285/310/285 273/297/273
f 275/299/275 287/312/287 286/311/286 274/298/274
f 276/288/276 288/301/288 287/312/287 275/299/275
f 1/1/1 12/4/12 300/3/300 289/2/289
f 2/5/2 1/8/1 289/7/289 290/6/290
f 3/9/3 2/5/2 290/6/290 291/10/291
f 4/11/4 3/9/3 291/10/291 292/12/292
f 5/13/5 4/11/4 292/12/292 293/14/293
f 6/15/6 5/13/5 293/14/293 294/16/294
f 7/17/7 6/15/6 294/16/294 295/18/295
f 8/19/8 7/17/7 295/18/295 296/20/296
f 9/21/9 8/19/8 296/20/296 297/22/297
f 10/23/10 9/21/9 297/22/297 298/24/298
f 11/25/11 10/23/10 298/24/298 299/26/299
f 12/4/12 11/25/11 299/26/299 300/3/300
f 289/2/289 300/3/300 312/28/312 301/27/301
f 290/6/290 289/7/289 301/30/301 302/29/302
f 291/10/291 290/6/290 302/29/302 303/31/303
f 292/12/292 291/10/291 303/31/303 304/32/304
f 293/14/293 292/12/292 304/32/304 305/33/305
f 294/16/294 293/14/293 305/33/305 306/34/306
f 295/18/295 294/16/294 306/34/306 307/35/307
f 296/20/296 295/18/295 307/35/307 308/36/308
f 297/22/297 296/20/296 308/36/308 309/37/309
f 298/24/298 297/22/297 309/37/309 310/38/310
f 299/26/299 298/24/298 310/38/310 311/39/311
f 300/3/300 299/26/299 311/39/311 312/28/312
f 301/27/301 312/28/312 324/41/324 313/40/313
f 302/29/302 301/30/301 313/43/313 314/42/314
f 303/31/303 302/29/302 314/42/314 315/44/315
f 304/32/304 303/31/303 315/44/315 316/45/316
f 305/33/305 304/32/304 316/45/316 317/46/317
f 306/34/306 305/33/305 317/46/317 318/47/318
f 307/35/307 306/34/306 318/47/318 319/48/319
f 308/36/308 307/35/307 319/48/319 320/49/320
f 309/37/309 308/36/308 320/49/320 321/50/321
f 310/38/310 309/37/309 321/50/321 322/51/322
f 311/39/311 310/38/310 322/51/322 323/52/323
f 312/28/312 311/39/311 323/52/323 324/41/324
f 313/40/313 324/41/324 336/54/336 325/53/325
f 314/42/314 313/43/313 325/56/325 326/55/326
f 315/44/315 314/42/314 326/55/326 327/57/327
f 316/45/316 315/44/315 327/57/327 328/58/328
f 317/46/317 316/45/316 328/58/328 329/59/329
f 318/47/318 317/46/317 329/59/329 330/60/330
f 319/48/319 318/47/318 330/60/330 331/61/331
f 320/49/320 319/48/319 331/61/331 332/62/332
f 321/50/321 320/49/320 332/62/332 333/63/333
f 322/51/322 321/50/321 333/63/333 334/64/334
f 323/52/323 322/51/322 334/64/334 335/65/335
f 324/41/324 323/52/323 335/65/335 336/54/336
f 325/53/325 336/54/336 348/67/348 337/66/337
f 326/55/326 325/56/325 337/69/337 338/68/338
f 327/57/327 326/55/326 338/68/338 339/70/339
f 328/58/328 327/57/327 339/70/339 340/71/340
f 329/59/329 328/58/328 340/71/340 341/72/341
f 330/60/330 329/59/329 341/72/341 342/73/342
f 331/61/331 330/60/330 342/73/342 343/74/343
f 332/62/332 331/61/331 343/74/343 344/75/344
f 333/63/333 332/62/332 344/75/344 345/76/345
f 334/64/334 333/63/333 345/76/345 346/77/346
f 335/65/335 334/64/334 346/77/346 347/78/347
f 336/54/336 335/65/335 347/78/347 348/67/348
f 337/66/337 348/67/348 360/80/360 349/79/349
f 338/68/338 337/69/337 349/82/349 350/81/350
f 339/70/339 338/68/338 350/81/350 351/83/351
f 340/71/340 339/70/339 351/83/351 352/84/352
f 341/72/341 340/71/340 352/84/352 353/85/353
f 342/73/342 341/72/341 353/85/353 354/86/354
f 343/74/343 342/73/342 354/86/354 355/87/355
f 344/75/344 343/74/343 355/87/355 356/88/356
f 345/76/345 344/75/344 356/88/356 357/89/357
f 346/77/346 345/76/345 357/89/357 358/90/358
f 347/78/347 346/77/346 358/90/358 359/91/359
f 348/67/348 347/78/347 359/91/359 360/80/360
f 349/79/349 360/80/360 372/93/372 361/92/361
f 350/81/350 349/82/349 361/95/361 362/94/362
f 351/83/351 350/81/350 362/94/362 363/96/363
f 352/84/352 351/83/351 363/96/363 364/97/364
f 353/85/353 352/84/352 364/97/364 365/98/365
f 354/86/354 353/85/353 365/98/365 366/99/366
f 355/87/355 354/86/354 366/99/366 367/100/367
f 356/88/356 355/87/355 367/100/367 368/101/368
f 357/89/357 356/88/356 368/101/368 369/102/369
f 358/90/358 357/89/357 369/102/369 370/103/370
f 359/91/359 358/90/358 370/103/370 371/104/371
f 360/80/360 359/91/359 371/104/371 372/93/372
f 361/92/361 372/93/372 384/106/384 373/105/373
f 362/94/362 361/95/361 373/108/373 374/107/374
f 363/96/363 362/94/362 374/107/374 375/109/375
f 364/97/364 363/96/363 375/109/375 376/110/376
f 365/98/365 364/97/364 376/110/376 377/111/377
f 366/99/366 365/98/365 377/111/377 378/112/378
f 367/100/367 366/99/366 378/112/378 379/113/379
f 368/101/368 367/100/367 379/113/379 380/114/380
f 369/102/369 368/101/368 380/114/380 381/115/381
f 370/103/370 369/102/369 381/115/381 382/116/382
f 371/104/371 370/103/370 382/116/382 383/117/383
f 372/93/372 371/104/371 383/117/383 384/106/384
f 373/105/373 384/106/384 396/119/396 385/118/385
f 374/107/374 373/108/373 385/121/385 386/120/386
f 375/109/375 374/107/374 386/120/386 387/122/387
f 376/110/376 375/109/375 387/122/387 388/123/388
f 377/111/377 376/110/376 388/123/388 389/124/389
f 378/112/378 377/111/377 389/124/389 390/125/390
f 379/113/379 378/112/378 390/125/390 391/126/391
f 380/114/380 379/113/379 391/126/391 392/127/392
f 381/115/381 380/114/380 392/127/392 393/128/393
f 382/116/382 381/115/381 393/128/393 394/129/394
f 383/117/383 382/116/382 394/129/394 395/130/395
f 384/106/384 383/117/383 395/130/395 396/119/396
f 385/118/385 396/119/396 408/132/408 397/131/397
f 386/120/386 385/121/385 397/134/397 398/133/398
f 387/122/387 386/120/386 398/133/398 399/135/399
f 388/123/388 387/122/387 399/135/399 400/136/400
f 389/124/389 388/123/388 400/136/400 401/137/401
f 390/125/390 389/124/389 401/137/401 402/138/402
f 391/126/391 390/125/390 402/138/402 403/139/403
f 392/127/392 391/126/391 403/139/403 404/140/404
f 393/128/393 392/127/392 404/140/404 405/141/405
f 394/129/394 393/128/393 405/141/405 406/142/406
f 395/130/395 394/129/394 406/142/406 407/143/407
f 396/119/396 395/130/395 407/143/407 408/132/408
f 397/131/397 408/132/408 420/145/420 409/144/409
f 398/133/398 397/134/397 409/147/409 410/146/410
f 399/135/399 398/133/398 410/146/410 411/148/411
f 400/136/400 399/135/399 411/148/411 412/149/412
f 401/137/401 400/136/400 412/149/412 413/150/413
f 402/138/402 401/137/401 413/150/413 414/151/414
f 403/139/403 402/138/402 414/151/414 415/152/415
f 404/140/404 403/139/403 415/152/415 416/153/416
f 405/141/405 404/140/404 416/153/416 417/154/417
f 406/142/406 405/141/405 417/154/417 418/155/418
f 407/143/407 406/142/406 418/155/418 419/156/419
f 408/132/408 407/143/407 419/156/419 420/145/420
f 409/144/409 420/145/420 432/158/432 421/157/421
f 410/146/410 409/147/409 421/160/421 422/159/422
f 411/148/411 410/146/410 422/159/422 423/161/423
f 412/149/412 411/148/411 423/161/423 424/162/424
f 413/150/413 412/149/412 424/162/424 425/163/425
f 414/151/414 413/150/413 425/163/425 426/164/426
f 415/152/415 414/151/414 426/164/426 427/165/427
f 416/153/416 415/152/415 427/165/427 428/166/428
f 417/154/417 416/153/416 428/166/428 429/167/429
f 418/155/418 417/154/417 429/167/429 430/168/430
f 419/156/419 418/155/418 430/168/430 431/169/431
f 420/145/420 419/156/419 431/169/431 432/158/432
f 421/157/421 432/158/432 444/171/444 433/170/433
f 422/159/422 421/160/421 433/173/433 434/172/434
f 423/161/423 422/159/422 434/172/434 435/174/435
f 424/162/424 423/161/423 435/174/435 436/175/436
f 425/163/425 424/162/424 436/175/436 437/176/437
f 426/164/426 425/163/425 437/176/437 438/177/438
f 427/165/427 426/164/426 438/177/438 439/178/439
f 428/166/428 427/165/427 439/178/439 440/179/440
f 429/167/429 428/166/428 440/179/440 441/180/441
f 430/168/430 429/167/429 441/180/441 442/181/442
f 431/169/431 430/168/430 442/181/442 443/182/443
f 432/158/432 431/169/431 443/182/443 444/171/444
f 433/170/433 444/171/444 456/184/456 445/183/445
f 434/172/434 433/173/433 445/186/445 446/185/446
f 435/174/435 434/172/434 446/185/446 447/187/447
f 436/175/436 435/174/435 447/187/447 448/188/448
f 437/176/437 436/175/436 448/188/448 449/189/449
f 438/177/438 437/176/437 449/189/449 450/190/450
f 439/178/439 438/177/438 450/190/450 451/191/451
f 440/179/440 439/178/439 451/191/451 452/192/452
f 441/180/441 440/179/440 452/192/452 453/193/453
f 442/181/442 441/180/441 453/193/453 454/194/454
f 443/182/443 442/181/442 454/194/454 455/195/455
f 444/171/444 443/182/443 455/195/455 456/184/456
f 445/183/445 456/184/456 468/197/468 457/196/457
f 446/185/446 445/186/445 457/199/457 458/198/458
f 447/187/447 446/185/446 458/198/458 459/200/459
f 448/188/448 447/187/447 459/200/459 460/201/460
f 449/189/449 448/188/448 460/201/460 461/202/461
f 450/190/450 449/189/449 461/202/461 462/203/462
f 451/191/451 450/190/450 462/203/462 463/204/463
f 452/192/452 451/191/451 463/204/463 464/205/464
f 453/193/453 452/192/452 464/205/464 465/206/465
f 454/194/454 453/193/453 465/206/465 466/207/466
f 455/195/455 454/194/454 466/207/466 467/208/467
f 456/184/456 455/195/455 467/208/467 468/197/468
f 457/196/457 468/197/468 480/210/480 469/209/469
f 458/198/458 457/199/457 469/212/469 470/211/470
f 459/200/459 458/198/458 470/211/470 471/213/471
f 460/201/460 459/200/459 471/213/471 472/214/472
f 461/202/461 460/201/460 472/214/472 473/215/473
f 462/203/462 461/202/461 473/215/473 474/216/474
f 463/204/463 462/203/462 474/216/474 475/217/475
f 464/205/464 463/204/463 475/217/475 476/218/476
f 465/206/465 464/205/464 476/218/476 477/219/477
f 466/207/466 465/206/465 477/219/477 478/220/478
f 467/208/467 466/207/466 478/220/478 479/221/479
f 468/197/468 467/208/467 479/221/479 480/210/480
f 469/209/469 480/210/480 492/223/492 481/222/481
f 470/211/470 469/212/469 481/225/481 482/224/482
f 471/213/471 470/211/470 482/224/482 483/226/483
f 472/214/472 471/213/471 483/226/483 484/227/484
f 473/215/473 472/214/472 484/227/484 485/228/485
f 474/216/474 473/215/473 485/228/485 486/229/486
f 475/217/475 474/216/474 486/229/486 487/230/487
f 476/218/476 475/217/475 487/230/487 488/231/488
f 477/219/477 476/218/476 488/231/488 489/232/489
f 478/220/478 477/219/477 489/232/489 490/233/490
f 479/221/479 478/220/478 490/233/490 491/234/491
f 480/210/480 479/221/479 491/234/491 492/223/492
f 481/222/481 492/223/492 504/236/504 493/235/493
f 482/224/482 481/225/481 493/238/493 494/237/494
f 483/226/483 482/224/482 494/237/494 495/239/495
f 484/227/484 483/226/483 495/239/495 496/240/496
f 485/228/485 484/227/484 496/240/496 497/241/497
f 486/229/486 485/228/485 497/241/497 498/242/498
f 487/230/487 486/229/486 498/242/498 499/243/499
f 488/231/488 487/230/487 499/243/499 500/244/500
f 489/232/489 488/231/488 500/244/500 501/245/501
f 490/233/490 489/232/489 501/245/501 502/246/502
f 491/234/491 490/233/490 502/246/502 503/247/503
f 492/223/492 491/234/491 503/247/503 504/236/504
f 493/235/493 504/236/504 516/249/516 505/248/505
f 494/237/494 493/238/493 505/251/505 506/250/506
f 495/239/495 494/237/494 506/250/506 507/252/507
f 496/240/496 495/239/495 507/252/507 508/253/508
f 497/241/497 496/240/496 508/253/508 509/254/509
f 498/242/498 497/241/497 509/254/509 510/255/510
f 499/243/499 498/242/498 510/255/510 511/256/511
f 500/244/500 499/243/499 511/256/511 512/257/512
f 501/245/501 500/244/500 512/257/512 513/258/513
f 502/246/502 501/245/501 513/258/513 514/259/514
f 503/247/503 502/246/502 514/259/514 515/260/515
f 504/236/504 503/247/503 515/260/515 516/249/516
f 505/248/505 516/249/516 528/262/528 517/261/517
f 506/250/506 505/251/505 517/264/517 518/263/518
f 507/252/507 506/250/506 518/263/518 519/265/519
f 508/253/508 507/252/507 519/265/519 520/266/520
f 509/254/509 508/253/508 520/266/520 521/267/521
f 510/255/510 509/254/509 521/267/521 522/268/522
f 511/256/511 510/255/510 522/268/522 523/269/523
f 512/257/512 511/256/511 523/269/523 524/270/524
f 513/258/513 512/257/512 524/270/524 525/271/525
f 514/259/514 513/258/513 525/271/525 526/272/526
f 515/260/515 514/259/514 526/272/526 527/273/527
f 516/249/516 515/260/515 527/273/527 528/262/528
f 517/261/517 528/262/528 540/275/540 529/274/529
f 518/263/518 517/264/517 529/277/529 530/276/530
f 519/265/519 518/263/518 530/276/530 531/278/531
f 520/266/520 519/265/519 531/278/531 532/279/532
f 521/267/521 520/266/520 532/279/532 533/280/533
f 522/268/522 521/267/521 533/280/533 534/281/534
f 523/269/523 522/268/522 534/281/534 535/282/535
f 524/270/524 523/269/523 535/282/535 536/283/536
f 525/271/525 524/270/524 536/283/536 537/284/537
f 526/272/526 525/271/525 537/284/537 538/285/538
f 527/273/527 526/272/526 538/285/538 539/286/539
f 528/262/528 527/273/527 539/286/539 540/275/540
f 529/274/529 540/275/540 552/288/552 541/287/541
f 530/276/530 529/277/529 541/290/541 542/289/542
f 531/278/531 530/276/530 542/289/542 543/291/543
f 532/279/532 531/278/531 543/291/543 544/292/544
f 533/280/533 532/279/532 544/292/544 545/293/545
f 534/281/534 533/280/533 545/293/545 546/294/546
f 535/282/535 534/281/534 546/294/546 547/295/547
f 536/283/536 535/282/535 547/295/547 548/296/548
f 537/284/537 536/283/536 548/296/548 549/297/549
f 538/285/538 537/284/537 549/297/549 550/298/550
f 539/286/539 538/285/538 550/298/550 551/299/551
f 540/275/540 539/286/539 551/299/551 552/288/552
f 541/287/541 552/288/552 564/301/564 553/300/553
f 542/289/542 541/290/541 553/303/553 554/302/554
f 543/291/543 542/289/542 554/302/554 555/304/555
f 544/292/544 543/291/543 555/304/555 556/305/556
f 545/293/545 544/292/544 556/305/556 557/306/557
f 546/294/546 545/293/545 557/306/557 558/307/558
f 547/295/547 546/294/546 558/307/558 559/308/559
f 548/296/548 547/295/547 559/308/559 560/309/560
f 549/297/549 548/296/548 560/309/560 561/310/561
f 550/298/550 549/297/549 561/310/561 562/311/562
f 551/299/551 550/298/550 562/311/562 563/312/563
f 552/288/552 551/299/551 563/312/563 564/301/564
f 565/1/565 577/2/577 588/3/588 576/4/576
f 566/5/566 578/6/578 577/7/577 565/8/565
f 567/9/567 579/10/579 578/6/578 566/5/566
f 568/11/568 580/12/580 579/10/579 567/9/567
f 569/13/569 581/14/581 580/12/580 568/11/568
f 570/15/570 582/16/582 581/14/581 569/13/569
f 571/17/571 583/18/583 582/16/582 570/15/570
f 572/19/572 584/20/584 583/18/583 571/17/571
f 573/21/573 585/22/585 584/20/584 572/19/572
f 574/23/574 586/24/586 585/22/585 573/21/573
f 575/25/575 587/26/587 586/24/586 574/23/574
f 576/4/576 588/3/588 587/26/587 575/25/575
f 577/2/577 589/27/589 600/28/600 588/3/588
f 578/6/578 590/29/590 589/30/589 577/7/577
f 579/10/579 591/31/591 590/29/590 578/6/578
f 580/12/580 592/32/592 591/31/591 579/10/579
f 581/14/581 593/33/593 592/32/592 580/12/580
f 582/16/582 594/34/594 593/33/593 581/14/581
f 583/18/583 595/35/595 594/34/594 582/16/582
f 584/20/584 596/36/596 595/35/595 583/18/583
f 585/22/585 597/37/597 596/36/596 584/20/584
f 586/24/586 598/38/598 597/37/597 585/22/585
f 587/26/587 599/39/599 598/38/598 586/24/586
f 588/3/588 600/28/600 599/39/599 587/26/587
f 589/27/589 601/40/601 612/41/612 600/28/600
f 590/29/590 602/42/602 601/43/601 589/30/589
f 591/31/591 603/44/603 602/42/602 590/29/590
f 592/32/592 604/45/604 603/44/603 591/31/591
f 593/33/593 605/46/605 604/45/604 592/32/592
f 594/34/594 606/47/606 605/46/605 593/33/593
f 595/35/595 607/48/607 606/47/606 594/34/594
f 596/36/596 608/49/608 607/48/607 595/35/595
f 597/37/597 609/50/609 608/49/608 596/36/596
f 598/38/598 610/51/610 609/50/609 597/37/597
f 599/39/599 611/52/611 610/51/610 598/38/598
f 600/28/600 612/41/612 611/52/611 599/39/599
f 601/40/601 613/53/613 624/54/624 612/41/612
f 602/42/602 614/55/614 613/56/613 601/43/601
f 603/44/603 615/57/615 614/55/614 602/42/602
f 604/45/604 616/58/616 615/57/615 603/44/603
f 605/46/605 617/59/617 616/58/616 604/45/604
f 606/47/606 618/60/618 617/59/617 605/46/605
f 607/48/607 619/61/619 618/60/618 606/47/606
f 608/49/608 620/62/620 619/61/619 607/48/607
f 609/50/609 621/63/621 620/62/620 608/49/608
f 610/51/610 622/64/622 621/63/621 609/50/609
f 611/52/611 623/65/623 622/64/622 610/51/610
f 612/41/612 624/54/624 623/65/623 611/52/611
f 613/53/613 625/66/625 636/67/636 624/54/624
f 614/55/614 626/68/626 625/69/625 613/56/613
f 615/57/615 627/70/627 626/68/626 614/55/614
f 616/58/616 628/71/628 627/70/627 615/57/615
f 617/59/617 629/72/629 628/71/628 616/58/616
f 618/60/618 630/73/630 629/72/629 617/59/617
f 619/61/619 631/74/631 630/73/630 618/60/618
f 620/62/620 632/75/632 631/74/631 619/61/619
f 621/63/621 633/76/633 632/75/632 620/62/620
f 622/64/622 634/77/634 633/76/633 621/63/621
f 623/65/623 635/78/635 634/77/634 622/64/622
f 624/54/624 636/67/636 635/78/635 623/65/623
f 625/66/625 637/79/637 648/80/648 636/67/636
f 626/68/626 638/81/638 637/82/637 625/69/625
f 627/70/627 639/83/639 638/81/638 626/68/626
f 628/71/628 640/84/640 639/83/639 627/70/627
f 629/72/629 641/85/641 640/84/640 628/71/628
f 630/73/630 642/86/642 641/85/641 629/72/629
f 631/74/631 643/87/643 642/86/642 630/73/630
f 632/75/632 644/88/644 643/87/643 631/74/631
f 633/76/633 645/89/645 644/88/644 632/75/632
f 634/77/634 646/90/646 645/89/645 633/76/633
f 635/78/635 647/91/647 646/90/646 634/77/634
f 636/67/636 648/80/648 647/91/647 635/78/635
f 637/79/637 649/92/649 660/93/660 648/80/648
f 638/81/638 650/94/650 649/95/649 637/82/637
f 639/83/639 651/96/651 650/94/650 638/81/638
f 640/84/640 652/97/652 651/96/651 639/83/639
f 641/85/641 653/98/653 652/97/652 640/84/640
f 642/86/642 654/99/654 653/98/653 641/85/641
f 643/87/643 655/100/655 654/99/654 642/86/642
f 644/88/644 656/101/656 655/100/655 643/87/643
f 645/89/645 657/102/657 656/101/656 644/88/644
f 646/90/646 658/103/658 657/102/657 645/89/645
f 647/91/647 659/104/659 658/103/658 646/90/646
f 648/80/648 660/93/660 659/104/659 647/91/647
f 649/92/649 661/105/661 672/106/672 660/93/660
f 650/94/650 662/107/662 661/108/661 649/95/649
f 651/96/651 663/109/663 662/107/662 650/94/650
f 652/97/652 664/110/664 663/109/663 651/96/651
f 653/98/653 665/111/665 664/110/664 652/97/652
f 654/99/654 666/112/666 665/111/665 653/98/653
f 655/100/655 667/113/667 666/112/666 654/99/654
f 656/101/656 668/114/668 667/113/667 655/100/655
f 657/102/657 669/115/669 668/114/668 656/101/656
f 658/103/658 670/116/670 669/115/669 657/102/657
f 659/104/659 671/117/671 670/116/670 658/103/658
f 660/93/660 672/106/672 671/117/671 659/104/659
f 661/105/661 673/118/673 684/119/684 672/106/672
f 662/107/662 674/120/674 673/121/673 661/108/661
f 663/109/663 675/122/675 674/120/674 662/107/662
f 664/110/664 676/123/676 675/122/675 663/109/663
f 665/111/665 677/124/677 676/123/676 664/110/664
f 666/112/666 678/125/678 677/124/677 665/111/665
f 667/113/667 679/126/679 678/125/678 666/112/666
f 668/114/668 680/127/680 679/126/679 667/113/667
f 669/115/669 681/128/681 680/127/680 668/114/668
f 670/116/670 682/129/682 681/128/681 669/115/669
f 671/117/671 683/130/683 682/129/682 670/116/670
f 672/106/672 684/119/684 683/130/683 671/117/671
f 673/118/673 685/131/685 696/132/696 684/119/684
f 674/120/674 686/133/686 685/134/685 673/121/673
f 675/122/675 687/135/687 686/133/686 674/120/674
f 676/123/676 688/136/688 687/135/687 675/122/675
f 677/124/677 689/137/689 688/136/688 676/123/676
f 678/125/678 690/138/690 689/137/689 677/124/677
f 679/126/679 691/139/691 690/138/690 678/125/678
f 680/127/680 692/140/692 691/139/691 679/126/679
f 681/128/681 693/141/693 692/140/692 680/127/680
f 682/129/682 694/142/694 693/141/693 681/128/681
f 683/130/683 695/143/695 694/142/694 682/129/682
f 684/119/684 696/132/696 695/143/695 683/130/683
f 685/131/685 697/144/697 708/145/708 696/132/696
f 686/133/686 698/146/698 697/147/697 685/134/685
f 687/135/687 699/148/699 698/146/698 686/133/686
f 688/136/688 700/149/700 699/148/699 687/135/687
f 689/137/689 701/150/701 700/149/700 688/136/688
f 690/138/690 702/151/702 701/150/701 689/137/689
f 691/139/691 703/152/703 702/151/702 690/138/690
f 692/140/692 704/153/704 703/152/703 691/139/691
f 693/141/693 705/154/705 704/153/704 692/140/692
f 694/142/694 706/155/706 705/154/705 693/141/693
f 695/143/695 707/156/707 706/155/706 694/142/694
f 696/132/696 708/145/708 707/156/707 695/143/695
f 697/144/697 709/157/709 720/158/720 708/145/708
f 698/146/698 710/159/710 709/160/709 697/147/697
f 699/148/699 711/161/711 710/159/710 698/146/698
f 700/149/700 712/162/712 711/161/711 699/148/699
f 701/150/701 713/163/713 712/162/712 700/149/700
f 702/151/702 714/164/714 713/163/713 701/150/701
f 703/152/703 715/165/715 714/164/714 702/151/702
f 704/153/704 716/166/716 715/165/715 703/152/703
f 705/154/705 717/167/717 716/166/716 704/153/704
f 706/155/706 718/168/718 717/167/717 705/154/705
f 707/156/707 719/169/719 718/168/718 706/155/706
f 708/145/708 720/158/720 719/169/719 707/156/707
f 709/157/709 721/170/721 732/171/732 720/158/720
f 710/159/710 722/172/722 721/173/721 709/160/709
f 711/161/711 723/174/723 722/172/722 710/159/710
f 712/162/712 724/175/724 723/174/723 711/161/711
f 713/163/713 725/176/725 724/175/724 712/162/712
f 714/164/714 726/177/726 725/176/725 713/163/713
f 715/165/715 727/178/727 726/177/726 714/164/714
f 716/166/716 728/179/728 727/178/727 715/165/715
f 717/167/717 729/180/729 728/179/728 716/166/716
f 718/168/718 730/181/730 729/180/729 717/167/717
f 719/169/719 731/182/731 730/181/730 718/168/718
f 720/158/720 732/171/732 731/182/731 719/169/719
f 721/170/721 733/183/733 744/184/744 732/171/732
f 722/172/722 734/185/734 733/186/733 721/173/721
f 723/174/723 735/187/735 734/185/734 722/172/722
f 724/175/724 736/188/736 735/187/735 723/174/723
f 725/176/725 737/189/737 736/188/736 724/175/724
f 726/177/726 738/190/738 737/189/737 725/176/725
f 727/178/727 739/191/739 738/190/738 726/177/726
f 728/179/728 740/192/740 739/191/739 727/178/727
f 729/180/729 741/193/741 740/192/740 728/179/728
f 730/181/730 742/194/742 741/193/741 729/180/729
f 731/182/731 743/195/743 742/194/742 730/181/730
f 732/171/732 744/184/744 743/195/743 731/182/731
f 733/183/733 745/196/745 756/197/756 744/184/744
f 734/185/734 746/198/746 745/199/745 733/186/733
f 735/187/735 747/200/747 746/198/746 734/185/734
f 736/188/736 748/201/748 747/200/747 735/187/735
f 737/189/737 749/202/749 748/201/748 736/188/736
f 738/190/738 750/203/750 749/202/749 737/189/737
f 739/191/739 751/204/751 750/203/750 738/190/738
f 740/192/740 752/205/752 751/204/751 739/191/739
f 741/193/741 753/206/753 752/205/752 740/192/740
f 742/194/742 754/207/754 753/206/753 741/193/741
f 743/195/743 755/208/755 754/207/754 742/194/742
f 744/184/744 756/197/756 755/208/755 743/195/743
f 745/196/745 757/209/757 768/210/768 756/197/756
f 746/198/746 758/211/758 757/212/757 745/199/745
f 747/200/747 759/213/759 758/211/758 746/198/746
f 748/201/748 760/214/760 759/213/759 747/200/747
f 749/202/749 761/215/761 760/214/760 748/201/748
f 750/203/750 762/216/762 761/215/761 749/202/749
f 751/204/751 763/217/763 762/216/762 750/203/750
f 752/205/752 764/218/764 763/217/763 751/204/751
f 753/206/753 765/219/765 764/218/764 752/205/752
f 754/207/754 766/220/766 765/219/765 753/206/753
f 755/208/755 767/221/767 766/220/766 754/207/754
f 756/197/756 768/210/768 767/221/767 755/208/755
f 757/209/757 769/222/769 780/223/780 768/210/768
f 758/211/758 770/224/770 769/225/769 757/212/757
f 759/213/759 771/226/771 770/224/770 758/211/758
f 760/214/760 772/227/772 771/226/771 759/213/759
f 761/215/761 773/228/773 772/227/772 760/214/760
f 762/216/762 774/229/774 773/228/773 761/215/761
f 763/217/763 775/230/775 774/229/774 762/216/762
f 764/218/764 776/231/776 775/230/775 763/217/763
f 765/219/765 777/232/777 776/231/776 764/218/764
f 766/220/766 778/233/778 777/232/777 765/219/765
f 767/221/767 779/234/779 778/233/778 766/220/766
f 768/210/768 780/223/780 779/234/779 767/221/767
f 769/222/769 781/235/781 792/236/792 780/223/780
f 770/224/770 782/237/782 781/238/781 769/225/769
f 771/226/771 783/239/783 782/237/782 770/224/770
f 772/227/772 784/240/784 783/239/783 771/226/771
f 773/228/773 785/241/785 784/240/784 772/227/772
f 774/229/774 786/242/786 785/241/785 773/228/773
f 775/230/775 787/243/787 786/242/786 774/229/774
f 776/231/776 788/244/788 787/243/787 775/230/775
f 777/232/777 789/245/789 788/244/788 776/231/776
f 778/233/778 790/246/790 789/245/789 777/232/777
f 779/234/779 791/247/791 790/246/790 778/233/778
f 780/223/780 792/236/792 791/247/791 779/234/779
f 781/235/781 793/248/793 804/249/804 792/236/792
f 782/237/782 794/250/794 793/251/793 781/238/781
f 783/239/783 795/252/795 794/250/794 782/237/782
f 784/240/784 796/253/796 795/252/795 783/239/783
f 785/241/785 797/254/797 796/253/796 784/240/784
f 786/242/786 798/255/798 797/254/797 785/241/785
f 787/243/787 799/256/799 798/255/798 786/242/786
f 788/244/788 800/257/800 799/256/799 787/243/787
f 789/245/789 801/258/801 800/257/800 788/244/788
f 790/246/790 802/259/802 801/258/801 789/245/789
f 791/247/791 803/260/803 802/259/802 790/246/790
f 792/236/792 804/249/804 803/260/803 791/247/791
f 793/248/793 805/261/805 816/262/816 804/249/804
f 794/250/794 806/263/806 805/264/805 793/251/793
f 795/252/795 807/265/807 806/263/806 794/250/794
f 796/253/796 808/266/808 807/265/807 795/252/795
f 797/254/797 809/267/809 808/266/808 796/253/796
f 798/255/798 810/268/810 809/267/809 797/254/797
f 799/256/799 811/269/811 810/268/810 798/255/798
f 800/257/800 812/270/812 811/269/811 799/256/799
f 801/258/801 813/271/813 812/270/812 800/257/800
f 802/259/802 814/272/814 813/271/813 801/258/801
f 803/260/803 815/273/815 814/272/814 802/259/802
f 804/249/804 816/262/816 815/273/815 803/260/803
f 805/261/805 817/274/817 828/275/828 816/262/816
f 806/263/806 818/276/818 817/277/817 805/264/805
f 807/265/807 819/278/819 818/276/818 806/263/806
f 808/266/808 820/279/820 819/278/819 807/265/807
f 809/267/809 821/280/821 820/279/820 808/266/808
f 810/268/810 822/281/822 821/280/821 809/267/809
f 811/269/811 823/282/823 822/281/822 810/268/810
f 812/270/812 824/283/824 823/282/823 811/269/811
f 813/271/813 825/284/825 824/283/824 812/270/812
f 814/272/814 826/285/826 825/284/825 813/271/813
f 815/273/815 827/286/827 826/285/826 814/272/814
f 816/262/816 828/275/828 827/286/827 815/273/815
f 817/274/817 829/287/829 840/288/840 828/275/828
f 818/276/818 830/289/830 829/290/829 817/277/817
f 819/278/819 831/291/831 830/289/830 818/276/818
f 820/279/820 832/292/832 831/291/831 819/278/819
f 821/280/821 833/293/833 832/292/832 820/279/820
f 822/281/822 834/294/834 833/293/833 821/280/821
f 823/282/823 835/295/835 834/294/834 822/281/822
f 824/283/824 836/296/836 835/295/835 823/282/823
f 825/284/825 837/297/837 836/296/836 824/283/824
f 826/285/826 838/298/838 837/297/837 825/284/825
f 827/286/827 839/299/839 838/298/838 826/285/826
f 828/275/828 840/288/840 839/299/839 827/286/827
f 829/287/829 841/300/841 852/301/852 840/288/840
f 830/289/830 842/302/842 841/303/841 829/290/829
f 831/291/831 843/304/843 842/302/842 830/289/830
f 832/292/832 844/305/844 843/304/843 831/291/831
f 833/293/833 845/306/845 844/305/844 832/292/832
f 834/294/834 846/307/846 845/306/845 833/293/833
f 835/295/835 847/308/847 846/307/846 834/294/834
f 836/296/836 848/309/848 847/308/847 835/295/835
f 837/297/837 849/310/849 848/309/848 836/296/836
f 838/298/838 850/311/850 849/310/849 837/297/837
f 839/299/839 851/312/851 850/311/850 838/298/838
f 840/288/840 852/301/852 851/312/851 839/299/839
f 565/1/565 576/4/576 864/3/864 853/2/853
f 566/5/566 565/8/565 853/7/853 854/6/854
f 567/9/567 566/5/566 854/6/854 855/10/855
f 568/11/568 567/9/567 855/10/855 856/12/856
f 569/13/569 568/11/568 856/12/856 857/14/857
f 570/15/570 569/13/569 857/14/857 858/16/858
f 571/17/571 570/15/570 858/16/858 859/18/859
f 572/19/572 571/17/571 859/18/859 860/20/860
f 573/21/573 572/19/572 860/20/860 861/22/861
f 574/23/574 573/21/573 861/22/861 862/24/862
f 575/25/575 574/23/574 862/24/862 863/26/863
f 576/4/576 575/25/575 863/26/863 864/3/864
f 853/2/853 864/3/864 876/28/876 865/27/865
f 854/6/854 853/7/853 865/30/865 866/29/866
f 855/10/855 854/6/854 866/29/866 867/31/867
f 856/12/856 855/10/855 867/31/867 868/32/868
f 857/14/857 856/12/856 868/32/868 869/33/869
f 858/16/858 857/14/857 869/33/869 870/34/870
f 859/18/859 858/16/858 870/34/870 871/35/871
f 860/20/860 859/18/859 871/35/871 872/36/872
f 861/22/861 860/20/860 872/36/872 873/37/873
f 862/24/862 861/22/861 873/37/873 874/38/874
f 863/26/863 862/24/862 874/38/874 875/39/875
f 864/3/864 863/26/863 875/39/875 876/28/876
f 865/27/865 876/28/876 888/41/888 877/40/877
f 866/29/866 865/30/865 877/43/877 878/42/878
f 867/31/867 866/29/866 878/42/878 879/44/879
f 868/32/868 867/31/867 879/44/879 880/45/880
f 869/33/869 868/32/868 880/45/880 881/46/881
f 870/34/870 869/33/869 881/46/881 882/47/882
f 871/35/871 870/34/870 882/47/882 883/48/883
f 872/36/872 871/35/871 883/48/883 884/49/884
f 873/37/873 872/36/872 884/49/884 885/50/885
f 874/38/874 873/37/873 885/50/885 886/51/886
f 875/39/875 874/38/874 886/51/886 887/52/887
f 876/28/876 875/39/875 887/52/887 888/41/888
f 877/40/877 888/41/888 900/54/900 889/53/889
f 878/42/878 877/43/877 889/56/889 890/55/890
f 879/44/879 878/42/878 890/55/890 891/57/891
f 880/45/880 879/44/879 891/57/891 892/58/892
f 881/46/881 880/45/880 892/58/892 893/59/893
f 882/47/882 881/46/881 893/59/893 894/60/894
f 883/48/883 882/47/882 894/60/894 895/61/895
f 884/49/884 883/48/883 895/61/895 896/62/896
f 885/50/885 884/49/884 896/62/896 897/63/897
f 886/51/886 885/50/885 897/63/897 898/64/898
f 887/52/887 886/51/886 898/64/898 899/65/899
f 888/41/888 887/52/887 899/65/899 900/54/900
f 889/53/889 900/54/900 912/67/912 901/66/901
f 890/55/890 889/56/889 901/69/901 902/68/902
f 891/57/891 890/55/890 902/68/902 903/70/903
f 892/58/892 891/57/891 903/70/903 904/71/904
f 893/59/893 892/58/892 904/71/904 905/72/905
f 894/60/894 893/59/893 905/72/905 906/73/906
f 895/61/895 894/60/894 906/73/906 907/74/907
f 896/62/896 895/61/895 907/74/907 908/75/908
f 897/63/897 896/62/896 908/75/908 909/76/909
f 898/64/898 897/63/897 909/76/909 910/77/910
f 899/65/899 898/64/898 910/77/910 911/78/911
f 900/54/900 899/65/899 911/78/911 912/67/912
f 901/66/901 912/67/912 924/80/924 913/79/913
f 902/68/902 901/69/901 913/82/913 914/81/914
f 903/70/903 902/68/902 914/81/914 915/83/915
f 904/71/904 903/70/903 915/83/915 916/84/916
f 905/72/905 904/71/904 916/84/916 917/85/917
f 906/73/906 905/72/905 917/85/917 918/86/918
f 907/74/907 906/73/906 918/86/918 919/87/919
f 908/75/908 907/74/907 919/87/919 920/88/920
f 909/76/909 908/75/908 920/88/920 921/89/921
f 910/77/910 909/76/909 921/89/921 922/90/922
f 911/78/911 910/77/910 922/90/922 923/91/923
f 912/67/912 911/78/911 923/91/923 924/80/924
f 913/79/913 924/80/924 936/93/936 925/92/925
f 914/81/914 913/82/913 925/95/925 926/94/926
f 915/83/915 914/81/914 926/94/926 927/96/927
f 916/84/916 915/83/915 927/96/927 928/97/928
f 917/85/917 916/84/916 928/97/928 929/98/929
f 918/86/918 917/85/917 929/98/929 930/99/930
f 919/87/919 918/86/918 930/99/930 931/100/931
f 920/88/920 919/87/919 931/100/931 932/101/932
f 921/89/921 920/88/920 932/101/932 933/102/933
f 922/90/922 921/89/921 933/102/933 934/103/934
f 923/91/923 922/90/922 934/103/934 935/104/935
f 924/80/924 923/91/923 935/104/935 936/93/936
f 925/92/925 936/93/936 948/106/948 937/105/937
f 926/94/926 925/95/925 937/108/937 938/107/938
f 927/96/927 926/94/926 938/107/938 939/109/939
f 928/97/928 927/96/927 939/109/939 940/110/940
f 929/98/929 928/97/928 940/110/940 941/111/941
f 930/99/930 929/98/929 941/111/941 942/112/942
f 931/100/931 930/99/930 942/112/942 943/113/943
f 932/101/932 931/100/931 943/113/943 944/114/944
f 933/102/933 932/101/932 944/114/944 945/115/945
f 934/103/934 933/102/933 945/115/945 946/116/946
f 935/104/935 934/103/934 946/116/946 947/117/947
f 936/93/936 935/104/935 947/117/947 948/106/948
f 937/105/937 948/106/948 960/119/960 949/118/949
f 938/107/938 937/108/937 949/121/949 950/120/950
f 939/109/939 938/107/938 950/120/950 951/122/951
f 940/110/940 939/109/939 951/122/951 952/123/952
f 941/111/941 940/110/940 952/123/952 953/124/953
f 942/112/942 941/111/941 953/124/953 954/125/954
f 943/113/943 942/112/942 954/125/954 955/126/955
f 944/114/944 943/113/943 955/126/955 956/127/956
f 945/115/945 944/114/944 956/127/956 957/128/957
f 946/116/946 945/115/945 957/128/957 958/129/958
f 947/117/947 946/116/946 958/129/958 959/130/959
f 948/106/948 947/117/947 959/130/959 960/119/960
f 949/118/949 960/119/960 972/132/972 961/131/961
f 950/120/950 949/121/949 961/134/961 962/133/962
f 951/122/951 950/120/950 962/133/962 963/135/963
f 952/123/952 951/122/951 963/135/963 964/136/964
f 953/124/953 952/123/952 964/136/964 965/137/965
f 954/125/954 953/124/953 965/137/965 966/138/966
f 955/126/955 954/125/954 966/138/966 967/139/967
f 956/127/956 955/126/955 967/139/967 968/140/968
f 957/128/957 956/127/956 968/140/968 969/141/969
f 958/129/958 957/128/957 969/141/969 970/142/970
f 959/130/959 958/129/958 970/142/970 971/143/971
f 960/119/960 959/130/959 971/143/971 972/132/972
f 961/131/961 972/132/972 984/145/984 973/144/973
f 962/133/962 961/134/961 973/147/973 974/146/974
f 963/135/963 962/133/962 974/146/974 975/148/975
f 964/136/964 963/135/963 975/148/975 976/149/976
f 965/137/965 964/136/964 976/149/976 977/150/977
f 966/138/966 965/137/965 977/150/977 978/151/978
f 967/139/967 966/138/966 978/151/978 979/152/979
f 968/140/968 967/139/967 979/152/979 980/153/980
f 969/141/969 968/140/968 980/153/980 981/154/981
f 970/142/970 969/141/969 981/154/981 982/155/982
f 971/143/971 970/142/970 982/155/982 983/156/983
f 972/132/972 971/143/971 983/156/983 984/145/984
f 973/144/973 984/145/984 996/158/996 985/157/985
f 974/146/974 973/147/973 985/160/985 986/159/986
f 975/148/975 974/146/974 986/159/986 987/161/987
f 976/149/976 975/148/975 987/161/987 988/162/988
f 977/150/977 976/149/976 988/162/988 989/163/989
f 978/151/978 977/150/977 989/163/989 990/164/990
f 979/152/979 978/151/978 990/164/990 991/165/991
f 980/153/980 979/152/979 991/165/991 992/166/992
f 981/154/981 980/153/980 992/166/992 993/167/993
f 982/155/982 981/154/981 993/167/993 994/168/994
f 983/156/983 982/155/982 994/168/994 995/169/995
f 984/145/984 983/156/983 995/169/995 996/158/996
f 985/157/985 996/158/996 1008/171/1008 997/170/997
f 986/159/986 985/160/985 997/173/997 998/172/998
f 987/161/987 986/159/986 998/172/998 999/174/999
f 988/162/988 987/161/987 999/174/999 1000/175/1000
f 989/163/989 988/162/988 1000/175/1000 1001/176/1001
f 990/164/990 989/163/989 1001/176/1001 1002/177/1002
f 991/165/991 990/164/990 1002/177/1002 1003/178/1003
f 992/166/992 991/165/991 1003/178/1003 1004/179/1004
f 993/167/993 992/166/992 1004/179/1004 1005/180/1005
f 994/168/994 993/167/993 1005/180/1005 1006/181/1006
f 995/169/995 994/168/994 1006/181/1006 1007/182/1007
f 996/158/996 995/169/995 1007/182/1007 1008/171/1008
f 997/170/997 1008/171/1008 1020/184/1020 1009/183/1009
f 998/172/998 997/173/997 1009/186/1009 1010/185/1010
f 999/174/999 998/172/998 1010/185/1010 1011/187/1011
f 1000/175/1000 999/174/999 1011/187/1011 1012/188/1012
f 1001/176/1001 1000/175/1000 1012/188/1012 1013/189/1013
f 1002/177/1002 1001/176/1001 1013/189/1013 1014/190/1014
f 1003/178/1003 1002/177/1002 1014/190/1014 1015/191/1015
f 1004/179/1004 1003/178/1003 1015/191/1015 1016/192/1016
f 1005/180/1005 1004/179/1004 1016/192/1016 1017/193/1017
f 1006/181/1006 1005/180/1005 1017/193/1017 1018/194/1018
f 1007/182/1007 1006/181/1006 1018/194/1018 1019/195/1019
f 1008/171/1008 1007/182/1007 1019/195/1019 1020/184/1020
f 1009/183/1009 1020/184/1020 1032/197/1032 1021/196/1021
f 1010/185/1010 1009/186/1009 1021/199/1021 1022/198/1022
f 1011/187/1011 1010/185/1010 1022/198/1022 1023/200/1023
f 1012/188/1012 1011/187/1011 1023/200/1023 1024/201/1024
f 1013/189/1013 1012/188/1012 1024/201/1024 1025/202/1025
f 1014/190/1014 1013/189/1013 1025/202/1025 1026/203/1026
f 1015/191/1015 1014/190/1014 1026/203/1026 1027/204/1027
f 1016/192/1016 1015/191/1015 1027/204/1027 1028/205/1028
f 1017/193/1017 1016/192/1016 1028/205/1028 1029/206/1029
f 1018/194/1018 1017/193/1017 1029/206/1029 1030/207/1030
f 1019/195/1019 1018/194/1018 1030/207/1030 1031/208/1031
f 1020/184/1020 1019/195/1019 1031/208/1031 1032/197/1032
f 1021/196/1021 1032/197/1032 1044/210/1044 1033/209/1033
f 1022/198/1022 1021/199/1021 1033/212/1033 1034/211/1034
f 1023/200/1023 1022/198/1022 1034/211/1034 1035/213/1035
f 1024/201/1024 1023/200/1023 1035/213/1035 1036/214/1036
f 1025/202/1025 1024/201/1024 1036/214/1036 1037/215/1037
f 1026/203/1026 1025/202/1025 1037/215/1037 1038/216/1038
f 1027/204/1027 1026/203/1026 1038/216/1038 1039/217/1039
f 1028/205/1028 1027/204/1027 1039/217/1039 1040/218/1040
f 1029/206/1029 1028/205/1028 1040/218/1040 1041/219/1041
f 1030/207/1030 1029/206/1029 1041/219/1041 1042/220/1042
f 1031/208/1031 1030/207/1030 1042/220/1042 1043/221/1043
f 1032/197/1032 1031/208/1031 1043/221/1043 1044/210/1044
f 1033/209/1033 1044/210/1044 1056/223/1056 1045/222/1045
f 1034/211/1034 1033/212/1033 1045/225/1045 1046/224/1046
f 1035/213/1035 1034/211/1034 1046/224/1046 1047/226/1047
f 1036/214/1036 1035/213/1035 1047/226/1047 1048/227/1048
f 1037/215/1037 1036/214/1036 1048/227/1048 1049/228/1049
f 1038/216/1038 1037/215/1037 1049/228/1049 1050/229/1050
f 1039/217/1039 1038/216/1038 1050/229/1050 1051/230/1051
f 1040/218/1040 1039/217/1039 1051/230/1051 1052/231/1052
f 1041/219/1041 1040/218/1040 1052/231/1052 1053/232/1053
f 1042/220/1042 1041/219/1041 1053/232/1053 1054/233/1054
f 1043/221/1043 1042/220/1042 1054/233/1054 1055/234/1055
f 1044/210/1044 1043/221/1043 1055/234/1055 1056/223/1056
f 1045/222/1045 1056/223/1056 1068/236/1068 1057/235/1057
f 1046/224/1046 1045/225/1045 1057/238/1057 1058/237/1058
f 1047/226/1047 1046/224/1046 1058/237/1058 1059/239/1059
f 1048/227/1048 1047/226/1047 1059/239/1059 1060/240/1060
f 1049/228/1049 1048/227/1048 1060/240/1060 1061/241/1061
f 1050/229/1050 1049/228/1049 1061/241/1061 1062/242/1062
f 1051/230/1051 1050/229/1050 1062/242/1062 1063/243/1063
f 1052/231/1052 1051/230/1051 1063/243/1063 1064/244/1064
f 1053/232/1053 1052/231/1052 1064/244/1064 1065/245/1065
f 1054/233/1054 1053/232/1053 1065/245/1065 1066/246/1066
f 1055/234/1055 1054/233/1054 1066/246/1066 1067/247/1067
f 1056/223/1056 1055/234/1055 1067/247/1067 1068/236/1068
f 1057/235/1057 1068/236/1068 1080/249/1080 1069/248/1069
f 1058/237/1058 1057/238/1057 1069/251/1069 1070/250/1070
f 1059/239/1059 1058/237/1058 1070/250/1070 1071/252/1071
f 1060/240/1060 1059/239/1059 1071/252/1071 1072/253/1072
f 1061/241/1061 1060/240/1060 1072/253/1072 1073/254/1073
f 1062/242/1062 1061/241/1061 1073/254/1073 1074/255/1074
f 1063/243/1063 1062/242/1062 1074/255/1074 1075/256/1075
f 1064/244/1064 1063/243/1063 1075/256/1075 1076/257/1076
f 1065/245/1065 1064/244/1064 1076/257/1076 1077/258/1077
f 1066/246/1066 1065/245/1065 1077/258/1077 1078/259/1078
f 1067/247/1067 1066/246/1066 1078/259/1078 1079/260/1079
f 1068/236/1068 1067/247/1067 1079/260/1079 1080/249/1080
f 1069/248/1069 1080/249/1080 1092/262/1092 1081/261/1081
f 1070/250/1070 1069/251/1069 1081/264/1081 1082/263/1082
f 1071/252/1071 1070/250/1070 1082/263/1082 1083/265/1083
f 1072/253/1072 1071/252/1071 1083/265/1083 1084/266/1084
f 1073/254/1073 1072/253/1072 1084/266/1084 1085/267/1085
f 1074/255/1074 1073/254/1073 1085/267/1085 1086/268/1086
f 1075/256/1075 1074/255/1074 1086/268/1086 1087/269/1087
f 1076/257/1076 1075/256/1075 1087/269/1087 1088/270/1088
f 1077/258/1077 1076/257/1076 1088/270/1088 1089/271/1089
f 1078/259/1078 1077/258/1077 1089/271/1089 1090/272/1090
f 1079/260/1079 1078/259/1078 1090/272/1090 1091/273/1091
f 1080/249/1080 1079/260/1079 1091/273/1091 1092/262/1092
f 1081/261/1081 1092/262/1092 1104/275/1104 1093/274/1093
f 1082/263/1082 1081/264/1081 1093/277/1093 1094/276/1094
f 1083/265/1083 1082/263/1082 1094/276/1094 1095/278/1095
f 1084/266/1084 1083/265/1083 1095/278/1095 1096/279/1096
f 1085/267/1085 1084/266/1084 1096/279/1096 1097/280/1097
f 1086/268/1086 1085/267/1085 1097/280/1097 1098/281/1098
f 1087/269/1087 1086/268/1086 1098/281/1098 1099/282/1099
f 1088/270/1088 1087/269/1087 1099/282/1099 1100/283/1100
f 1089/271/1089 1088/270/1088 1100/283/1100 1101/284/1101
f 1090/272/1090 1089/271/1089 1101/284/1101 1102/285/1102
f 1091/273/1091 1090/272/1090 1102/285/1102 1103/286/1103
f 1092/262/1092 1091/273/1091 1103/286/1103 1104/275/1104
f 1093/274/1093 1104/275/1104 1116/288/1116 1105/287/1105
f 1094/276/1094 1093/277/1093 1105/290/1105 1106/289/1106
f 1095/278/1095 1094/276/1094 1106/289/1106 1107/291/1107
f 1096/279/1096 1095/278/1095 1107/291/1107 1108/292/1108
f 1097/280/1097 1096/279/1096 1108/292/1108 1109/293/1109
f 1098/281/1098 1097/280/1097 1109/293/1109 1110/294/1110
f 1099/282/1099 1098/281/1098 1110/294/1110 1111/295/1111
f 1100/283/1100 1099/282/1099 1111/295/1111 1112/296/1112
f 1101/284/1101 1100/283/1100 1112/296/1112 1113/297/1113
f 1102/285/1102 1101/284/1101 1113/297/1113 1114/298/1114
f 1103/286/1103 1102/285/1102 1114/298/1114 1115/299/1115
f 1104/275/1104 1103/286/1103 1115/299/1115 1116/288/1116
f 1105/287/1105 1116/288/1116 1128/301/1128 1117/300/1117
f 1106/289/1106 1105/290/1105 1117/303/1117 1118/302/1118
f 1107/291/1107 1106/289/1106 1118/302/1118 1119/304/1119
f 1108/292/1108 1107/291/1107 1119/304/1119 1120/305/1120
f 1109/293/1109 1108/292/1108 1120/305/1120 1121/306/1121
f 1110/294/1110 1109/293/1109 1121/306/1121 1122/307/1122
f 1111/295/1111 1110/294/1110 1122/307/1122 1123/308/1123
f 1112/296/1112 1111/295/1111 1123/308/1123 1124/309/1124
f 1113/297/1113 1112/296/1112 1124/309/1124 1125/310/1125
f 1114/298/1114 1113/297/1113 1125/310/1125 1126/311/1126
f 1115/299/1115 1114/298/1114 1126/311/1126 1127/312/1127
f 1116/288/1116 1115/299/1115 1127/312/1127 1128/301/1128
f 1129/1/1129 1141/2/1141 1152/3/1152 1140/4/1140
f 1130/5/1130 1142/6/1142 1141/7/1141 1129/8/1129
f 1131/9/1131 1143/10/1143 1142/6/1142 1130/5/1130
f 1132/11/1132 1144/12/1144 1143/10/1143 1131/9/1131
f 1133/13/1133 1145/14/1145 1144/12/1144 1132/11/1132
f 1134/15/1134 1146/16/1146 1145/14/1145 1133/13/1133
f 1135/17/1135 1147/18/1147 1146/16/1146 1134/15/1134
f 1136/19/1136 1148/20/1148 1147/18/1147 1135/17/1135
f 1137/21/1137 1149/22/1149 1148/20/1148 1136/19/1136
f 1138/23/1138 1150/24/1150 1149/22/1149 1137/21/1137
f 1139/25/1139 1151/26/1151 1150/24/1150 1138/23/1138
f 1140/4/1140 1152/3/1152 1151/26/1151 1139/25/1139
f 1141/2/1141 1153/27/1153 1164/28/1164 1152/3/1152
f 1142/6/1142 1154/29/1154 1153/30/1153 1141/7/1141
f 1143/10/1143 1155/31/1155 1154/29/1154 1142/6/1142
f 1144/12/1144 1156/32/1156 1155/31/1155 1143/10/1143
f 1145/14/1145 1157/33/1157 1156/32/1156 1144/12/1144
f 1146/16/1146 1158/34/1158 1157/33/1157 1145/14/1145
f 1147/18/1147 1159/35/1159 1158/34/1158 1146/16/1146
f 1148/20/1148 1160/36/1160 1159/35/1159 1147/18/1147
f 1149/22/1149 1161/37/1161 1160/36/1160 1148/20/1148
f 1150/24/1150 1162/38/1162 1161/37/1161 1149/22/1149
f 1151/26/1151 1163/39/1163 1162/38/1162 1150/24/1150
f 1152/3/1152 1164/28/1164 1163/39/1163 1151/26/1151
f 1153/27/1153 1165/40/1165 1176/41/1176 1164/28/1164
f 1154/29/1154 1166/42/1166 1165/43/1165 1153/30/1153
f 1155/31/1155 1167/44/1167 1166/42/1166 1154/29/1154
f 1156/32/1156 1168/45/1168 1167/44/1167 1155/31/1155
f 1157/33/1157 1169/46/1169 1168/45/1168 1156/32/1156
f 1158/34/1158 1170/47/1170 1169/46/1169 1157/33/1157
f 1159/35/1159 1171/48/1171 1170/47/1170 1158/34/1158
f 1160/36/1160 1172/49/1172 1171/48/1171 1159/35/1159
f 1161/37/1161 1173/50/1173 1172/49/1172 1160/36/1160
f 1162/38/1162 1174/51/1174 1173/50/1173 1161/37/1161
f 1163/39/1163 1175/52/1175 1174/51/1174 1162/38/1162
f 1164/28/1164 1176/41/1176 1175/52/1175 1163/39/1163
f 1165/40/1165 1177/53/1177 1188/54/1188 1176/41/1176
f 1166/42/1166 1178/55/1178 1177/56/1177 1165/43/1165
f 1167/44/1167 1179/57/1179 1178/55/1178 1166/42/1166
f 1168/45/1168 1180/58/1180 1179/57/1179 1167/44/1167
f 1169/46/1169 1181/59/1181 1180/58/1180 1168/45/1168
f 1170/47/1170 1182/60/1182 1181/59/1181 1169/46/1169
f 1171/48/1171 1183/61/1183 1182/60/1182 1170/47/1170
f 1172/49/1172 1184/62/1184 1183/61/1183 1171/48/1171
f 1173/50/1173 1185/63/1185 1184/62/1184 1172/49/1172
f 1174/51/1174 1186/64/1186 1185/63/1185 1173/50/1173
f 1175/52/1175 1187/65/1187 1186/64/1186 1174/51/1174
f 1176/41/1176 1188/54/1188 1187/65/1187 1175/52/1175
f 1177/53/1177 1189/66/1189 1200/67/1200 1188/54/1188
f 1178/55/1178 1190/68/1190 1189/69/1189 1177/56/1177
f 1179/57/1179 1191/70/1191 1190/68/1190 1178/55/1178
f 1180/58/1180 1192/71/1192 1191/70/1191 1179/57/1179
f 1181/59/1181 1193/72/1193 1192/71/1192 1180/58/1180
f 1182/60/1182 1194/73/1194 1193/72/1193 1181/59/1181
f 1183/61/1183 1195/74/1195 1194/73/1194 1182/60/1182
f 1184/62/1184 1196/75/1196 1195/74/1195 1183/61/1183
f 1185/63/1185 1197/76/1197 1196/75/1196 1184/62/1184
f 1186/64/1186 1198/77/1198 1197/76/1197 1185/63/1185
f 1187/65/1187 1199/78/1199 1198/77/1198 1186/64/1186
f 1188/54/1188 1200/67/1200 1199/78/1199 1187/65/1187
f 1189/66/1189 1201/79/1201 1212/80/1212 1200/67/1200
f 1190/68/1190 1202/81/1202 1201/82/1201 1189/69/1189
f 1191/70/1191 1203/83/1203 1202/81/1202 1190/68/1190
f 1192/71/1192 1204/84/1204 1203/83/1203 1191/70/1191
f 1193/72/1193 1205/85/1205 1204/84/1204 1192/71/1192
f 1194/73/1194 1206/86/1206 1205/85/1205 1193/72/1193
f 1195/74/1195 1207/87/1207 1206/86/1206 1194/73/1194
f 1196/75/1196 1208/88/1208 1207/87/1207 1195/74/1195
f 1197/76/1197 1209/89/1209 1208/88/1208 1196/75/1196
f 1198/77/1198 1210/90/1210 1209/89/1209 1197/76/1197
f 1199/78/1199 1211/91/1211 1210/90/1210 1198/77/1198
f 1200/67/1200 1212/80/1212 1211/91/1211 1199/78/1199
f 1201/79/1201 1213/92/1213 1224/93/1224 1212/80/1212
f 1202/81/1202 1214/94/1214 1213/95/1213 1201/82/1201
f 1203/83/1203 1215/96/1215 1214/94/1214 1202/81/1202
f 1204/84/1204 1216/97/1216 1215/96/1215 1203/83/1203
f 1205/85/1205 1217/98/1217 1216/97/1216 1204/84/1204
f 1206/86/1206 1218/99/1218 1217/98/1217 1205/85/1205
f 1207/87/1207 1219/100/1219 1218/99/1218 1206/86/1206
f 1208/88/1208 1220/101/1220 1219/100/1219 1207/87/1207
f 1209/89/1209 1221/102/1221 1220/101/1220 1208/88/1208
f 1210/90/1210 1222/103/1222 1221/102/1221 1209/89/1209
f 1211/91/1211 1223/104/1223 1222/103/1222 1210/90/1210
f 1212/80/1212 1224/93/1224 1223/104/1223 1211/91/1211
f 1213/92/1213 1225/105/1225 1236/106/1236 1224/93/1224
f 1214/94/1214 1226/107/1226 1225/108/1225 1213/95/1213
f 1215/96/1215 1227/109/1227 1226/107/1226 1214/94/1214
f 1216/97/1216 1228/110/1228 1227/109/1227 1215/96/1215
f 1217/98/1217 1229/111/1229 1228/110/1228 1216/97/1216
f 1218/99/1218 1230/112/1230 1229/111/1229 1217/98/1217
f 1219/100/1219 1231/113/1231 1230/112/1230 1218/99/1218
f 1220/101/1220 1232/114/1232 1231/113/1231 1219/100/1219
f 1221/102/1221 1233/115/1233 1232/114/1232 1220/101/1220
f 1222/103/1222 1234/116/1234 1233/115/1233 1221/102/1221
f 1223/104/1223 1235/117/1235 1234/116/1234 1222/103/1222
f 1224/93/1224 1236/106/1236 1235/117/1235 1223/104/1223
f 1225/105/1225 1237/118/1237 1248/119/1248 1236/106/1236
f 1226/107/1226 1238/120/1238 1237/121/1237 1225/108/1225
f 1227/109/1227 1239/122/1239 1238/120/1238 1226/107/1226
f 1228/110/1228 1240/123/1240 1239/122/1239 1227/109/1227
f 1229/111/1229 1241/124/1241 1240/123/1240 1228/110/1228
f 1230/112/1230 1242/125/1242 1241/124/1241 1229/111/1229
f 1231/113/1231 1243/126/1243 1242/125/1242 1230/112/1230
f 1232/114/1232 1244/127/1244 1243/126/1243 1231/113/1231
f 1233/115/1233 1245/128/1245 1244/127/1244 1232/114/1232
f 1234/116/1234 1246/129/1246 1245/128/1245 1233/115/1233
f 1235/117/1235 1247/130/1247 1246/129/1246 1234/116/1234
f 1236/106/1236 1248/119/1248 1247/130/1247 1235/117/1235
f 1237/118/1237 1249/131/1249 1260/132/1260 1248/119/1248
f 1238/120/1238 1250/133/1250 1249/134/1249 1237/121/1237
f 1239/122/1239 1251/135/1251 1250/133/1250 1238/120/1238
f 1240/123/1240 1252/136/1252 1251/135/1251 1239/122/1239
f 1241/124/1241 1253/137/1253 1252/136/1252 1240/123/1240
f 1242/125/1242 1254/138/1254 1253/137/1253 1241/124/1241
f 1243/126/1243 1255/139/1255 1254/138/1254 1242/125/1242
f 1244/127/1244 1256/140/1256 1255/139/1255 1243/126/1243
f 1245/128/1245 1257/141/1257 1256/140/1256 1244/127/1244
f 1246/129/1246 1258/142/1258 1257/141/1257 1245/128/1245
f 1247/130/1247 1259/143/1259 1258/142/1258 1246/129/1246
f 1248/119/1248 1260/132/1260 1259/143/1259 1247/130/1247
f 1249/131/1249 1261/144/1261 1272/145/1272 1260/132/1260
f 1250/133/1250 1262/146/1262 1261/147/1261 1249/134/1249
f 1251/135/1251 1263/148/1263 1262/146/1262 1250/133/1250
f 1252/136/1252 1264/149/1264 1263/148/1263 1251/135/1251
f 1253/137/1253 1265/150/1265 1264/149/1264 1252/136/1252
f 1254/138/1254 1266/151/1266 1265/150/1265 1253/137/1253
f 1255/139/1255 1267/152/1267 1266/151/1266 1254/138/1254
f 1256/140/1256 1268/153/1268 1267/152/1267 1255/139/1255
f 1257/141/1257 1269/154/1269 1268/153/1268 1256/140/1256
f 1258/142/1258 1270/155/1270 1269/154/1269 1257/141/1257
f 1259/143/1259 1271/156/1271 1270/155/1270 1258/142/1258
f 1260/132/1260 1272/145/1272 1271/156/1271 1259/143/1259
f 1261/144/1261 1273/157/1273 1284/158/1284 1272/145/1272
f 1262/146/1262 1274/159/1274 1273/160/1273 1261/147/1261
f 1263/148/1263 1275/161/1275 1274/159/1274 1262/146/1262
f 1264/149/1264 1276/162/1276 1275/161/1275 1263/148/1263
f 1265/150/1265 1277/163/1277 1276/162/1276 1264/149/1264
f 1266/151/1266 1278/164/1278 1277/163/1277 1265/150/1265
f 1267/152/1267 1279/165/1279 1278/164/1278 1266/151/1266
f 1268/153/1268 1280/166/1280 1279/165/1279 1267/152/1267
f 1269/154/1269 1281/167/1281 1280/166/1280 1268/153/1268
f 1270/155/1270 1282/168/1282 1281/167/1281 1269/154/1269
f 1271/156/1271 1283/169/1283 1282/168/1282 1270/155/1270
f 1272/145/1272 1284/158/1284 1283/169/1283 1271/156/1271
f 1273/157/1273 1285/170/1285 1296/171/1296 1284/158/1284
f 1274/159/1274 1286/172/1286 1285/173/1285 1273/160/1273
f 1275/161/1275 1287/174/1287 1286/172/1286 1274/159/1274
f 1276/162/1276 1288/175/1288 1287/174/1287 1275/161/1275
f 1277/163/1277 1289/176/1289 1288/175/1288 1276/162/1276
f 1278/164/1278 1290/177/1290 1289/176/1289 1277/163/1277
f 1279/165/1279 1291/178/1291 1290/177/1290 1278/164/1278
f 1280/166/1280 1292/179/1292 1291/178/1291 1279/165/1279
f 1281/167/1281 1293/180/1293 1292/179/1292 1280/166/1280
f 1282/168/1282 1294/181/1294 1293/180/1293 1281/167/1281
f 1283/169/1283 1295/182/1295 1294/181/1294 1282/168/1282
f 1284/158/1284 1296/171/1296 1295/182/1295 1283/169/1283
f 1285/170/1285 1297/183/1297 1308/184/1308 1296/171/1296
f 1286/172/1286 1298/185/1298 1297/186/1297 1285/173/1285
f 1287/174/1287 1299/187/1299 1298/185/1298 1286/172/1286
f 1288/175/1288 1300/188/1300 1299/187/1299 1287/174/1287
f 1289/176/1289 1301/189/1301 1300/188/1300 1288/175/1288
f 1290/177/1290 1302/190/1302 1301/189/1301 1289/176/1289
f 1291/178/1291 1303/191/1303 1302/190/1302 1290/177/1290
f 1292/179/1292 1304/192/1304 1303/191/1303 1291/178/1291
f 1293/180/1293 1305/193/1305 1304/192/1304 1292/179/1292
f 1294/181/1294 1306/194/1306 1305/193/1305 1293/180/1293
f 1295/182/1295 1307/195/1307 1306/194/1306 1294/181/1294
f 1296/171/1296 1308/184/1308 1307/195/1307 1295/182/1295
f 1297/183/1297 1309/196/1309 1320/197/1320 1308/184/1308
f 1298/185/1298 1310/198/1310 1309/199/1309 1297/186/1297
f 1299/187/1299 1311/200/1311 1310/198/1310 1298/185/1298
f 1300/188/1300 1312/201/1312 1311/200/1311 1299/187/1299
f 1301/189/1301 1313/202/1313 1312/201/1312 1300/188/1300
f 1302/190/1302 1314/203/1314 1313/202/1313 1301/189/1301
f 1303/191/1303 1315/204/1315 1314/203/1314 1302/190/1302
f 1304/192/1304 1316/205/1316 1315/204/1315 1303/191/1303
f 1305/193/1305 1317/206/1317 1316/205/1316 1304/192/1304
f 1306/194/1306 1318/207/1318 1317/206/1317 1305/193/1305
f 1307/195/1307 1319/208/1319 1318/207/1318 1306/194/1306
f 1308/184/1308 1320/197/1320 1319/208/1319 1307/195/1307
f 1309/196/1309 1321/209/1321 1332/210/1332 1320/197/1320
f 1310/198/1310 1322/211/1322 1321/212/1321 1309/199/1309
f 1311/200/1311 1323/213/1323 1322/211/1322 1310/198/1310
f 1312/201/1312 1324/214/1324 1323/213/1323 1311/200/1311
f 1313/202/1313 1325/215/1325 1324/214/1324 1312/201/1312
f 1314/203/1314 1326/216/1326 1325/215/1325 1313/202/1313
f 1315/204/1315 1327/217/1327 1326/216/1326 1314/203/1314
f 1316/205/1316 1328/218/1328 1327/217/1327 1315/204/1315
f 1317/206/1317 1329/219/1329 1328/218/1328 1316/205/1316
f 1318/207/1318 1330/220/1330 1329/219/1329 1317/206/1317
f 1319/208/1319 1331/221/1331 1330/220/1330 1318/207/1318
f 1320/197/1320 1332/210/1332 1331/221/1331 1319/208/1319
f 1321/209/1321 1333/222/1333 1344/223/1344 1332/210/1332
f 1322/211/1322 1334/224/1334 1333/225/1333 1321/212/1321
f 1323/213/1323 1335/226/1335 1334/224/1334 1322/211/1322
f 1324/214/1324 1336/227/1336 1335/226/1335 1323/213/1323
f 1325/215/1325 1337/228/1337 1336/227/1336 1324/214/1324
f 1326/216/1326 1338/229/1338 1337/228/1337 1325/215/1325
f 1327/217/1327 1339/230/1339 1338/229/1338 1326/216/1326
f 1328/218/1328 1340/231/1340 1339/230/1339 1327/217/1327
f 1329/219/1329 1341/232/1341 1340/231/1340 1328/218/1328
f 1330/220/1330 1342/233/1342 1341/232/1341 1329/219/1329
f 1331/221/1331 1343/234/1343 1342/233/1342 1330/220/1330
f 1332/210/1332 1344/223/1344 1343/234/1343 1331/221/1331
f 1333/222/1333 1345/235/1345 1356/236/1356 1344/223/1344
f 1334/224/1334 1346/237/1346 1345/238/1345 1333/225/1333
f 1335/226/1335 1347/239/1347 1346/237/1346 1334/224/1334
f 1336/227/1336 1348/240/1348 1347/239/1347 1335/226/1335
f 1337/228/1337 1349/241/1349 1348/240/1348 1336/227/1336
f 1338/229/1338 1350/242/1350 1349/241/1349 1337/228/1337
f 1339/230/1339 1351/243/1351 1350/242/1350 1338/229/1338
f 1340/231/1340 1352/244/1352 1351/243/1351 1339/230/1339
f 1341/232/1341 1353/245/1353 1352/244/1352 1340/231/1340
f 1342/233/1342 1354/246/1354 1353/245/1353 1341/232/1341
f 1343/234/1343 1355/247/1355 1354/246/1354 1342/233/1342
f 1344/223/1344 1356/236/1356 1355/247/1355 1343/234/1343
f 1345/235/1345 1357/248/1357 1368/249/1368 1356/236/1356
f 1346/237/1346 1358/250/1358 1357/251/1357 1345/238/1345
f 1347/239/1347 1359/252/1359 1358/250/1358 1346/237/1346
f 1348/240/1348 1360/253/1360 1359/252/1359 1347/239/1347
f 1349/241/1349 1361/254/1361 1360/253/1360 1348/240/1348
f 1350/242/1350 1362/255/1362 1361/254/1361 1349/241/1349
f 1351/243/1351 1363/256/1363 1362/255/1362 1350/242/1350
f 1352/244/1352 1364/257/1364 1363/256/1363 1351/243/1351
f 1353/245/1353 1365/258/1365 1364/257/1364 1352/244/1352
f 1354/246/1354 1366/259/1366 1365/258/1365 1353/245/1353
f 1355/247/1355 1367/260/1367 1366/259/1366 1354/246/1354
f 1356/236/1356 1368/249/1368 1367/260/1367 1355/247/1355
f 1357/248/1357 1369/261/1369 1380/262/1380 1368/249/1368
f 1358/250/1358 1370/263/1370 1369/264/1369 1357/251/1357
f 1359/252/1359 1371/265/1371 1370/263/1370 1358/250/1358
f 1360/253/1360 1372/266/1372 1371/265/1371 1359/252/1359
f 1361/254/1361 1373/267/1373 1372/266/1372 1360/253/1360
f 1362/255/1362 1374/268/1374 1373/267/1373 1361/254/1361
f 1363/256/1363 1375/269/1375 1374/268/1374 1362/255/1362
f 1364/257/1364 1376/270/1376 1375/269/1375 1363/256/1363
f 1365/258/1365 1377/271/1377 1376/270/1376 1364/257/1364
f 1366/259/1366 1378/272/1378 1377/271/1377 1365/258/1365
f 1367/260/1367 1379/273/1379 1378/272/1378 1366/259/1366
f 1368/249/1368 1380/262/1380 1379/273/1379 1367/260/1367
f 1369/261/1369 1381/274/1381 1392/275/1392 1380/262/1380
f 1370/263/1370 1382/276/1382 1381/277/1381 1369/264/1369
f 1371/265/1371 1383/278/1383 1382/276/1382 1370/263/1370
f 1372/266/1372 1384/279/1384 1383/278/1383 1371/265/1371
f 1373/267/1373 1385/280/1385 1384/279/1384 1372/266/1372
f 1374/268/1374 1386/281/1386 1385/280/1385 1373/267/1373
f 1375/269/1375 1387/282/1387 1386/281/1386 1374/268/1374
f 1376/270/1376 1388/283/1388 1387/282/1387 1375/269/1375
f 1377/271/1377 1389/284/1389 1388/283/1388 1376/270/1376
f 1378/272/1378 1390/285/1390 1389/284/1389 1377/271/1377
f 1379/273/1379 1391/286/1391 1390/285/1390 1378/272/1378
f 1380/262/1380 1392/275/1392 1391/286/1391 1379/273/1379
f 1381/274/1381 1393/287/1393 1404/288/1404 1392/275/1392
f 1382/276/1382 1394/289/1394 1393/290/1393 1381/277/1381
f 1383/278/1383 1395/291/1395 1394/289/1394 1382/276/1382
f 1384/279/1384 1396/292/1396 1395/291/1395 1383/278/1383
f 1385/280/1385 1397/293/1397 1396/292/1396 1384/279/1384
f 1386/281/1386 1398/294/1398 1397/293/1397 1385/280/1385
f 1387/282/1387 1399/295/1399 1398/294/1398 1386/281/1386
f 1388/283/1388 1400/296/1400 1399/295/1399 1387/282/1387
f 1389/284/1389 1401/297/1401 1400/296/1400 1388/283/1388
f 1390/285/1390 1402/298/1402 1401/297/1401 1389/284/1389
f 1391/286/1391 1403/299/1403 1402/298/1402 1390/285/1390
f 1392/275/1392 1404/288/1404 1403/299/1403 1391/286/1391
f 1393/287/1393 1405/300/1405 1416/301/1416 1404/288/1404
f 1394/289/1394 1406/302/1406 1405/303/1405 1393/290/1393
f 1395/291/1395 1407/304/1407 1406/302/1406 1394/289/1394
f 1396/292/1396 1408/305/1408 1407/304/1407 1395/291/1395
f 1397/293/1397 1409/306/1409 1408/305/1408 1396/292/1396
f 1398/294/1398 1410/307/1410 1409/306/1409 1397/293/1397
f 1399/295/1399 1411/308/1411 1410/307/1410 1398/294/1398
f 1400/296/1400 1412/309/1412 1411/308/1411 1399/295/1399
f 1401/297/1401 1413/310/1413 1412/309/1412 1400/296/1400
f 1402/298/1402 1414/311/1414 1413/310/1413 1401/297/1401
f 1403/299/1403 1415/312/1415 1414/311/1414 1402/298/1402
f 1404/288/1404 1416/301/1416 1415/312/1415 1403/299/1403
f 1129/1/1129 1140/4/1140 1428/3/1428 1417/2/1417
f 1130/5/1130 1129/8/1129 1417/7/1417 1418/6/1418
f 1131/9/1131 1130/5/1130 1418/6/1418 1419/10/1419
f 1132/11/1132 1131/9/1131 1419/10/1419 1420/12/1420
f 1133/13/1133 1132/11/1132 1420/12/1420 1421/14/1421
f 1134/15/1134 1133/13/1133 1421/14/1421 1422/16/1422
f 1135/17/1135 1134/15/1134 1422/16/1422 1423/18/1423
f 1136/19/1136 1135/17/1135 1423/18/1423 1424/20/1424
f 1137/21/1137 1136/19/1136 1424/20/1424 1425/22/1425
f 1138/23/1138 1137/21/1137 1425/22/1425 1426/24/1426
f 1139/25/1139 1138/23/1138 1426/24/1426 1427/26/1427
f 1140/4/1140 1139/25/1139 1427/26/1427 1428/3/1428
f 1417/2/1417 1428/3/1428 1440/28/1440 1429/27/1429
f 1418/6/1418 1417/7/1417 1429/30/1429 1430/29/1430
f 1419/10/1419 1418/6/1418 1430/29/1430 1431/31/1431
f 1420/12/1420 1419/10/1419 1431/31/1431 1432/32/1432
f 1421/14/1421 1420/12/1420 1432/32/1432 1433/33/1433
f 1422/16/1422 1421/14/1421 1433/33/1433 1434/34/1434
f 1423/18/1423 1422/16/1422 1434/34/1434 1435/35/1435
f 1424/20/1424 1423/18/1423 1435/35/1435 1436/36/1436
f 1425/22/1425 1424/20/1424 1436/36/1436 1437/37/1437
f 1426/24/1426 1425/22/1425 1437/37/1437 1438/38/1438
f 1427/26/1427 1426/24/1426 1438/38/1438 1439/39/1439
f 1428/3/1428 1427/26/1427 1439/39/1439 1440/28/1440
f 1429/27/1429 1440/28/1440 1452/41/1452 1441/40/1441
f 1430/29/1430 1429/30/1429 1441/43/1441 1442/42/1442
f 1431/31/1431 1430/29/1430 1442/42/1442 1443/44/1443
f 1432/32/1432 1431/31/1431 1443/44/1443 1444/45/1444
f 1433/33/1433 1432/32/1432 1444/45/1444 1445/46/1445
f 1434/34/1434 1433/33/1433 1445/46/1445 1446/47/1446
f 1435/35/1435 1434/34/1434 1446/47/1446 1447/48/1447
f 1436/36/1436 1435/35/1435 1447/48/1447 1448/49/1448
f 1437/37/1437 1436/36/1436 1448/49/1448 1449/50/1449
f 1438/38/1438 1437/37/1437 1449/50/1449 1450/51/1450
f 1439/39/1439 1438/38/1438 1450/51/1450 1451/52/1451
f 1440/28/1440 1439/39/1439 1451/52/1451 1452/41/1452
f 1441/40/1441 1452/41/1452 1464/54/1464 1453/53/1453
f 1442/42/1442 1441/43/1441 1453/56/1453 1454/55/1454
f 1443/44/1443 1442/42/1442 1454/55/1454 1455/57/1455
f 1444/45/1444 1443/44/1443 1455/57/1455 1456/58/1456
f 1445/46/1445 1444/45/1444 1456/58/1456 1457/59/1457
f 1446/47/1446 1445/46/1445 1457/59/1457 1458/60/1458
f 1447/48/1447 1446/47/1446 1458/60/1458 1459/61/1459
f 1448/49/1448 1447/48/1447 1459/61/1459 1460/62/1460
f 1449/50/1449 1448/49/1448 1460/62/1460 1461/63/1461
f 1450/51/1450 1449/50/1449 1461/63/1461 1462/64/1462
f 1451/52/1451 1450/51/1450 1462/64/1462 1463/65/1463
f 1452/41/1452 1451/52/1451 1463/65/1463 1464/54/1464
f 1453/53/1453 1464/54/1464 1476/67/1476 1465/66/1465
f 1454/55/1454 1453/56/1453 1465/69/1465 1466/68/1466
f 1455/57/1455 1454/55/1454 1466/68/1466 1467/70/1467
f 1456/58/1456 1455/57/1455 1467/70/1467 1468/71/1468
f 1457/59/1457 1456/58/1456 1468/71/1468 1469/72/1469
f 1458/60/1458 1457/59/1457 1469/72/1469 1470/73/1470
f 1459/61/1459 1458/60/1458 1470/73/1470 1471/74/1471
f 1460/62/1460 1459/61/1459 1471/74/1471 1472/75/1472
f 1461/63/1461 1460/62/1460 1472/75/1472 1473/76/1473
f 1462/64/1462 1461/63/1461 1473/76/1473 1474/77/1474
f 1463/65/1463 1462/64/1462 1474/77/1474 1475/78/1475
f 1464/54/1464 1463/65/1463 1475/78/1475 1476/67/1476
f 1465/66/1465 1476/67/1476 1488/80/1488 1477/79/1477
f 1466/68/1466 1465/69/1465 1477/82/1477 1478/81/1478
f 1467/70/1467 1466/68/1466 1478/81/1478 1479/83/1479
f 1468/71/1468 1467/70/1467 1479/83/1479 1480/84/1480
f 1469/72/1469 1468/71/1468 1480/84/1480 1481/85/1481
f 1470/73/1470 1469/72/1469 1481/85/1481 1482/86/1482
f 1471/74/1471 1470/73/1470 1482/86/1482 1483/87/1483
f 1472/75/1472 1471/74/1471 1483/87/1483 1484/88/1484
f 1473/76/1473 1472/75/1472 1484/88/1484 1485/89/1485
f 1474/77/1474 1473/76/1473 1485/89/1485 1486/90/1486
f 1475/78/1475 1474/77/1474 1486/90/1486 1487/91/1487
f 1476/67/1476 1475/78/1475 1487/91/1487 1488/80/1488
f 1477/79/1477 1488/80/1488 1500/93/1500 1489/92/1489
f 1478/81/1478 1477/82/1477 1489/95/1489 1490/94/1490
f 1479/83/1479 1478/81/1478 1490/94/1490 1491/96/1491
f 1480/84/1480 1479/83/1479 1491/96/1491 1492/97/1492
f 1481/85/1481 1480/84/1480 1492/97/1492 1493/98/1493
f 1482/86/1482 1481/85/1481 1493/98/1493 1494/99/1494
f 1483/87/1483 1482/86/1482 1494/99/1494 1495/100/1495
f 1484/88/1484 1483/87/1483 1495/100/1495 1496/101/1496
f 1485/89/1485 1484/88/1484 1496/101/1496 1497/102/1497
f 1486/90/1486 1485/89/1485 1497/102/1497 1498/103/1498
f 1487/91/1487 1486/90/1486 1498/103/1498 1499/104/1499
f 1488/80/1488 1487/91/1487 1499/104/1499 1500/93/1500
f 1489/92/1489 1500/93/1500 1512/106/1512 1501/105/1501
f 1490/94/1490 1489/95/1489 1501/108/1501 1502/107/1502
f 1491/96/1491 1490/94/1490 1502/107/1502 1503/109/1503
f 1492/97/1492 1491/96/1491 1503/109/1503 1504/110/1504
f 1493/98/1493 1492/97/1492 1504/110/1504 1505/111/1505
f 1494/99/1494 1493/98/1493 1505/111/1505 1506/112/1506
f 1495/100/1495 1494/99/1494 1506/112/1506 1507/113/1507
f 1496/101/1496 1495/100/1495 1507/113/1507 1508/114/1508
f 1497/102/1497 1496/101/1496 1508/114/1508 1509/115/1509
f 1498/103/1498 1497/102/1497 1509/115/1509 1510/116/1510
f 1499/104/1499 1498/103/1498 1510/116/1510 1511/117/1511
f 1500/93/1500 1499/104/1499 1511/117/1511 1512/106/1512
f 1501/105/1501 1512/106/1512 1524/119/1524 1513/118/1513
f 1502/107/1502 1501/108/1501 1513/121/1513 1514/120/1514
f 1503/109/1503 1502/107/1502 1514/120/1514 1515/122/1515
f 1504/110/1504 1503/109/1503 1515/122/1515 1516/123/1516
f 1505/111/1505 1504/110/1504 1516/123/1516 1517/124/1517
f 1506/112/1506 1505/111/1505 1517/124/1517 1518/125/1518
f 1507/113/1507 1506/112/1506 1518/125/1518 1519/126/1519
f 1508/114/1508 1507/113/1507 1519/126/1519 1520/127/1520
f 1509/115/1509 1508/114/1508 1520/127/1520 1521/128/1521
f 1510/116/1510 1509/115/1509 1521/128/1521 1522/129/1522
f 1511/117/1511 1510/116/1510 1522/129/1522 1523/130/1523
f 1512/106/1512 1511/117/1511 1523/130/1523 1524/119/1524
f 1513/118/1513 1524/119/1524 1536/132/1536 1525/131/1525
f 1514/120/1514 1513/121/1513 1525/134/1525 1526/133/1526
f 1515/122/1515 1514/120/1514 1526/133/1526 1527/135/1527
f 1516/123/1516 1515/122/1515 1527/135/1527 1528/136/1528
f 1517/124/1517 1516/123/1516 1528/136/1528 1529/137/1529
f 1518/125/1518 1517/124/1517 1529/137/1529 1530/138/1530
f 1519/126/1519 1518/125/1518 1530/138/1530 1531/139/1531
f 1520/127/1520 1519/126/1519 1531/139/1531 1532/140/1532
f 1521/128/1521 1520/127/1520 1532/140/1532 1533/141/1533
f 1522/129/1522 1521/128/1521 1533/141/1533 1534/142/1534
f 1523/130/1523 1522/129/1522 1534/142/1534 1535/143/1535
f 1524/119/1524 1523/130/1523 1535/143/1535 1536/132/1536
f 1525/131/1525 1536/132/1536 1548/145/1548 1537/144/1537
f 1526/133/1526 1525/134/1525 1537/147/1537 1538/146/1538
f 1527/135/1527 1526/133/1526 1538/146/1538 1539/148/1539
f 1528/136/1528 1527/135/1527 1539/148/1539 1540/149/1540
f 1529/137/1529 1528/136/1528 1540/149/1540 1541/150/1541
f 1530/138/1530 1529/137/1529 1541/150/1541 1542/151/1542
f 1531/139/1531 1530/138/1530 1542/151/1542 1543/152/1543
f 1532/140/1532 1531/139/1531 1543/152/1543 1544/153/1544
f 1533/141/1533 1532/140/1532 1544/153/1544 1545/154/1545
f 1534/142/1534 1533/141/1533 1545/154/1545 1546/155/1546
f 1535/143/1535 1534/142/1534 1546/155/1546 1547/156/1547
f 1536/132/1536 1535/143/1535 1547/156/1547 1548/145/1548
f 1537/144/1537 1548/145/1548 1560/158/1560 1549/157/1549
f 1538/146/1538 1537/147/1537 1549/160/1549 1550/159/1550
f 1539/148/1539 1538/146/1538 1550/159/1550 1551/161/1551
f 1540/149/1540 1539/148/1539 1551/161/1551 1552/162/1552
f 1541/150/1541 1540/149/1540 1552/162/1552 1553/163/1553
f 1542/151/1542 1541/150/1541 1553/163/1553 1554/164/1554
f 1543/152/1543 1542/151/1542 1554/164/1554 1555/165/1555
f 1544/153/1544 1543/152/1543 1555/165/1555 1556/166/1556
f 1545/154/1545 1544/153/1544 1556/166/1556 1557/167/1557
f 1546/155/1546 1545/154/1545 1557/167/1557 1558/168/1558
f 1547/156/1547 1546/155/1546 1558/168/1558 1559/169/1559
f 1548/145/1548 1547/156/1547 1559/169/1559 1560/158/1560
f 1549/157/1549 1560/158/1560 1572/171/1572 1561/170/1561
f 1550/159/1550 1549/160/1549 1561/173/1561 1562/172/1562
f 1551/161/1551 1550/159/1550 1562/172/1562 1563/174/1563
f 1552/162/1552 1551/161/1551 1563/174/1563 1564/175/1564
f 1553/163/1553 1552/162/1552 1564/175/1564 1565/176/1565
f 1554/164/1554 1553/163/1553 1565/176/1565 1566/177/1566
f 1555/165/1555 1554/164/1554 1566/177/1566 1567/178/1567
f 1556/166/1556 1555/165/1555 1567/178/1567 1568/179/1568
f 1557/167/1557 1556/166/1556 1568/179/1568 1569/180/1569
f 1558/168/1558 1557/167/1557 1569/180/1569 1570/181/1570
f 1559/169/1559 1558/168/1558 1570/181/1570 1571/182/1571
f 1560/158/1560 1559/169/1559 1571/182/1571 1572/171/1572
f 1561/170/1561 1572/171/1572 1584/184/1584 1573/183/1573
f 1562/172/1562 1561/173/1561 1573/186/1573 1574/185/1574
f 1563/174/1563 1562/172/1562 1574/185/1574 1575/187/1575
f 1564/175/1564 1563/174/1563 1575/187/1575 1576/188/1576
f 1565/176/1565 1564/175/1564 1576/188/1576 1577/189/1577
f 1566/177/1566 1565/176/1565 1577/189/1577 1578/190/1578
f 1567/178/1567 1566/177/1566 1578/190/1578 1579/191/1579
f 1568/179/1568 1567/178/1567 1579/191/1579 1580/192/1580
f 1569/180/1569 1568/179/1568 1580/192/1580 1581/193/1581
f 1570/181/1570 1569/180/1569 1581/193/1581 1582/194/1582
f 1571/182/1571 1570/181/1570 1582/194/1582 1583/195/1583
f 1572/171/1572 1571/182/1571 1583/195/1583 1584/184/1584
f 1573/183/1573 1584/184/1584 1596/197/1596 1585/196/1585
f 1574/185/1574 1573/186/1573 1585/199/1585 1586/198/1586
f 1575/187/1575 1574/185/1574 1586/198/1586 1587/200/1587
f 1576/188/1576 1575/187/1575 1587/200/1587 1588/201/1588
f 1577/189/1577 1576/188/1576 1588/201/1588 1589/202/1589
f 1578/190/1578 1577/189/1577 1589/202/1589 1590/203/1590
f 1579/191/1579 1578/190/1578 1590/203/1590 1591/204/1591
f 1580/192/1580 1579/191/1579 1591/204/1591 1592/205/1592
f 1581/193/1581 1580/192/1580 1592/205/1592 1593/206/1593
f 1582/194/1582 1581/193/1581 1593/206/1593 1594/207/1594
f 1583/195/1583 1582/194/1582 1594/207/1594 1595/208/1595
f 1584/184/1584 1583/195/1583 1595/208/1595 1596/197/1596
f 1585/196/1585 1596/197/1596 1608/210/1608 1597/209/1597
f 1586/198/1586 1585/199/1585 1597/212/1597 1598/211/1598
f 1587/200/1587 1586/198/1586 1598/211/1598 1599/213/1599
f 1588/201/1588 1587/200/1587 1599/213/1599 1600/214/1600
f 1589/202/1589 1588/201/1588 1600/214/1600 1601/215/1601
f 1590/203/1590 1589/202/1589 1601/215/1601 1602/216/1602
f 1591/204/1591 1590/203/1590 1602/216/1602 1603/217/1603
f 1592/205/1592 1591/204/1591 1603/217/1603 1604/218/1604
f 1593/206/1593 1592/205/1592 1604/218/1604 1605/219/1605
f 1594/207/1594 1593/206/1593 1605/219/1605 1606/220/1606
f 1595/208/1595 1594/207/1594 1606/220/1606 1607/221/1607
f 1596/197/1596 1595/208/1595 1607/221/1607 1608/210/1608
f 1597/209/1597 1608/210/1608 1620/223/1620 1609/222/1609
f 1598/211/1598 1597/212/1597 1609/225/1609 1610/224/1610
f 1599/213/1599 1598/211/1598 1610/224/1610 1611/226/1611
f 1600/214/1600 1599/213/1599 1611/226/1611 1612/227/1612
f 1601/215/1601 1600/214/1600 1612/227/1612 1613/228/1613
f 1602/216/1602 1601/215/1601 1613/228/1613 1614/229/1614
f 1603/217/1603 1602/216/1602 1614/229/1614 1615/230/1615
f 1604/218/1604 1603/217/1603 1615/230/1615 1616/231/1616
f 1605/219/1605 1604/218/1604 1616/231/1616 1617/232/1617
f 1606/220/1606 1605/219/1605 1617/232/1617 1618/233/1618
f 1607/221/1607 1606/220/1606 1618/233/1618 1619/234/1619
f 1608/210/1608 1607/221/1607 1619/234/1619 1620/223/1620
f 1609/222/1609 1620/223/1620 1632/236/1632 1621/235/1621
f 1610/224/1610 1609/225/1609 1621/238/1621 1622/237/1622
f 1611/226/1611 1610/224/1610 1622/237/1622 1623/239/1623
f 1612/227/1612 1611/226/1611 1623/239/1623 1624/240/1624
f 1613/228/1613 1612/227/1612 1624/240/1624 1625/241/1625
f 1614/229/1614 1613/228/1613 1625/241/1625 1626/242/1626
f 1615/230/1615 1614/229/1614 1626/242/1626 1627/243/1627
f 1616/231/1616 1615/230/1615 1627/243/1627 1628/244/1628
f 1617/232/1617 1616/231/1616 1628/244/1628 1629/245/1629
f 1618/233/1618 1617/232/1617 1629/245/1629 1630/246/1630
f 1619/234/1619 1618/233/1618 1630/246/1630 1631/247/1631
f 1620/223/1620 1619/234/1619 1631/247/1631 1632/236/1632
f 1621/235/1621 1632/236/1632 1644/249/1644 1633/248/1633
f 1622/237/1622 1621/238/1621 1633/251/1633 1634/250/1634
f 1623/239/1623 1622/237/1622 1634/250/1634 1635/252/1635
f 1624/240/1624 1623/239/1623 1635/252/1635 1636/253/1636
f 1625/241/1625 1624/240/1624 1636/253/1636 1637/254/1637
f 1626/242/1626 1625/241/1625 1637/254/1637 1638/255/1638
f 1627/243/1627 1626/242/1626 1638/255/1638 1639/256/1639
f 1628/244/1628 1627/243/1627 1639/256/1639 1640/257/1640
f 1629/245/1629 1628/244/1628 1640/257/1640 1641/258/1641
f 1630/246/1630 1629/245/1629 1641/258/1641 1642/259/1642
f 1631/247/1631 1630/246/1630 1642/259/1642 1643/260/1643
f 1632/236/1632 1631/247/1631 1643/260/1643 1644/249/1644
f 1633/248/1633 1644/249/1644 1656/262/1656 1645/261/1645
f 1634/250/1634 1633/251/1633 1645/264/1645 1646/263/1646
f 1635/252/1635 1634/250/1634 1646/263/1646 1647/265/1647
f 1636/253/1636 1635/252/1635 1647/265/1647 1648/266/1648
f 1637/254/1637 1636/253/1636 1648/266/1648 1649/267/1649
f 1638/255/1638 1637/254/1637 1649/267/1649 1650/268/1650
f 1639/256/1639 1638/255/1638 1650/268/1650 1651/269/1651
f 1640/257/1640 1639/256/1639 1651/269/1651 1652/270/1652
f 1641/258/1641 1640/257/1640 1652/270/1652 1653/271/1653
f 1642/259/1642 1641/258/1641 1653/271/1653 1654/272/1654
f 1643/260/1643 1642/259/1642 1654/272/1654 1655/273/1655
f 1644/249/1644 1643/260/1643 1655/273/1655 1656/262/1656
f 1645/261/1645 1656/262/1656 1668/275/1668 1657/274/1657
f 1646/263/1646 1645/264/1645 1657/277/1657 1658/276/1658
f 1647/265/1647 1646/263/1646 1658/276/1658 1659/278/1659
f 1648/266/1648 1647/265/1647 1659/278/1659 1660/279/1660
f 1649/267/1649 1648/266/1648 1660/279/1660 1661/280/1661
f 1650/268/1650 1649/267/1649 1661/280/1661 1662/281/1662
f 1651/269/1651 1650/268/1650 1662/281/1662 1663/282/1663
f 1652/270/1652 1651/269/1651 1663/282/1663 1664/283/1664
f 1653/271/1653 1652/270/1652 1664/283/1664 1665/284/1665
f 1654/272/1654 1653/271/1653 1665/284/1665 1666/285/1666
f 1655/273/1655 1654/272/1654 1666/285/1666 1667/286/1667
f 1656/262/1656 1655/273/1655 1667/286/1667 1668/275/1668
f 1657/274/1657 1668/275/1668 1680/288/1680 1669/287/1669
f 1658/276/1658 1657/277/1657 1669/290/1669 1670/289/1670
f 1659/278/1659 1658/276/1658 1670/289/1670 1671/291/1671
f 1660/279/1660 1659/278/1659 1671/291/1671 1672/292/1672
f 1661/280/1661 1660/279/1660 1672/292/1672 1673/293/1673
f 1662/281/1662 1661/280/1661 1673/293/1673 1674/294/1674
f 1663/282/1663 1662/281/1662 1674/294/1674 1675/295/1675
f 1664/283/1664 1663/282/1663 1675/295/1675 1676/296/1676
f 1665/284/1665 1664/283/1664 1676/296/1676 1677/297/1677
f 1666/285/1666 1665/284/1665 1677/297/1677 1678/298/1678
f 1667/286/1667 1666/285/1666 1678/298/1678 1679/299/1679
f 1668/275/1668 1667/286/1667 1679/299/1679 1680/288/1680
f 1669/287/1669 1680/288/1680 1692/301/1692 1681/300/1681
f 1670/289/1670 1669/290/1669 1681/303/1681 1682/302/1682
f 1671/291/1671 1670/289/1670 1682/302/1682 1683/304/1683
f 1672/292/1672 1671/291/1671 1683/304/1683 1684/305/1684
f 1673/293/1673 1672/292/1672 1684/305/1684 1685/306/1685
f 1674/294/1674 1673/293/1673 1685/306/1685 1686/307/1686
f 1675/295/1675 1674/294/1674 1686/307/1686 1687/308/1687
f 1676/296/1676 1675/295/1675 1687/308/1687 1688/309/1688
f 1677/297/1677 1676/296/1676 1688/309/1688 1689/310/1689
f 1678/298/1678 1677/297/1677 1689/310/1689 1690/311/1690
f 1679/299/1679 1678/298/1678 1690/311/1690 1691/312/1691
f 1680/288/1680 1679/299/1679 1691/312/1691 1692/301/1692
f 1693/1/1693 1705/2/1705 1716/3/1716 1704/4/1704
f 1694/5/1694 1706/6/1706 1705/7/1705 1693/8/1693
f 1695/9/1695 1707/10/1707 1706/6/1706 1694/5/1694
f 1696/11/1696 1708/12/1708 1707/10/1707 1695/9/1695
f 1697/13/1697 1709/14/1709 1708/12/1708 1696/11/1696
f 1698/15/1698 1710/16/1710 1709/14/1709 1697/13/1697
f 1699/17/1699 1711/18/1711 1710/16/1710 1698/15/1698
f 1700/19/1700 1712/20/1712 1711/18/1711 1699/17/1699
f 1701/21/1701 1713/22/1713 1712/20/1712 1700/19/1700
f 1702/23/1702 1714/24/1714 1713/22/1713 1701/21/1701
f 1703/25/1703 1715/26/1715 1714/24/1714 1702/23/1702
f 1704/4/1704 1716/3/1716 1715/26/1715 1703/25/1703
f 1705/2/1705 1717/27/1717 1728/28/1728 1716/3/1716
f 1706/6/1706 1718/29/1718 1717/30/1717 1705/7/1705
f 1707/10/1707 1719/31/1719 1718/29/1718 1706/6/1706
f 1708/12/1708 1720/32/1720 1719/31/1719 1707/10/1707
f 1709/14/1709 1721/33/1721 1720/32/1720 1708/12/1708
f 1710/16/1710 1722/34/1722 1721/33/1721 1709/14/1709
f 1711/18/1711 1723/35/1723 1722/34/1722 1710/16/1710
f 1712/20/1712 1724/36/1724 1723/35/1723 1711/18/1711
f 1713/22/1713 1725/37/1725 1724/36/1724 1712/20/1712
f 1714/24/1714 1726/38/1726 1725/37/1725 1713/22/1713
f 1715/26/1715 1727/39/1727 1726/38/1726 1714/24/1714
f 1716/3/1716 1728/28/1728 1727/39/1727 1715/26/1715
f 1717/27/1717 1729/40/1729 1740/41/1740 1728/28/1728
f 1718/29/1718 1730/42/1730 1729/43/1729 1717/30/1717
f 1719/31/1719 1731/44/1731 1730/42/1730 1718/29/1718
f 1720/32/1720 1732/45/1732 1731/44/1731 1719/31/1719
f 1721/33/1721 1733/46/1733 1732/45/1732 1720/32/1720
f 1722/34/1722 1734/47/1734 1733/46/1733 1721/33/1721
f 1723/35/1723 1735/48/1735 1734/47/1734 1722/34/1722
f 1724/36/1724 1736/49/1736 1735/48/1735 1723/35/1723
f 1725/37/1725 1737/50/1737 1736/49/1736 1724/36/1724
f 1726/38/1726 1738/51/1738 1737/50/1737 1725/37/1725
f 1727/39/1727 1739/52/1739 1738/51/1738 1726/38/1726
f 1728/28/1728 1740/41/1740 1739/52/1739 1727/39/1727
f 1729/40/1729 1741/53/1741 1752/54/1752 1740/41/1740
f 1730/42/1730 1742/55/1742 1741/56/1741 1729/43/1729
f 1731/44/1731 1743/57/1743 1742/55/1742 1730/42/1730
f 1732/45/1732 1744/58/1744 1743/57/1743 1731/44/1731
f 1733/46/1733 1745/59/1745 1744/58/1744 1732/45/1732
f 1734/47/1734 1746/60/1746 1745/59/1745 1733/46/1733
f 1735/48/1735 1747/61/1747 1746/60/1746 1734/47/1734
f 1736/49/1736 1748/62/1748 1747/61/1747 1735/48/1735
f 1737/50/1737 1749/63/1749 1748/62/1748 1736/49/1736
f 1738/51/1738 1750/64/1750 1749/63/1749 1737/50/1737
f 1739/52/1739 1751/65/1751 1750/64/1750 1738/51/1738
f 1740/41/1740 1752/54/1752 1751/65/1751 1739/52/1739
f 1741/53/1741 1753/66/1753 1764/67/1764 1752/54/1752
f 1742/55/1742 1754/68/1754 1753/69/1753 1741/56/1741
f 1743/57/1743 1755/70/1755 1754/68/1754 1742/55/1742
f 1744/58/1744 1756/71/1756 1755/70/1755 1743/57/1743
f 1745/59/1745 1757/72/1757 1756/71/1756 1744/58/1744
f 1746/60/1746 1758/73/1758 1757/72/1757 1745/59/1745
f 1747/61/1747 1759/74/1759 1758/73/1758 1746/60/1746
f 1748/62/1748 1760/75/1760 1759/74/1759 1747/61/1747
f 1749/63/1749 1761/76/1761 1760/75/1760 1748/62/1748
f 1750/64/1750 1762/77/1762 1761/76/1761 1749/63/1749
f 1751/65/1751 1763/78/1763 1762/77/1762 1750/64/1750
f 1752/54/1752 1764/67/1764 1763/78/1763 1751/65/1751
f 1753/66/1753 1765/79/1765 1776/80/1776 1764/67/1764
f 1754/68/1754 1766/81/1766 1765/82/1765 1753/69/1753
f 1755/70/1755 1767/83/1767 1766/81/1766 1754/68/1754
f 1756/71/1756 1768/84/1768 1767/83/1767 1755/70/1755
f 1757/72/1757 1769/85/1769 1768/84/1768 1756/71/1756
f 1758/73/1758 1770/86/1770 1769/85/1769 1757/72/1757
f 1759/74/1759 1771/87/1771 1770/86/1770 1758/73/1758
f 1760/75/1760 1772/88/1772 1771/87/1771 1759/74/1759
f 1761/76/1761 1773/89/1773 1772/88/1772 1760/75/1760
f 1762/77/1762 1774/90/1774 1773/89/1773 1761/76/1761
f 1763/78/1763 1775/91/1775 1774/90/1774 1762/77/1762
f 1764/67/1764 1776/80/1776 1775/91/1775 1763/78/1763
f 1765/79/1765 1777/92/1777 1788/93/1788 1776/80/1776
f 1766/81/1766 1778/94/1778 1777/95/1777 1765/82/1765
f 1767/83/1767 1779/96/1779 1778/94/1778 1766/81/1766
f 1768/84/1768 1780/97/1780 1779/96/1779 1767/83/1767
f 1769/85/1769 1781/98/1781 1780/97/1780 1768/84/1768
f 1770/86/1770 1782/99/1782 1781/98/1781 1769/85/1769
f 1771/87/1771 1783/100/1783 1782/99/1782 1770/86/1770
f 1772/88/1772 1784/101/1784 1783/100/1783 1771/87/1771
f 1773/89/1773 1785/102/1785 1784/101/1784 1772/88/1772
f 1774/90/1774 1786/103/1786 1785/102/1785 1773/89/1773
f 1775/91/1775 1787/104/1787 1786/103/1786 1774/90/1774
f 1776/80/1776 1788/93/1788 1787/104/1787 1775/91/1775
f 1777/92/1777 1789/105/1789 1800/106/1800 1788/93/1788
f 1778/94/1778 1790/107/1790 1789/108/1789 1777/95/1777
f 1779/96/1779 1791/109/1791 1790/107/1790 1778/94/1778
f 1780/97/1780 1792/110/1792 1791/109/1791 1779/96/1779
f 1781/98/1781 1793/111/1793 1792/110/1792 1780/97/1780
f 1782/99/1782 1794/112/1794 1793/111/1793 1781/98/1781
f 1783/100/1783 1795/113/1795 1794/112/1794 1782/99/1782
f 1784/101/1784 1796/114/1796 1795/113/1795 1783/100/1783
f 1785/102/1785 1797/115/1797 1796/114/1796 1784/101/1784
f 1786/103/1786 1798/116/1798 1797/115/1797 1785/102/1785
f 1787/104/1787 1799/117/1799 1798/116/1798 1786/103/1786
f 1788/93/1788 1800/106/1800 1799/117/1799 1787/104/1787
f 1789/105/1789 1801/118/1801 1812/119/1812 1800/106/1800
f 1790/107/1790 1802/120/1802 1801/121/1801 1789/108/1789
f 1791/109/1791 1803/122/1803 1802/120/1802 1790/107/1790
f 1792/110/1792 1804/123/1804 1803/122/1803 1791/109/1791
f 1793/111/1793 1805/124/1805 1804/123/1804 1792/110/1792
f 1794/112/1794 1806/125/1806 1805/124/1805 1793/111/1793
f 1795/113/1795 1807/126/1807 1806/125/1806 1794/112/1794
f 1796/114/1796 1808/127/1808 1807/126/1807 1795/113/1795
f 1797/115/1797 1809/128/1809 1808/127/1808 1796/114/1796
f 1798/116/1798 1810/129/1810 1809/128/1809 1797/115/1797
f 1799/117/1799 1811/130/1811 1810/129/1810 1798/116/1798
f 1800/106/1800 1812/119/1812 1811/130/1811 1799/117/1799
f 1801/118/1801 1813/131/1813 1824/132/1824 1812/119/1812
f 1802/120/1802 1814/133/1814 1813/134/1813 1801/121/1801
f 1803/122/1803 1815/135/1815 1814/133/1814 1802/120/1802
f 1804/123/1804 1816/136/1816 1815/135/1815 1803/122/1803
f 1805/124/1805 1817/137/1817 1816/136/1816 1804/123/1804
f 1806/125/1806 1818/138/1818 1817/137/1817 1805/124/1805
f 1807/126/1807 1819/139/1819 1818/138/1818 1806/125/1806
f 1808/127/1808 1820/140/1820 1819/139/1819 1807/126/1807
f 1809/128/1809 1821/141/1821 1820/140/1820 1808/127/1808
f 1810/129/1810 1822/142/1822 1821/141/1821 1809/128/1809
f 1811/130/1811 1823/143/1823 1822/142/1822 1810/129/1810
f 1812/119/1812 1824/132/1824 1823/143/1823 1811/130/1811
f 1813/131/1813 1825/144/1825 1836/145/1836 1824/132/1824
f 1814/133/1814 1826/146/1826 1825/147/1825 1813/134/1813
f 1815/135/1815 1827/148/1827 1826/146/1826 1814/133/1814
f 1816/136/1816 1828/149/1828 1827/148/1827 1815/135/1815
f 1817/137/1817 1829/150/1829 1828/149/1828 1816/136/1816
f 1818/138/1818 1830/151/1830 1829/150/1829 1817/137/1817
f 1819/139/1819 1831/152/1831 1830/151/1830 1818/138/1818
f 1820/140/1820 1832/153/1832 1831/152/1831 1819/139/1819
f 1821/141/1821 1833/154/1833 1832/153/1832 1820/140/1820
f 1822/142/1822 1834/155/1834 1833/154/1833 1821/141/1821
f 1823/143/1823 1835/156/1835 1834/155/1834 1822/142/1822
f 1824/132/1824 1836/145/1836 1835/156/1835 1823/143/1823
f 1825/144/1825 1837/157/1837 1848/158/1848 1836/145/1836
f 1826/146/1826 1838/159/1838 1837/160/1837 1825/147/1825
f 1827/148/1827 1839/161/1839 1838/159/1838 1826/146/1826
f 1828/149/1828 1840/162/1840 1839/161/1839 1827/148/1827
f 1829/150/1829 1841/163/1841 1840/162/1840 1828/149/1828
f 1830/151/1830 1842/164/1842 1841/163/1841 1829/150/1829
f 1831/152/1831 1843/165/1843 1842/164/1842 1830/151/1830
f 1832/153/1832 1844/166/1844 1843/165/1843 1831/152/1831
f 1833/154/1833 1845/167/1845 1844/166/1844 1832/153/1832
f 1834/155/1834 1846/168/1846 1845/167/1845 1833/154/1833
f 1835/156/1835 1847/169/1847 1846/168/1846 1834/155/1834
f 1836/145/1836 1848/158/1848 1847/169/1847 1835/156/1835
f 1837/157/1837 1849/170/1849 1860/171/1860 1848/158/1848
f 1838/159/1838 1850/172/1850 1849/173/1849 1837/160/1837
f 1839/161/1839 1851/174/1851 1850/172/1850 1838/159/1838
f 1840/162/1840 1852/175/1852 1851/174/1851 1839/161/1839
f 1841/163/1841 1853/176/1853 1852/175/1852 1840/162/1840
f 1842/164/1842 1854/177/1854 1853/176/1853 1841/163/1841
f 1843/165/1843 1855/178/1855 1854/177/1854 1842/164/1842
f 1844/166/1844 1856/179/1856 1855/178/1855 1843/165/1843
f 1845/167/1845 1857/180/1857 1856/179/1856 1844/166/1844
f 1846/168/1846 1858/181/1858 1857/180/1857 1845/167/1845
f 1847/169/1847 1859/182/1859 1858/181/1858 1846/168/1846
f 1848/158/1848 1860/171/1860 1859/182/1859 1847/169/1847
f 1849/170/1849 1861/183/1861 1872/184/1872 1860/171/1860
f 1850/172/1850 1862/185/1862 1861/186/1861 1849/173/1849
f 1851/174/1851 1863/187/1863 1862/185/1862 1850/172/1850
f 1852/175/1852 1864/188/1864 1863/187/1863 1851/174/1851
f 1853/176/1853 1865/189/1865 1864/188/1864 1852/175/1852
f 1854/177/1854 1866/190/1866 1865/189/1865 1853/176/1853
f 1855/178/1855 1867/191/1867 1866/190/1866 1854/177/1854
f 1856/179/1856 1868/192/1868 1867/191/1867 1855/178/1855
f 1857/180/1857 1869/193/1869 1868/192/1868 1856/179/1856
f 1858/181/1858 1870/194/1870 1869/193/1869 1857/180/1857
f 1859/182/1859 1871/195/1871 1870/194/1870 1858/181/1858
f 1860/171/1860 1872/184/1872 1871/195/1871 1859/182/1859
f 1861/183/1861 1873/196/1873 1884/197/1884 1872/184/1872
f 1862/185/1862 1874/198/1874 1873/199/1873 1861/186/1861
f 1863/187/1863 1875/200/1875 1874/198/1874 1862/185/1862
f 1864/188/1864 1876/201/1876 1875/200/1875 1863/187/1863
f 1865/189/1865 1877/202/1877 1876/201/1876 1864/188/1864
f 1866/190/1866 1878/203/1878 1877/202/1877 1865/189/1865
f 1867/191/1867 1879/204/1879 1878/203/1878 1866/190/1866
f 1868/192/1868 1880/205/1880 1879/204/1879 1867/191/1867
f 1869/193/1869 1881/206/1881 1880/205/1880 1868/192/1868
f 1870/194/1870 1882/207/1882 1881/206/1881 1869/193/1869
f 1871/195/1871 1883/208/1883 1882/207/1882 1870/194/1870
f 1872/184/1872 1884/197/1884 1883/208/1883 1871/195/1871
f 1873/196/1873 1885/209/1885 1896/210/1896 1884/197/1884
f 1874/198/1874 1886/211/1886 1885/212/1885 1873/199/1873
f 1875/200/1875 1887/213/1887 1886/211/1886 1874/198/1874
f 1876/201/1876 1888/214/1888 1887/213/1887 1875/200/1875
f 1877/202/1877 1889/215/1889 1888/214/1888 1876/201/1876
f 1878/203/1878 1890/216/1890 1889/215/1889 1877/202/1877
f 1879/204/1879 1891/217/1891 1890/216/1890 1878/203/1878
f 1880/205/1880 1892/218/1892 1891/217/1891 1879/204/1879
f 1881/206/1881 1893/219/1893 1892/218/1892 1880/205/1880
f 1882/207/1882 1894/220/1894 1893/219/1893 1881/206/1881
f 1883/208/1883 1895/221/1895 1894/220/1894 1882/207/1882
f 1884/197/1884 1896/210/1896 1895/221/1895 1883/208/1883
f 1885/209/1885 1897/222/1897 1908/223/1908 1896/210/1896
f 1886/211/1886 1898/224/1898 1897/225/1897 1885/212/1885
f 1887/213/1887 1899/226/1899 1898/224/1898 1886/211/1886
f 1888/214/1888 1900/227/1900 1899/226/1899 1887/213/1887
f 1889/215/1889 1901/228/1901 1900/227/1900 1888/214/1888
f 1890/216/1890 1902/229/1902 1901/228/1901 1889/215/1889
f 1891/217/1891 1903/230/1903 1902/229/1902 1890/216/1890
f 1892/218/1892 1904/231/1904 1903/230/1903 1891/217/1891
f 1893/219/1893 1905/232/1905 1904/231/1904 1892/218/1892
f 1894/220/1894 1906/233/1906 1905/232/1905 1893/219/1893
f 1895/221/1895 1907/234/1907 1906/233/1906 1894/220/1894
f 1896/210/1896 1908/223/1908 1907/234/1907 1895/221/1895
f 1897/222/1897 1909/235/1909 1920/236/1920 1908/223/1908
f 1898/224/1898 1910/237/1910 1909/238/1909 1897/225/1897
f 1899/226/1899 1911/239/1911 1910/237/1910 1898/224/1898
f 1900/227/1900 1912/240/1912 1911/239/1911 1899/226/1899
f 1901/228/1901 1913/241/1913 1912/240/1912 1900/227/1900
f 1902/229/1902 1914/242/1914 1913/241/1913 1901/228/1901
f 1903/230/1903 1915/243/1915 1914/242/1914 1902/229/1902
f 1904/231/1904 1916/244/1916 1915/243/1915 1903/230/1903
f 1905/232/1905 1917/245/1917 1916/244/1916 1904/231/1904
f 1906/233/1906 1918/246/1918 1917/245/1917 1905/232/1905
f 1907/234/1907 1919/247/1919 1918/246/1918 1906/233/1906
f 1908/223/1908 1920/236/1920 1919/247/1919 1907/234/1907
f 1909/235/1909 1921/248/1921 1932/249/1932 1920/236/1920
f 1910/237/1910 1922/250/1922 1921/251/1921 1909/238/1909
f 1911/239/1911 1923/252/1923 1922/250/1922 1910/237/1910
f 1912/240/1912 1924/253/1924 1923/252/1923 1911/239/1911
f 1913/241/1913 1925/254/1925 1924/253/1924 1912/240/1912
f 1914/242/1914 1926/255/1926 1925/254/1925 1913/241/1913
f 1915/243/1915 1927/256/1927 1926/255/1926 1914/242/1914
f 1916/244/1916 1928/257/1928 1927/256/1927 1915/243/1915
f 1917/245/1917 1929/258/1929 1928/257/1928 1916/244/1916
f 1918/246/1918 1930/259/1930 1929/258/1929 1917/245/1917
f 1919/247/1919 1931/260/1931 1930/259/1930 1918/246/1918
f 1920/236/1920 1932/249/1932 1931/260/1931 1919/247/1919
f 1921/248/1921 1933/261/1933 1944/262/1944 1932/249/1932
f 1922/250/1922 1934/263/1934 1933/264/1933 1921/251/1921
f 1923/252/1923 1935/265/1935 1934/263/1934 1922/250/1922
f 1924/253/1924 1936/266/1936 1935/265/1935 1923/252/1923
f 1925/254/1925 1937/267/1937 1936/266/1936 1924/253/1924
f 1926/255/1926 1938/268/1938 1937/267/1937 1925/254/1925
f 1927/256/1927 1939/269/1939 1938/268/1938 1926/255/1926
f 1928/257/1928 1940/270/1940 1939/269/1939 1927/256/1927
f 1929/258/1929 1941/271/1941 1940/270/1940 1928/257/1928
f 1930/259/1930 1942/272/1942 1941/271/1941 1929/258/1929
f 1931/260/1931 1943/273/1943 1942/272/1942 1930/259/1930
f 1932/249/1932 1944/262/1944 1943/273/1943 1931/260/1931
f 1933/261/1933 1945/274/1945 1956/275/1956 1944/262/1944
f 1934/263/1934 1946/276/1946 1945/277/1945 1933/264/1933
f 1935/265/1935 1947/278/1947 1946/276/1946 1934/263/1934
f 1936/266/1936 1948/279/1948 1947/278/1947 1935/265/1935
f 1937/267/1937 1949/280/1949 1948/279/1948 1936/266/1936
f 1938/268/1938 1950/281/1950 1949/280/1949 1937/267/1937
f 1939/269/1939 1951/282/1951 1950/281/1950 1938/268/1938
f 1940/270/1940 1952/283/1952 1951/282/1951 1939/269/1939
f 1941/271/1941 1953/284/1953 1952/283/1952 1940/270/1940
f 1942/272/1942 1954/285/1954 1953/284/1953 1941/271/1941
f 1943/273/1943 1955/286/1955 1954/285/1954 1942/272/1942
f 1944/262/1944 1956/275/1956 1955/286/1955 1943/273/1943
f 1945/274/1945 1957/287/1957 1968/288/1968 1956/275/1956
f 1946/276/1946 1958/289/1958 1957/290/1957 1945/277/1945
f 1947/278/1947 1959/291/1959 1958/289/1958 1946/276/1946
f 1948/279/1948 1960/292/1960 1959/291/1959 1947/278/1947
f 1949/280/1949 1961/293/1961 1960/292/1960 1948/279/1948
f 1950/281/1950 1962/294/1962 1961/293/1961 1949/280/1949
f 1951/282/1951 1963/295/1963 1962/294/1962 1950/281/1950
f 1952/283/1952 1964/296/1964 1963/295/1963 1951/282/1951
f 1953/284/1953 1965/297/1965 1964/296/1964 1952/283/1952
f 1954/285/1954 1966/298/1966 1965/297/1965 1953/284/1953
f 1955/286/1955 1967/299/1967 1966/298/1966 1954/285/1954
f 1956/275/1956 1968/288/1968 1967/299/1967 1955/286/1955
f 1957/287/1957 1969/300/1969 1980/301/1980 1968/288/1968
f 1958/289/1958 1970/302/1970 1969/303/1969 1957/290/1957
f 1959/291/1959 1971/304/1971 1970/302/1970 1958/289/1958
f 1960/292/1960 1972/305/1972 1971/304/1971 1959/291/1959
f 1961/293/1961 1973/306/1973 1972/305/1972 1960/292/1960
f 1962/294/1962 1974/307/1974 1973/306/1973 1961/293/1961
f 1963/295/1963 1975/308/1975 1974/307/1974 1962/294/1962
f 1964/296/1964 1976/309/1976 1975/308/1975 1963/295/1963
f 1965/297/1965 1977/310/1977 1976/309/1976 1964/296/1964
f 1966/298/1966 1978/311/1978 1977/310/1977 1965/297/1965
f 1967/299/1967 1979/312/1979 1978/311/1978 1966/298/1966
f 1968/288/1968 1980/301/1980 1979/312/1979 1967/299/1967
f 1693/1/1693 1704/4/1704 1992/3/1992 1981/2/1981
f 1694/5/1694 1693/8/1693 1981/7/1981 1982/6/1982
f 1695/9/1695 1694/5/1694 1982/6/1982 1983/10/1983
f 1696/11/1696 1695/9/1695 1983/10/1983 1984/12/1984
f 1697/13/1697 1696/11/1696 1984/12/1984 1985/14/1985
f 1698/15/1698 1697/13/1697 1985/14/1985 1986/16/1986
f 1699/17/1699 1698/15/1698 1986/16/1986 1987/18/1987
f 1700/19/1700 1699/17/1699 1987/18/1987 1988/20/1988
f 1701/21/1701 1700/19/1700 1988/20/1988 1989/22/1989
f 1702/23/1702 1701/21/1701 1989/22/1989 1990/24/1990
f 1703/25/1703 1702/23/1702 1990/24/1990 1991/26/1991
f 1704/4/1704 1703/25/1703 1991/26/1991 1992/3/1992
f 1981/2/1981 1992/3/1992 2004/28/2004 1993/27/1993
f 1982/6/1982 1981/7/1981 1993/30/1993 1994/29/1994
f 1983/10/1983 1982/6/1982 1994/29/1994 1995/31/1995
f 1984/12/1984 1983/10/1983 1995/31/1995 1996/32/1996
f 1985/14/1985 1984/12/1984 1996/32/1996 1997/33/1997
f 1986/16/1986 1985/14/1985 1997/33/1997 1998/34/1998
f 1987/18/1987 1986/16/1986 1998/34/1998 1999/35/1999
f 1988/20/1988 1987/18/1987 1999/35/1999 2000/36/2000
f 1989/22/1989 1988/20/1988 2000/36/2000 2001/37/2001
f 1990/24/1990 1989/22/1989 2001/37/2001 2002/38/2002
f 1991/26/1991 1990/24/1990 2002/38/2002 2003/39/2003
f 1992/3/1992 1991/26/1991 2003/39/2003 2004/28/2004
f 1993/27/1993 2004/28/2004 2016/41/2016 2005/40/2005
f 1994/29/1994 1993/30/1993 2005/43/2005 2006/42/2006
f 1995/31/1995 1994/29/1994 2006/42/2006 2007/44/2007
f 1996/32/1996 1995/31/1995 2007/44/2007 2008/45/2008
f 1997/33/1997 1996/32/1996 2008/45/2008 2009/46/2009
f 1998/34/1998 1997/33/1997 2009/46/2009 2010/47/2010
f 1999/35/1999 1998/34/1998 2010/47/2010 2011/48/2011
f 2000/36/2000 1999/35/1999 2011/48/2011 2012/49/2012
f 2001/37/2001 2000/36/2000 2012/49/2012 2013/50/2013
f 2002/38/2002 2001/37/2001 2013/50/2013 2014/51/2014
f 2003/39/2003 2002/38/2002 2014/51/2014 2015/52/2015
f 2004/28/2004 2003/39/2003 2015/52/2015 2016/41/2016
f 2005/40/2005 2016/41/2016 2028/54/2028 2017/53/2017
f 2006/42/2006 2005/43/2005 2017/56/2017 2018/55/2018
f 2007/44/2007 2006/42/2006 2018/55/2018 2019/57/2019
f 2008/45/2008 2007/44/2007 2019/57/2019 2020/58/2020
f 2009/46/2009 2008/45/2008 2020/58/2020 2021/59/2021
f 2010/47/2010 2009/46/2009 2021/59/2021 2022/60/2022
f 2011/48/2011 2010/47/2010 2022/60/2022 2023/61/2023
f 2012/49/2012 2011/48/2011 2023/61/2023 2024/62/2024
f 2013/50/2013 2012/49/2012 2024/62/2024 2025/63/2025
f 2014/51/2014 2013/50/2013 2025/63/2025 2026/64/2026
f 2015/52/2015 2014/51/2014 2026/64/2026 2027/65/2027
f 2016/41/2016 2015/52/2015 2027/65/2027 2028/54/2028
f 2017/53/2017 2028/54/2028 2040/67/2040 2029/66/2029
f 2018/55/2018 2017/56/2017 2029/69/2029 2030/68/2030
f 2019/57/2019 2018/55/2018 2030/68/2030 2031/70/2031
f 2020/58/2020 2019/57/2019 2031/70/2031 2032/71/2032
f 2021/59/2021 2020/58/2020 2032/71/2032 2033/72/2033
f 2022/60/2022 2021/59/2021 2033/72/2033 2034/73/2034
f 2023/61/2023 2022/60/2022 2034/73/2034 2035/74/2035
f 2024/62/2024 2023/61/2023 2035/74/2035 2036/75/2036
f 2025/63/2025 2024/62/2024 2036/75/2036 2037/76/2037
f 2026/64/2026 2025/63/2025 2037/76/2037 2038/77/2038
f 2027/65/2027 2026/64/2026 2038/77/2038 2039/78/2039
f 2028/54/2028 2027/65/2027 2039/78/2039 2040/67/2040
f 2029/66/2029 2040/67/2040 2052/80/2052 2041/79/2041
f 2030/68/2030 2029/69/2029 2041/82/2041 2042/81/2042
f 2031/70/2031 2030/68/2030 2042/81/2042 2043/83/2043
f 2032/71/2032 2031/70/2031 2043/83/2043 2044/84/2044
f 2033/72/2033 2032/71/2032 2044/84/2044 2045/85/2045
f 2034/73/2034 2033/72/2033 2045/85/2045 2046/86/2046
f 2035/74/2035 2034/73/2034 2046/86/2046 2047/87/2047
f 2036/75/2036 2035/74/2035 2047/87/2047 2048/88/2048
f 2037/76/2037 2036/75/2036 2048/88/2048 2049/89/2049
f 2038/77/2038 2037/76/2037 2049/89/2049 2050/90/2050
f 2039/78/2039 2038/77/2038 2050/90/2050 2051/91/2051
f 2040/67/2040 2039/78/2039 2051/91/2051 2052/80/2052
f 2041/79/2041 2052/80/2052 2064/93/2064 2053/92/2053
f 2042/81/2042 2041/82/2041 2053/95/2053 2054/94/2054
f 2043/83/2043 2042/81/2042 2054/94/2054 2055/96/2055
f 2044/84/2044 2043/83/2043 2055/96/2055 2056/97/2056
f 2045/85/2045 2044/84/2044 2056/97/2056 2057/98/2057
f 2046/86/2046 2045/85/2045 2057/98/2057 2058/99/2058
f 2047/87/2047 2046/86/2046 2058/99/2058 2059/100/2059
f 2048/88/2048 2047/87/2047 2059/100/2059 2060/101/2060
f 2049/89/2049 2048/88/2048 2060/101/2060 2061/102/2061
f 2050/90/2050 2049/89/2049 2061/102/2061 2062/103/2062
f 2051/91/2051 2050/90/2050 2062/103/2062 2063/104/2063
f 2052/80/2052 2051/91/2051 2063/104/2063 2064/93/2064
f 2053/92/2053 2064/93/2064 2076/106/2076 2065/105/2065
f 2054/94/2054 2053/95/2053 2065/108/2065 2066/107/2066
f 2055/96/2055 2054/94/2054 2066/107/2066 2067/109/2067
f 2056/97/2056 2055/96/2055 2067/109/2067 2068/110/2068
f 2057/98/2057 2056/97/2056 2068/110/2068 2069/111/2069
f 2058/99/2058 2057/98/2057 2069/111/2069 2070/112/2070
f 2059/100/2059 2058/99/2058 2070/112/2070 2071/113/2071
f 2060/101/2060 2059/100/2059 2071/113/2071 2072/114/2072
f 2061/102/2061 2060/101/2060 2072/114/2072 2073/115/2073
f 2062/103/2062 2061/102/2061 2073/115/2073 2074/116/2074
f 2063/104/2063 2062/103/2062 2074/116/2074 2075/117/2075
f 2064/93/2064 2063/104/2063 2075/117/2075 2076/106/2076
f 2065/105/2065 2076/106/2076 2088/119/2088 2077/118/2077
f 2066/107/2066 2065/108/2065 2077/121/2077 2078/120/2078
f 2067/109/2067 2066/107/2066 2078/120/2078 2079/122/2079
f 2068/110/2068 2067/109/2067 2079/122/2079 2080/123/2080
f 2069/111/2069 2068/110/2068 2080/123/2080 2081/124/2081
f 2070/112/2070 2069/111/2069 2081/124/2081 2082/125/2082
f 2071/113/2071 2070/112/2070 2082/125/2082 2083/126/2083
f 2072/114/2072 2071/113/2071 2083/126/2083 2084/127/2084
f 2073/115/2073 2072/114/2072 2084/127/2084 2085/128/2085
f 2074/116/2074 2073/115/2073 2085/128/2085 2086/129/2086
f 2075/117/2075 2074/116/2074 2086/129/2086 2087/130/2087
f 2076/106/2076 2075/117/2075 2087/130/2087 2088/119/2088
f 2077/118/2077 2088/119/2088 2100/132/2100 2089/131/2089
f 2078/120/2078 2077/121/2077 2089/134/2089 2090/133/2090
f 2079/122/2079 2078/120/2078 2090/133/2090 2091/135/2091
f 2080/123/2080 2079/122/2079 2091/135/2091 2092/136/2092
f 2081/124/2081 2080/123/2080 2092/136/2092 2093/137/2093
f 2082/125/2082 2081/124/2081 2093/137/2093 2094/138/2094
f 2083/126/2083 2082/125/2082 2094/138/2094 2095/139/2095
f 2084/127/2084 2083/126/2083 2095/139/2095 2096/140/2096
f 2085/128/2085 2084/127/2084 2096/140/2096 2097/141/2097
f 2086/129/2086 2085/128/2085 2097/141/2097 2098/142/2098
f 2087/130/2087 2086/129/2086 2098/142/2098 2099/143/2099
f 2088/119/2088 2087/130/2087 2099/143/2099 2100/132/2100
f 2089/131/2089 2100/132/2100 2112/145/2112 2101/144/2101
f 2090/133/2090 2089/134/2089 2101/147/2101 2102/146/2102
f 2091/135/2091 2090/133/2090 2102/146/2102 2103/148/2103
f 2092/136/2092 2091/135/2091 2103/148/2103 2104/149/2104
f 2093/137/2093 2092/136/2092 2104/149/2104 2105/150/2105
f 2094/138/2094 2093/137/2093 2105/150/2105 2106/151/2106
f 2095/139/2095 2094/138/2094 2106/151/2106 2107/152/2107
f 2096/140/2096 2095/139/2095 2107/152/2107 2108/153/2108
f 2097/141/2097 2096/140/2096 2108/153/2108 2109/154/2109
f 2098/142/2098 2097/141/2097 2109/154/2109 2110/155/2110
f 2099/143/2099 2098/142/2098 2110/155/2110 2111/156/2111
f 2100/132/2100 2099/143/2099 2111/156/2111 2112/145/2112
f 2101/144/2101 2112/145/2112 2124/158/2124 2113/157/2113
f 2102/146/2102 2101/147/2101 2113/160/2113 2114/159/2114
f 2103/148/2103 2102/146/2102 2114/159/2114 2115/161/2115
f 2104/149/2104 2103/148/2103 2115/161/2115 2116/162/2116
f 2105/150/2105 2104/149/2104 2116/162/2116 2117/163/2117
f 2106/151/2106 2105/150/2105 2117/163/2117 2118/164/2118
f 2107/152/2107 2106/151/2106 2118/164/2118 2119/165/2119
f 2108/153/2108 2107/152/2107 2119/165/2119 2120/166/2120
f 2109/154/2109 2108/153/2108 2120/166/2120 2121/167/2121
f 2110/155/2110 2109/154/2109 2121/167/2121 2122/168/2122
f 2111/156/2111 2110/155/2110 2122/168/2122 2123/169/2123
f 2112/145/2112 2111/156/2111 2123/169/2123 2124/158/2124
f 2113/157/2113 2124/158/2124 2136/171/2136 2125/170/2125
f 2114/159/2114 2113/160/2113 2125/173/2125 2126/172/2126
f 2115/161/2115 2114/159/2114 2126/172/2126 2127/174/2127
f 2116/162/2116 2115/161/2115 2127/174/2127 2128/175/2128
f 2117/163/2117 2116/162/2116 2128/175/2128 2129/176/2129
f 2118/164/2118 2117/163/2117 2129/176/2129 2130/177/2130
f 2119/165/2119 2118/164/2118 2130/177/2130 2131/178/2131
f 2120/166/2120 2119/165/2119 2131/178/2131 2132/179/2132
f 2121/167/2121 2120/166/2120 2132/179/2132 2133/180/2133
f 2122/168/2122 2121/167/2121 2133/180/2133 2134/181/2134
f 2123/169/2123 2122/168/2122 2134/181/2134 2135/182/2135
f 2124/158/2124 2123/169/2123 2135/182/2135 2136/171/2136
f 2125/170/2125 2136/171/2136 2148/184/2148 2137/183/2137
f 2126/172/2126 2125/173/2125 2137/186/2137 2138/185/2138
f 2127/174/2127 2126/172/2126 2138/185/2138 2139/187/2139
f 2128/175/2128 2127/174/2127 2139/187/2139 2140/188/2140
f 2129/176/2129 2128/175/2128 2140/188/2140 2141/189/2141
f 2130/177/2130 2129/176/2129 2141/189/2141 2142/190/2142
f 2131/178/2131 2130/177/2130 2142/190/2142 2143/191/2143
f 2132/179/2132 2131/178/2131 2143/191/2143 2144/192/2144
f 2133/180/2133 2132/179/2132 2144/192/2144 2145/193/2145
f 2134/181/2134 2133/180/2133 2145/193/2145 2146/194/2146
f 2135/182/2135 2134/181/2134 2146/194/2146 2147/195/2147
f 2136/171/2136 2135/182/2135 2147/195/2147 2148/184/2148
f 2137/183/2137 2148/184/2148 2160/197/2160 2149/196/2149
f 2138/185/2138 2137/186/2137 2149/199/2149 2150/198/2150
f 2139/187/2139 2138/185/2138 2150/198/2150 2151/200/2151
f 2140/188/2140 2139/187/2139 2151/200/2151 2152/201/2152
f 2141/189/2141 2140/188/2140 2152/201/2152 2153/202/2153
f 2142/190/2142 2141/189/2141 2153/202/2153 2154/203/2154
f 2143/191/2143 2142/190/2142 2154/203/2154 2155/204/2155
f 2144/192/2144 2143/191/2143 2155/204/2155 2156/205/2156
f 2145/193/2145 2144/192/2144 2156/205/2156 2157/206/2157
f 2146/194/2146 2145/193/2145 2157/206/2157 2158/207/2158
f 2147/195/2147 2146/194/2146 2158/207/2158 2159/208/2159
f 2148/184/2148 2147/195/2147 2159/208/2159 2160/197/2160
f 2149/196/2149 2160/197/2160 2172/210/2172 2161/209/2161
f 2150/198/2150 2149/199/2149 2161/212/2161 2162/211/2162
f 2151/200/2151 2150/198/2150 2162/211/2162 2163/213/2163
f 2152/201/2152 2151/200/2151 2163/213/2163 2164/214/2164
f 2153/202/2153 2152/201/2152 2164/214/2164 2165/215/2165
f 2154/203/2154 2153/202/2153 2165/215/2165 2166/216/2166
f 2155/204/2155 2154/203/2154 2166/216/2166 2167/217/2167
f 2156/205/2156 2155/204/2155 2167/217/2167 2168/218/2168
f 2157/206/2157 2156/205/2156 2168/218/2168 2169/219/2169
f 2158/207/2158 2157/206/2157 2169/219/2169 2170/220/2170
f 2159/208/2159 2158/207/2158 2170/220/2170 2171/221/2171
f 2160/197/2160 2159/208/2159 2171/221/2171 2172/210/2172
f 2161/209/2161 2172/210/2172 2184/223/2184 2173/222/2173
f 2162/211/2162 2161/212/2161 2173/225/2173 2174/224/2174
f 2163/213/2163 2162/211/2162 2174/224/2174 2175/226/2175
f 2164/214/2164 2163/213/2163 2175/226/2175 2176/227/2176
f 2165/215/2165 2164/214/2164 2176/227/2176 2177/228/2177
f 2166/216/2166 2165/215/2165 2177/228/2177 2178/229/2178
f 2167/217/2167 2166/216/2166 2178/229/2178 2179/230/2179
f 2168/218/2168 2167/217/2167 2179/230/2179 2180/231/2180
f 2169/219/2169 2168/218/2168 2180/231/2180 2181/232/2181
f 2170/220/2170 2169/219/2169 2181/232/2181 2182/233/2182
f 2171/221/2171 2170/220/2170 2182/233/2182 2183/234/2183
f 2172/210/2172 2171/221/2171 2183/234/2183 2184/223/2184
f 2173/222/2173 2184/223/2184 2196/236/2196 2185/235/2185
f 2174/224/2174 2173/225/2173 2185/238/2185 2186/237/2186
f 2175/226/2175 2174/224/2174 2186/237/2186 2187/239/2187
f 2176/227/2176 2175/226/2175 2187/239/2187 2188/240/2188
f 2177/228/2177 2176/227/2176 2188/240/2188 2189/241/2189
f 2178/229/2178 2177/228/2177 2189/241/2189 2190/242/2190
f 2179/230/2179 2178/229/2178 2190/242/2190 2191/243/2191
f 2180/231/2180 2179/230/2179 2191/243/2191 2192/244/2192
f 2181/232/2181 2180/231/2180 2192/244/2192 2193/245/2193
f 2182/233/2182 2181/232/2181 2193/245/2193 2194/246/2194
f 2183/234/2183 2182/233/2182 2194/246/2194 2195/247/2195
f 2184/223/2184 2183/234/2183 2195/247/2195 2196/236/2196
f 2185/235/2185 2196/236/2196 2208/249/2208 2197/248/2197
f 2186/237/2186 2185/238/2185 2197/251/2197 2198/250/2198
f 2187/239/2187 2186/237/2186 2198/250/2198 2199/252/2199
f 2188/240/2188 2187/239/2187 2199/252/2199 2200/253/2200
f 2189/241/2189 2188/240/2188 2200/253/2200 2201/254/2201
f 2190/242/2190 2189/241/2189 2201/254/2201 2202/255/2202
f 2191/243/2191 2190/242/2190 2202/255/2202 2203/256/2203
f 2192/244/2192 2191/243/2191 2203/256/2203 2204/257/2204
f 2193/245/2193 2192/244/2192 2204/257/2204 2205/258/2205
f 2194/246/2194 2193/245/2193 2205/258/2205 2206/259/2206
f 2195/247/2195 2194/246/2194 2206/259/2206 2207/260/2207
f 2196/236/2196 2195/247/2195 2207/260/2207 2208/249/2208
f 2197/248/2197 2208/249/2208 2220/262/2220 2209/261/2209
f 2198/250/2198 2197/251/2197 2209/264/2209 2210/263/2210
f 2199/252/2199 2198/250/2198 2210/263/2210 2211/265/2211
f 2200/253/2200 2199/252/2199 2211/265/2211 2212/266/2212
f 2201/254/2201 2200/253/2200 2212/266/2212 2213/267/2213
f 2202/255/2202 2201/254/2201 2213/267/2213 2214/268/2214
f 2203/256/2203 2202/255/2202 2214/268/2214 2215/269/2215
f 2204/257/2204 2203/256/2203 2215/269/2215 2216/270/2216
f 2205/258/2205 2204/257/2204 2216/270/2216 2217/271/2217
f 2206/259/2206 2205/258/2205 2217/271/2217 2218/272/2218
f 2207/260/2207 2206/259/2206 2218/272/2218 2219/273/2219
f 2208/249/2208 2207/260/2207 2219/273/2219 2220/262/2220
f 2209/261/2209 2220/262/2220 2232/275/2232 2221/274/2221
f 2210/263/2210 2209/264/2209 2221/277/2221 2222/276/2222
f 2211/265/2211 2210/263/2210 2222/276/2222 2223/278/2223
f 2212/266/2212 2211/265/2211 2223/278/2223 2224/279/2224
f 2213/267/2213 2212/266/2212 2224/279/2224 2225/280/2225
f 2214/268/2214 2213/267/2213 2225/280/2225 2226/281/2226
f 2215/269/2215 2214/268/2214 2226/281/2226 2227/282/2227
f 2216/270/2216 2215/269/2215 2227/282/2227 2228/283/2228
f 2217/271/2217 2216/270/2216 2228/283/2228 2229/284/2229
f 2218/272/2218 2217/271/2217 2229/284/2229 2230/285/2230
f 2219/273/2219 2218/272/2218 2230/285/2230 2231/286/2231
f 2220/262/2220 2219/273/2219 2231/286/2231 2232/275/2232
f 2221/274/2221 2232/275/2232 2244/288/2244 2233/287/2233
f 2222/276/2222 2221/277/2221 2233/290/2233 2234/289/2234
f 2223/278/2223 2222/276/2222 2234/289/2234 2235/291/2235
f 2224/279/2224 2223/278/2223 2235/291/2235 2236/292/2236
f 2225/280/2225 2224/279/2224 2236/292/2236 2237/293/2237
f 2226/281/2226 2225/280/2225 2237/293/2237 2238/294/2238
f 2227/282/2227 2226/281/2226 2238/294/2238 2239/295/2239
f 2228/283/2228 2227/282/2227 2239/295/2239 2240/296/2240
f 2229/284/2229 2228/283/2228 2240/296/2240 2241/297/2241
f 2230/285/2230 2229/284/2229 2241/297/2241 2242/298/2242
f 2231/286/2231 2230/285/2230 2242/298/2242 2243/299/2243
f 2232/275/2232 2231/286/2231 2243/299/2243 2244/288/2244
f 2233/287/2233 2244/288/2244 2256/301/2256 2245/300/2245
f 2234/289/2234 2233/290/2233 2245/303/2245 2246/302/2246
f 2235/291/2235 2234/289/2234 2246/302/2246 2247/304/2247
f 2236/292/2236 2235/291/2235 2247/304/2247 2248/305/2248
f 2237/293/2237 2236/292/2236 2248/305/2248 2249/306/2249
f 2238/294/2238 2237/293/2237 2249/306/2249 2250/307/2250
f 2239/295/2239 2238/294/2238 2250/307/2250 2251/308/2251
f 2240/296/2240 2239/295/2239 2251/308/2251 2252/309/2252
f 2241/297/2241 2240/296/2240 2252/309/2252 2253/310/2253
f 2242/298/2242 2241/297/2241 2253/310/2253 2254/311/2254
f 2243/299/2243 2242/298/2242 2254/311/2254 2255/312/2255
f 2244/288/2244 2243/299/2243 2255/312/2255 2256/301/2256
f 2257/1/2257 2269/2/2269 2280/3/2280 2268/4/2268
f 2258/5/2258 2270/6/2270 2269/7/2269 2257/8/2257
f 2259/9/2259 2271/10/2271 2270/6/2270 2258/5/2258
f 2260/11/2260 2272/12/2272 2271/10/2271 2259/9/2259
f 2261/13/2261 2273/14/2273 2272/12/2272 2260/11/2260
f 2262/15/2262 2274/16/2274 2273/14/2273 2261/13/2261
f 2263/17/2263 2275/18/2275 2274/16/2274 2262/15/2262
f 2264/19/2264 2276/20/2276 2275/18/2275 2263/17/2263
f 2265/21/2265 2277/22/2277 2276/20/2276 2264/19/2264
f 2266/23/2266 2278/24/2278 2277/22/2277 2265/21/2265
f 2267/25/2267 2279/26/2279 2278/24/2278 2266/23/2266
f 2268/4/2268 2280/3/2280 2279/26/2279 2267/25/2267
f 2269/2/2269 2281/27/2281 2292/28/2292 2280/3/2280
f 2270/6/2270 2282/29/2282 2281/30/2281 2269/7/2269
f 2271/10/2271 2283/31/2283 2282/29/2282 2270/6/2270
f 2272/12/2272 2284/32/2284 2283/31/2283 2271/10/2271
f 2273/14/2273 2285/33/2285 2284/32/2284 2272/12/2272
f 2274/16/2274 2286/34/2286 2285/33/2285 2273/14/2273
f 2275/18/2275 2287/35/2287 2286/34/2286 2274/16/2274
f 2276/20/2276 2288/36/2288 2287/35/2287 2275/18/2275
f 2277/22/2277 2289/37/2289 2288/36/2288 2276/20/2276
f 2278/24/2278 2290/38/2290 2289/37/2289 2277/22/2277
f 2279/26/2279 2291/39/2291 2290/38/2290 2278/24/2278
f 2280/3/2280 2292/28/2292 2291/39/2291 2279/26/2279
f 2281/27/2281 2293/40/2293 2304/41/2304 2292/28/2292
f 2282/29/2282 2294/42/2294 2293/43/2293 2281/30/2281
f 2283/31/2283 2295/44/2295 2294/42/2294 2282/29/2282
f 2284/32/2284 2296/45/2296 2295/44/2295 2283/31/2283
f 2285/33/2285 2297/46/2297 2296/45/2296 2284/32/2284
f 2286/34/2286 2298/47/2298 2297/46/2297 2285/33/2285
f 2287/35/2287 2299/48/2299 2298/47/2298 2286/34/2286
f 2288/36/2288 2300/49/2300 2299/48/2299 2287/35/2287
f 2289/37/2289 2301/50/2301 2300/49/2300 2288/36/2288
f 2290/38/2290 2302/51/2302 2301/50/2301 2289/37/2289
f 2291/39/2291 2303/52/2303 2302/51/2302 2290/38/2290
f 2292/28/2292 2304/41/2304 2303/52/2303 2291/39/2291
f 2293/40/2293 2305/53/2305 2316/54/2316 2304/41/2304
f 2294/42/2294 2306/55/2306 2305/56/2305 2293/43/2293
f 2295/44/2295 2307/57/2307 2306/55/2306 2294/42/2294
f 2296/45/2296 2308/58/2308 2307/57/2307 2295/44/2295
f 2297/46/2297 2309/59/2309 2308/58/2308 2296/45/2296
f 2298/47/2298 2310/60/2310 2309/59/2309 2297/46/2297
f 2299/48/2299 2311/61/2311 2310/60/2310 2298/47/2298
f 2300/49/2300 2312/62/2312 2311/61/2311 2299/48/2299
f 2301/50/2301 2313/63/2313 2312/62/2312 2300/49/2300
f 2302/51/2302 2314/64/2314 2313/63/2313 2301/50/2301
f 2303/52/2303 2315/65/2315 2314/64/2314 2302/51/2302
f 2304/41/2304 2316/54/2316 2315/65/2315 2303/52/2303
f 2305/53/2305 2317/66/2317 2328/67/2328 2316/54/2316
f 2306/55/2306 2318/68/2318 2317/69/2317 2305/56/2305
f 2307/57/2307 2319/70/2319 2318/68/2318 2306/55/2306
f 2308/58/2308 2320/71/2320 2319/70/2319 2307/57/2307
f 2309/59/2309 2321/72/2321 2320/71/2320 2308/58/2308
f 2310/60/2310 2322/73/2322 2321/72/2321 2309/59/2309
f 2311/61/2311 2323/74/2323 2322/73/2322 2310/60/2310
f 2312/62/2312 2324/75/2324 2323/74/2323 2311/61/2311
f 2313/63/2313 2325/76/2325 2324/75/2324 2312/62/2312
f 2314/64/2314 2326/77/2326 2325/76/2325 2313/63/2313
f 2315/65/2315 2327/78/2327 2326/77/2326 2314/64/2314
f 2316/54/2316 2328/67/2328 2327/78/2327 2315/65/2315
f 2317/66/2317 2329/79/2329 2340/80/2340 2328/67/2328
f 2318/68/2318 2330/81/2330 2329/82/2329 2317/69/2317
f 2319/70/2319 2331/83/2331 2330/81/2330 2318/68/2318
f 2320/71/2320 2332/84/2332 2331/83/2331 2319/70/2319
f 2321/72/2321 2333/85/2333 2332/84/2332 2320/71/2320
f 2322/73/2322 2334/86/2334 2333/85/2333 2321/72/2321
f 2323/74/2323 2335/87/2335 2334/86/2334 2322/73/2322
f 2324/75/2324 2336/88/2336 2335/87/2335 2323/74/2323
f 2325/76/2325 2337/89/2337 2336/88/2336 2324/75/2324
f 2326/77/2326 2338/90/2338 2337/89/2337 2325/76/2325
f 2327/78/2327 2339/91/2339 2338/90/2338 2326/77/2326
f 2328/67/2328 2340/80/2340 2339/91/2339 2327/78/2327
f 2329/79/2329 2341/92/2341 2352/93/2352 2340/80/2340
f 2330/81/2330 2342/94/2342 2341/95/2341 2329/82/2329
f 2331/83/2331 2343/96/2343 2342/94/2342 2330/81/2330
f 2332/84/2332 2344/97/2344 2343/96/2343 2331/83/2331
f 2333/85/2333 2345/98/2345 2344/97/2344 2332/84/2332
f 2334/86/2334 2346/99/2346 2345/98/2345 2333/85/2333
f 2335/87/2335 2347/100/2347 2346/99/2346 2334/86/2334
f 2336/88/2336 2348/101/2348 2347/100/2347 2335/87/2335
f 2337/89/2337 2349/102/2349 2348/101/2348 2336/88/2336
f 2338/90/2338 2350/103/2350 2349/102/2349 2337/89/2337
f 2339/91/2339 2351/104/2351 2350/103/2350 2338/90/2338
f 2340/80/2340 2352/93/2352 2351/104/2351 2339/91/2339
f 2341/92/2341 2353/105/2353 2364/106/2364 2352/93/2352
f 2342/94/2342 2354/107/2354 2353/108/2353 2341/95/2341
f 2343/96/2343 2355/109/2355 2354/107/2354 2342/94/2342
f 2344/97/2344 2356/110/2356 2355/109/2355 2343/96/2343
f 2345/98/2345 2357/111/2357 2356/110/2356 2344/97/2344
f 2346/99/2346 2358/112/2358 2357/111/2357 2345/98/2345
f 2347/100/2347 2359/113/2359 2358/112/2358 2346/99/2346
f 2348/101/2348 2360/114/2360 2359/113/2359 2347/100/2347
f 2349/102/2349 2361/115/2361 2360/114/2360 2348/101/2348
f 2350/103/2350 2362/116/2362 2361/115/2361 2349/102/2349
f 2351/104/2351 2363/117/2363 2362/116/2362 2350/103/2350
f 2352/93/2352 2364/106/2364 2363/117/2363 2351/104/2351
f 2353/105/2353 2365/118/2365 2376/119/2376 2364/106/2364
f 2354/107/2354 2366/120/2366 2365/121/2365 2353/108/2353
f 2355/109/2355 2367/122/2367 2366/120/2366 2354/107/2354
f 2356/110/2356 2368/123/2368 2367/122/2367 2355/109/2355
f 2357/111/2357 2369/124/2369 2368/123/2368 2356/110/2356
f 2358/112/2358 2370/125/2370 2369/124/2369 2357/111/2357
f 2359/113/2359 2371/126/2371 2370/125/2370 2358/112/2358
f 2360/114/2360 2372/127/2372 2371/126/2371 2359/113/2359
f 2361/115/2361 2373/128/2373 2372/127/2372 2360/114/2360
f 2362/116/2362 2374/129/2374 2373/128/2373 2361/115/2361
f 2363/117/2363 2375/130/2375 2374/129/2374 2362/116/2362
f 2364/106/2364 2376/119/2376 2375/130/2375 2363/117/2363
f 2365/118/2365 2377/131/2377 2388/132/2388 2376/119/2376
f 2366/120/2366 2378/133/2378 2377/134/2377 2365/121/2365
f 2367/122/2367 2379/135/2379 2378/133/2378 2366/120/2366
f 2368/123/2368 2380/136/2380 2379/135/2379 2367/122/2367
f 2369/124/2369 2381/137/2381 2380/136/2380 2368/123/2368
f 2370/125/2370 2382/138/2382 2381/137/2381 2369/124/2369
f 2371/126/2371 2383/139/2383 2382/138/2382 2370/125/2370
f 2372/127/2372 2384/140/2384 2383/139/2383 2371/126/2371
f 2373/128/2373 2385/141/2385 2384/140/2384 2372/127/2372
f 2374/129/2374 2386/142/2386 2385/141/2385 2373/128/2373
f 2375/130/2375 2387/143/2387 2386/142/2386 2374/129/2374
f 2376/119/2376 2388/132/2388 2387/143/2387 2375/130/2375
f 2377/131/2377 2389/144/2389 2400/145/2400 2388/132/2388
f 2378/133/2378 2390/146/2390 2389/147/2389 2377/134/2377
f 2379/135/2379 2391/148/2391 2390/146/2390 2378/133/2378
f 2380/136/2380 2392/149/2392 2391/148/2391 2379/135/2379
f 2381/137/2381 2393/150/2393 2392/149/2392 2380/136/2380
f 2382/138/2382 2394/151/2394 2393/150/2393 2381/137/2381
f 2383/139/2383 2395/152/2395 2394/151/2394 2382/138/2382
f 2384/140/2384 2396/153/2396 2395/152/2395 2383/139/2383
f 2385/141/2385 2397/154/2397 2396/153/2396 2384/140/2384
f 2386/142/2386 2398/155/2398 2397/154/2397 2385/141/2385
f 2387/143/2387 2399/156/2399 2398/155/2398 2386/142/2386
f 2388/132/2388 2400/145/2400 2399/156/2399 2387/143/2387
f 2389/144/2389 2401/157/2401 2412/158/2412 2400/145/2400
f 2390/146/2390 2402/159/2402 2401/160/2401 2389/147/2389
f 2391/148/2391 2403/161/2403 2402/159/2402 2390/146/2390
f 2392/149/2392 2404/162/2404 2403/161/2403 2391/148/2391
f 2393/150/2393 2405/163/2405 2404/162/2404 2392/149/2392
f 2394/151/2394 2406/164/2406 2405/163/2405 2393/150/2393
f 2395/152/2395 2407/165/2407 2406/164/2406 2394/151/2394
f 2396/153/2396 2408/166/2408 2407/165/2407 2395/152/2395
f 2397/154/2397 2409/167/2409 2408/166/2408 2396/153/2396
f 2398/155/2398 2410/168/2410 2409/167/2409 2397/154/2397
f 2399/156/2399 2411/169/2411 2410/168/2410 2398/155/2398
f 2400/145/2400 2412/158/2412 2411/169/2411 2399/156/2399
f 2401/157/2401 2413/170/2413 2424/171/2424 2412/158/2412
f 2402/159/2402 2414/172/2414 2413/173/2413 2401/160/2401
f 2403/161/2403 2415/174/2415 2414/172/2414 2402/159/2402
f 2404/162/2404 2416/175/2416 2415/174/2415 2403/161/2403
f 2405/163/2405 2417/176/2417 2416/175/2416 2404/162/2404
f 2406/164/2406 2418/177/2418 2417/176/2417 2405/163/2405
f 2407/165/2407 2419/178/2419 2418/177/2418 2406/164/2406
f 2408/166/2408 2420/179/2420 2419/178/2419 2407/165/2407
f 2409/167/2409 2421/180/2421 2420/179/2420 2408/166/2408
f 2410/168/2410 2422/181/2422 2421/180/2421 2409/167/2409
f 2411/169/2411 2423/182/2423 2422/181/2422 2410/168/2410
f 2412/158/2412 2424/171/2424 2423/182/2423 2411/169/2411
f 2413/170/2413 2425/183/2425 2436/184/2436 2424/171/2424
f 2414/172/2414 2426/185/2426 2425/186/2425 2413/173/2413
f 2415/174/2415 2427/187/2427 2426/185/2426 2414/172/2414
f 2416/175/2416 2428/188/2428 2427/187/2427 2415/174/2415
f 2417/176/2417 2429/189/2429 2428/188/2428 2416/175/2416
f 2418/177/2418 2430/190/2430 2429/189/2429 2417/176/2417
f 2419/178/2419 2431/191/2431 2430/190/2430 2418/177/2418
f 2420/179/2420 2432/192/2432 2431/191/2431 2419/178/2419
f 2421/180/2421 2433/193/2433 2432/192/2432 2420/179/2420
f 2422/181/2422 2434/194/2434 2433/193/2433 2421/180/2421
f 2423/182/2423 2435/195/2435 2434/194/2434 2422/181/2422
f 2424/171/2424 2436/184/2436 2435/195/2435 2423/182/2423
f 2425/183/2425 2437/196/2437 2448/197/2448 2436/184/2436
f 2426/185/2426 2438/198/2438 2437/199/2437 2425/186/2425
f 2427/187/2427 2439/200/2439 2438/198/2438 2426/185/2426
f 2428/188/2428 2440/201/2440 2439/200/2439 2427/187/2427
f 2429/189/2429 2441/202/2441 2440/201/2440 2428/188/2428
f 2430/190/2430 2442/203/2442 2441/202/2441 2429/189/2429
f 2431/191/2431 2443/204/2443 2442/203/2442 2430/190/2430
f 2432/192/2432 2444/205/2444 2443/204/2443 2431/191/2431
f 2433/193/2433 2445/206/2445 2444/205/2444 2432/192/2432
f 2434/194/2434 2446/207/2446 2445/206/2445 2433/193/2433
f 2435/195/2435 2447/208/2447 2446/207/2446 2434/194/2434
f 2436/184/2436 2448/197/2448 2447/208/2447 2435/195/2435
f 2437/196/2437 2449/209/2449 2460/210/2460 2448/197/2448
f 2438/198/2438 2450/211/2450 2449/212/2449 2437/199/2437
f 2439/200/2439 2451/213/2451 2450/211/2450 2438/198/2438
f 2440/201/2440 2452/214/2452 2451/213/2451 2439/200/2439
f 2441/202/2441 2453/215/2453 2452/214/2452 2440/201/2440
f 2442/203/2442 2454/216/2454 2453/215/2453 2441/202/2441
f 2443/204/2443 2455/217/2455 2454/216/2454 2442/203/2442
f 2444/205/2444 2456/218/2456 2455/217/2455 2443/204/2443
f 2445/206/2445 2457/219/2457 2456/218/2456 2444/205/2444
f 2446/207/2446 2458/220/2458 2457/219/2457 2445/206/2445
f 2447/208/2447 2459/221/2459 2458/220/2458 2446/207/2446
f 2448/197/2448 2460/210/2460 2459/221/2459 2447/208/2447
f 2449/209/2449 2461/222/2461 2472/223/2472 2460/210/2460
f 2450/211/2450 2462/224/2462 2461/225/2461 2449/212/2449
f 2451/213/2451 2463/226/2463 2462/224/2462 2450/211/2450
f 2452/214/2452 2464/227/2464 2463/226/2463 2451/213/2451
f 2453/215/2453 2465/228/2465 2464/227/2464 2452/214/2452
f 2454/216/2454 2466/229/2466 2465/228/2465 2453/215/2453
f 2455/217/2455 2467/230/2467 2466/229/2466 2454/216/2454
f 2456/218/2456 2468/231/2468 2467/230/2467 2455/217/2455
f 2457/219/2457 2469/232/2469 2468/231/2468 2456/218/2456
f 2458/220/2458 2470/233/2470 2469/232/2469 2457/219/2457
f 2459/221/2459 2471/234/2471 2470/233/2470 2458/220/2458
f 2460/210/2460 2472/223/2472 2471/234/2471 2459/221/2459
f 2461/222/2461 2473/235/2473 2484/236/2484 2472/223/2472
f 2462/224/2462 2474/237/2474 2473/238/2473 2461/225/2461
f 2463/226/2463 2475/239/2475 2474/237/2474 2462/224/2462
f 2464/227/2464 2476/240/2476 2475/239/2475 2463/226/2463
f 2465/228/2465 2477/241/2477 2476/240/2476 2464/227/2464
f 2466/229/2466 2478/242/2478 2477/241/2477 2465/228/2465
f 2467/230/2467 2479/243/2479 2478/242/2478 2466/229/2466
f 2468/231/2468 2480/244/2480 2479/243/2479 2467/230/2467
f 2469/232/2469 2481/245/2481 2480/244/2480 2468/231/2468
f 2470/233/2470 2482/246/2482 2481/245/2481 2469/232/2469
f 2471/234/2471 2483/247/2483 2482/246/2482 2470/233/2470
f 2472/223/2472 2484/236/2484 2483/247/2483 2471/234/2471
f 2473/235/2473 2485/248/2485 2496/249/2496 2484/236/2484
f 2474/237/2474 2486/250/2486 2485/251/2485 2473/238/2473
f 2475/239/2475 2487/252/2487 2486/250/2486 2474/237/2474
f 2476/240/2476 2488/253/2488 2487/252/2487 2475/239/2475
f 2477/241/2477 2489/254/2489 2488/253/2488 2476/240/2476
f 2478/242/2478 2490/255/2490 2489/254/2489 2477/241/2477
f 2479/243/2479 2491/256/2491 2490/255/2490 2478/242/2478
f 2480/244/2480 2492/257/2492 2491/256/2491 2479/243/2479
f 2481/245/2481 2493/258/2493 2492/257/2492 2480/244/2480
f 2482/246/2482 2494/259/2494 2493/258/2493 2481/245/2481
f 2483/247/2483 2495/260/2495 2494/259/2494 2482/246/2482
f 2484/236/2484 2496/249/2496 2495/260/2495 2483/247/2483
f 2485/248/2485 2497/261/2497 2508/262/2508 2496/249/2496
f 2486/250/2486 2498/263/2498 2497/264/2497 2485/251/2485
f 2487/252/2487 2499/265/2499 2498/263/2498 2486/250/2486
f 2488/253/2488 2500/266/2500 2499/265/2499 2487/252/2487
f 2489/254/2489 2501/267/2501 2500/266/2500 2488/253/2488
f 2490/255/2490 2502/268/2502 2501/267/2501 2489/254/2489
f 2491/256/2491 2503/269/2503 2502/268/2502 2490/255/2490
f 2492/257/2492 2504/270/2504 2503/269/2503 2491/256/2491
f 2493/258/2493 2505/271/2505 2504/270/2504 2492/257/2492
f 2494/259/2494 2506/272/2506 2505/271/2505 2493/258/2493
f 2495/260/2495 2507/273/2507 2506/272/2506 2494/259/2494
f 2496/249/2496 2508/262/2508 2507/273/2507 2495/260/2495
f 2497/261/2497 2509/274/2509 2520/275/2520 2508/262/2508
f 2498/263/2498 2510/276/2510 2509/277/2509 2497/264/2497
f 2499/265/2499 2511/278/2511 2510/276/2510 2498/263/2498
f 2500/266/2500 2512/279/2512 2511/278/2511 2499/265/2499
f 2501/267/2501 2513/280/2513 2512/279/2512 2500/266/2500
f 2502/268/2502 2514/281/2514 2513/280/2513 2501/267/2501
f 2503/269/2503 2515/282/2515 2514/281/2514 2502/268/2502
f 2504/270/2504 2516/283/2516 2515/282/2515 2503/269/2503
f 2505/271/2505 2517/284/2517 2516/283/2516 2504/270/2504
f 2506/272/2506 2518/285/2518 2517/284/2517 2505/271/2505
f 2507/273/2507 2519/286/2519 2518/285/2518 2506/272/2506
f 2508/262/2508 2520/275/2520 2519/286/2519 2507/273/2507
f 2509/274/2509 2521/287/2521 2532/288/2532 2520/275/2520
f 2510/276/2510 2522/289/2522 2521/290/2521 2509/277/2509
f 2511/278/2511 2523/291/2523 2522/289/2522 2510/276/2510
f 2512/279/2512 2524/292/2524 2523/291/2523 2511/278/2511
f 2513/280/2513 2525/293/2525 2524/292/2524 2512/279/2512
f 2514/281/2514 2526/294/2526 2525/293/2525 2513/280/2513
f 2515/282/2515 2527/295/2527 2526/294/2526 2514/281/2514
f 2516/283/2516 2528/296/2528 2527/295/2527 2515/282/2515
f 2517/284/2517 2529/297/2529 2528/296/2528 2516/283/2516
f 2518/285/2518 2530/298/2530 2529/297/2529 2517/284/2517
f 2519/286/2519 2531/299/2531 2530/298/2530 2518/285/2518
f 2520/275/2520 2532/288/2532 2531/299/2531 2519/286/2519
f 2521/287/2521 2533/300/2533 2544/301/2544 2532/288/2532
f 2522/289/2522 2534/302/2534 2533/303/2533 2521/290/2521
f 2523/291/2523 2535/304/2535 2534/302/2534 2522/289/2522
f 2524/292/2524 2536/305/2536 2535/304/2535 2523/291/2523
f 2525/293/2525 2537/306/2537 2536/305/2536 2524/292/2524
f 2526/294/2526 2538/307/2538 2537/306/2537 2525/293/2525
f 2527/295/2527 2539/308/2539 2538/307/2538 2526/294/2526
f 2528/296/2528 2540/309/2540 2539/308/2539 2527/295/2527
f 2529/297/2529 2541/310/2541 2540/309/2540 2528/296/2528
f 2530/298/2530 2542/311/2542 2541/310/2541 2529/297/2529
f 2531/299/2531 2543/312/2543 2542/311/2542 2530/298/2530
f 2532/288/2532 2544/301/2544 2543/312/2543 2531/299/2531
f 2257/1/2257 2268/4/2268 2556/3/2556 2545/2/2545
f 2258/5/2258 2257/8/2257 2545/7/2545 2546/6/2546
f 2259/9/2259 2258/5/2258 2546/6/2546 2547/10/2547
f 2260/11/2260 2259/9/2259 2547/10/2547 2548/12/2548
f 2261/13/2261 2260/11/2260 2548/12/2548 2549/14/2549
f 2262/15/2262 2261/13/2261 2549/14/2549 2550/16/2550
f 2263/17/2263 2262/15/2262 2550/16/2550 2551/18/2551
f 2264/19/2264 2263/17/2263 2551/18/2551 2552/20/2552
f 2265/21/2265 2264/19/2264 2552/20/2552 2553/22/2553
f 2266/23/2266 2265/21/2265 2553/22/2553 2554/24/2554
f 2267/25/2267 2266/23/2266 2554/24/2554 2555/26/2555
f 2268/4/2268 2267/25/2267 2555/26/2555 2556/3/2556
f 2545/2/2545 2556/3/2556 2568/28/2568 2557/27/2557
f 2546/6/2546 2545/7/2545 2557/30/2557 2558/29/2558
f 2547/10/2547 2546/6/2546 2558/29/2558 2559/31/2559
f 2548/12/2548 2547/10/2547 2559/31/2559 2560/32/2560
f 2549/14/2549 2548/12/2548 2560/32/2560 2561/33/2561
f 2550/16/2550 2549/14/2549 2561/33/2561 2562/34/2562
f 2551/18/2551 2550/16/2550 2562/34/2562 2563/35/2563
f 2552/20/2552 2551/18/2551 2563/35/2563 2564/36/2564
f 2553/22/2553 2552/20/2552 2564/36/2564 2565/37/2565
f 2554/24/2554 2553/22/2553 2565/37/2565 2566/38/2566
f 2555/26/2555 2554/24/2554 2566/38/2566 2567/39/2567
f 2556/3/2556 2555/26/2555 2567/39/2567 2568/28/2568
f 2557/27/2557 2568/28/2568 2580/41/2580 2569/40/2569
f 2558/29/2558 2557/30/2557 2569/43/2569 2570/42/2570
f 2559/31/2559 2558/29/2558 2570/42/2570 2571/44/2571
f 2560/32/2560 2559/31/2559 2571/44/2571 2572/45/2572
f 2561/33/2561 2560/32/2560 2572/45/2572 2573/46/2573
f 2562/34/2562 2561/33/2561 2573/46/2573 2574/47/2574
f 2563/35/2563 2562/34/2562 2574/47/2574 2575/48/2575
f 2564/36/2564 2563/35/2563 2575/48/2575 2576/49/2576
f 2565/37/2565 2564/36/2564 2576/49/2576 2577/50/2577
f 2566/38/2566 2565/37/2565 2577/50/2577 2578/51/2578
f 2567/39/2567 2566/38/2566 2578/51/2578 2579/52/2579
f 2568/28/2568 2567/39/2567 2579/52/2579 2580/41/2580
f 2569/40/2569 2580/41/2580 2592/54/2592 2581/53/2581
f 2570/42/2570 2569/43/2569 2581/56/2581 2582/55/2582
f 2571/44/2571 2570/42/2570 2582/55/2582 2583/57/2583
f 2572/45/2572 2571/44/2571 2583/57/2583 2584/58/2584
f 2573/46/2573 2572/45/2572 2584/58/2584 2585/59/2585
f 2574/47/2574 2573/46/2573 2585/59/2585 2586/60/2586
f 2575/48/2575 2574/47/2574 2586/60/2586 2587/61/2587
f 2576/49/2576 2575/48/2575 2587/61/2587 2588/62/2588
f 2577/50/2577 2576/49/2576 2588/62/2588 2589/63/2589
f 2578/51/2578 2577/50/2577 2589/63/2589 2590/64/2590
f 2579/52/2579 2578/51/2578 2590/64/2590 2591/65/2591
f 2580/41/2580 2579/52/2579 2591/65/2591 2592/54/2592
f 2581/53/2581 2592/54/2592 2604/67/2604 2593/66/2593
f 2582/55/2582 2581/56/2581 2593/69/2593 2594/68/2594
f 2583/57/2583 2582/55/2582 2594/68/2594 2595/70/2595
f 2584/58/2584 2583/57/2583 2595/70/2595 2596/71/2596
f 2585/59/2585 2584/58/2584 2596/71/2596 2597/72/2597
f 2586/60/2586 2585/59/2585 2597/72/2597 2598/73/2598
f 2587/61/2587 2586/60/2586 2598/73/2598 2599/74/2599
f 2588/62/2588 2587/61/2587 2599/74/2599 2600/75/2600
f 2589/63/2589 2588/62/2588 2600/75/2600 2601/76/2601
f 2590/64/2590 2589/63/2589 2601/76/2601 2602/77/2602
f 2591/65/2591 2590/64/2590 2602/77/2602 2603/78/2603
f 2592/54/2592 2591/65/2591 2603/78/2603 2604/67/2604
f 2593/66/2593 2604/67/2604 2616/80/2616 2605/79/2605
f 2594/68/2594 2593/69/2593 2605/82/2605 2606/81/2606
f 2595/70/2595 2594/68/2594 2606/81/2606 2607/83/2607
f 2596/71/2596 2595/70/2595 2607/83/2607 2608/84/2608
f 2597/72/2597 2596/71/2596 2608/84/2608 2609/85/2609
f 2598/73/2598 2597/72/2597 2609/85/2609 2610/86/2610
f 2599/74/2599 2598/73/2598 2610/86/2610 2611/87/2611
f 2600/75/2600 2599/74/2599 2611/87/2611 2612/88/2612
f 2601/76/2601 2600/75/2600 2612/88/2612 2613/89/2613
f 2602/77/2602 2601/76/2601 2613/89/2613 2614/90/2614
f 2603/78/2603 2602/77/2602 2614/90/2614 2615/91/2615
f 2604/67/2604 2603/78/2603 2615/91/2615 2616/80/2616
f 2605/79/2605 2616/80/2616 2628/93/2628 2617/92/2617
f 2606/81/2606 2605/82/2605 2617/95/2617 2618/94/2618
f 2607/83/2607 2606/81/2606 2618/94/2618 2619/96/2619
f 2608/84/2608 2607/83/2607 2619/96/2619 2620/97/2620
f 2609/85/2609 2608/84/2608 2620/97/2620 2621/98/2621
f 2610/86/2610 2609/85/2609 2621/98/2621 2622/99/2622
f 2611/87/2611 2610/86/2610 2622/99/2622 2623/100/2623
f 2612/88/2612 2611/87/2611 2623/100/2623 2624/101/2624
f 2613/89/2613 2612/88/2612 2624/101/2624 2625/102/2625
f 2614/90/2614 2613/89/2613 2625/102/2625 2626/103/2626
f 2615/91/2615 2614/90/2614 2626/103/2626 2627/104/2627
f 2616/80/2616 2615/91/2615 2627/104/2627 2628/93/2628
f 2617/92/2617 2628/93/2628 2640/106/2640 2629/105/2629
f 2618/94/2618 2617/95/2617 2629/108/2629 2630/107/2630
f 2619/96/2619 2618/94/2618 2630/107/2630 2631/109/2631
f 2620/97/2620 2619/96/2619 2631/109/2631 2632/110/2632
f 2621/98/2621 2620/97/2620 2632/110/2632 2633/111/2633
f 2622/99/2622 2621/98/2621 2633/111/2633 2634/112/2634
f 2623/100/2623 2622/99/2622 2634/112/2634 2635/113/2635
f 2624/101/2624 2623/100/2623 2635/113/2635 2636/114/2636
f 2625/102/2625 2624/101/2624 2636/114/2636 2637/115/2637
f 2626/103/2626 2625/102/2625 2637/115/2637 2638/116/2638
f 2627/104/2627 2626/103/2626 2638/116/2638 2639/117/2639
f 2628/93/2628 2627/104/2627 2639/117/2639 2640/106/2640
f 2629/105/2629 2640/106/2640 2652/119/2652 2641/118/2641
f 2630/107/2630 2629/108/2629 2641/121/2641 2642/120/2642
f 2631/109/2631 2630/107/2630 2642/120/2642 2643/122/2643
f 2632/110/2632 2631/109/2631 2643/122/2643 2644/123/2644
f 2633/111/2633 2632/110/2632 2644/123/2644 2645/124/2645
f 2634/112/2634 2633/111/2633 2645/124/2645 2646/125/2646
f 2635/113/2635 2634/112/2634 2646/125/2646 2647/126/2647
f 2636/114/2636 2635/113/2635 2647/126/2647 2648/127/2648
f 2637/115/2637 2636/114/2636 2648/127/2648 2649/128/2649
f 2638/116/2638 2637/115/2637 2649/128/2649 2650/129/2650
f 2639/117/2639 2638/116/2638 2650/129/2650 2651/130/2651
f 2640/106/2640 2639/117/2639 2651/130/2651 2652/119/2652
f 2641/118/2641 2652/119/2652 2664/132/2664 2653/131/2653
f 2642/120/2642 2641/121/2641 2653/134/2653 2654/133/2654
f 2643/122/2643 2642/120/2642 2654/133/2654 2655/135/2655
f 2644/123/2644 2643/122/2643 2655/135/2655 2656/136/2656
f 2645/124/2645 2644/123/2644 2656/136/2656 2657/137/2657
f 2646/125/2646 2645/124/2645 2657/137/2657 2658/138/2658
f 2647/126/2647 2646/125/2646 2658/138/2658 2659/139/2659
f 2648/127/2648 2647/126/2647 2659/139/2659 2660/140/2660
f 2649/128/2649 2648/127/2648 2660/140/2660 2661/141/2661
f 2650/129/2650 2649/128/2649 2661/141/2661 2662/142/2662
f 2651/130/2651 2650/129/2650 2662/142/2662 2663/143/2663
f 2652/119/2652 2651/130/2651 2663/143/2663 2664/132/2664
f 2653/131/2653 2664/132/2664 2676/145/2676 2665/144/2665
f 2654/133/2654 2653/134/2653 2665/147/2665 2666/146/2666
f 2655/135/2655 2654/133/2654 2666/146/2666 2667/148/2667
f 2656/136/2656 2655/135/2655 2667/148/2667 2668/149/2668
f 2657/137/2657 2656/136/2656 2668/149/2668 2669/150/2669
f 2658/138/2658 2657/137/2657 2669/150/2669 2670/151/2670
f 2659/139/2659 2658/138/2658 2670/151/2670 2671/152/2671
f 2660/140/2660 2659/139/2659 2671/152/2671 2672/153/2672
f 2661/141/2661 2660/140/2660 2672/153/2672 2673/154/2673
f 2662/142/2662 2661/141/2661 2673/154/2673 2674/155/2674
f 2663/143/2663 2662/142/2662 2674/155/2674 2675/156/2675
f 2664/132/2664 2663/143/2663 2675/156/2675 2676/145/2676
f 2665/144/2665 2676/145/2676 2688/158/2688 2677/157/2677
f 2666/146/2666 2665/147/2665 2677/160/2677 2678/159/2678
f 2667/148/2667 2666/146/2666 2678/159/2678 2679/161/2679
f 2668/149/2668 2667/148/2667 2679/161/2679 2680/162/2680
f 2669/150/2669 2668/149/2668 2680/162/2680 2681/163/2681
f 2670/151/2670 2669/150/2669 2681/163/2681 2682/164/2682
f 2671/152/2671 2670/151/2670 2682/164/2682 2683/165/2683
f 2672/153/2672 2671/152/2671 2683/165/2683 2684/166/2684
f 2673/154/2673 2672/153/2672 2684/166/2684 2685/167/2685
f 2674/155/2674 2673/154/2673 2685/167/2685 2686/168/2686
f 2675/156/2675 2674/155/2674 2686/168/2686 2687/169/2687
f 2676/145/2676 2675/156/2675 2687/169/2687 2688/158/2688
f 2677/157/2677 2688/158/2688 2700/171/2700 2689/170/2689
f 2678/159/2678 2677/160/2677 2689/173/2689 2690/172/2690
f 2679/161/2679 2678/159/2678 2690/172/2690 2691/174/2691
f 2680/162/2680 2679/161/2679 2691/174/2691 2692/175/2692
f 2681/163/2681 2680/162/2680 2692/175/2692 2693/176/2693
f 2682/164/2682 2681/163/2681 2693/176/2693 2694/177/2694
f 2683/165/2683 2682/164/2682 2694/177/2694 2695/178/2695
f 2684/166/2684 2683/165/2683 2695/178/2695 2696/179/2696
f 2685/167/2685 2684/166/2684 2696/179/2696 2697/180/2697
f 2686/168/2686 2685/167/2685 2697/180/2697 2698/181/2698
f 2687/169/2687 2686/168/2686 2698/181/2698 2699/182/2699
f 2688/158/2688 2687/169/2687 2699/182/2699 2700/171/2700
f 2689/170/2689 2700/171/2700 2712/184/2712 2701/183/2701
f 2690/172/2690 2689/173/2689 2701/186/2701 2702/185/2702
f 2691/174/2691 2690/172/2690 2702/185/2702 2703/187/2703
f 2692/175/2692 2691/174/2691 2703/187/2703 2704/188/2704
f 2693/176/2693 2692/175/2692 2704/188/2704 2705/189/2705
f 2694/177/2694 2693/176/2693 2705/189/2705 2706/190/2706
f 2695/178/2695 2694/177/2694 2706/190/2706 2707/191/2707
f 2696/179/2696 2695/178/2695 2707/191/2707 2708/192/2708
f 2697/180/2697 2696/179/2696 2708/192/2708 2709/193/2709
f 2698/181/2698 2697/180/2697 2709/193/2709 2710/194/2710
f 2699/182/2699 2698/181/2698 2710/194/2710 2711/195/2711
f 2700/171/2700 2699/182/2699 2711/195/2711 2712/184/2712
f 2701/183/2701 2712/184/2712 2724/197/2724 2713/196/2713
f 2702/185/2702 2701/186/2701 2713/199/2713 2714/198/2714
f 2703/187/2703 2702/185/2702 2714/198/2714 2715/200/2715
f 2704/188/2704 2703/187/2703 2715/200/2715 2716/201/2716
f 2705/189/2705 2704/188/2704 2716/201/2716 2717/202/2717
f 2706/190/2706 2705/189/2705 2717/202/2717 2718/203/2718
f 2707/191/2707 2706/190/2706 2718/203/2718 2719/204/2719
f 2708/192/2708 2707/191/2707 2719/204/2719 2720/205/2720
f 2709/193/2709 2708/192/2708 2720/205/2720 2721/206/2721
f 2710/194/2710 2709/193/2709 2721/206/2721 2722/207/2722
f 2711/195/2711 2710/194/2710 2722/207/2722 2723/208/2723
f 2712/184/2712 2711/195/2711 2723/208/2723 2724/197/2724
f 2713/196/2713 2724/197/2724 2736/210/2736 2725/209/2725
f 2714/198/2714 2713/199/2713 2725/212/2725 2726/211/2726
f 2715/200/2715 2714/198/2714 2726/211/2726 2727/213/2727
f 2716/201/2716 2715/200/2715 2727/213/2727 2728/214/2728
f 2717/202/2717 2716/201/2716 2728/214/2728 2729/215/2729
f 2718/203/2718 2717/202/2717 2729/215/2729 2730/216/2730
f 2719/204/2719 2718/203/2718 2730/216/2730 2731/217/2731
f 2720/205/2720 2719/204/2719 2731/217/2731 2732/218/2732
f 2721/206/2721 2720/205/2720 2732/218/2732 2733/219/2733
f 2722/207/2722 2721/206/2721 2733/219/2733 2734/220/2734
f 2723/208/2723 2722/207/2722 2734/220/2734 2735/221/2735
f 2724/197/2724 2723/208/2723 2735/221/2735 2736/210/2736
f 2725/209/2725 2736/210/2736 2748/223/2748 2737/222/2737
f 2726/211/2726 2725/212/2725 2737/225/2737 2738/224/2738
f 2727/213/2727 2726/211/2726 2738/224/2738 2739/226/2739
f 2728/214/2728 2727/213/2727 2739/226/2739 2740/227/2740
f 2729/215/2729 2728/214/2728 2740/227/2740 2741/228/2741
f 2730/216/2730 2729/215/2729 2741/228/2741 2742/229/2742
f 2731/217/2731 2730/216/2730 2742/229/2742 2743/230/2743
f 2732/218/2732 2731/217/2731 2743/230/2743 2744/231/2744
f 2733/219/2733 2732/218/2732 2744/231/2744 2745/232/2745
f 2734/220/2734 2733/219/2733 2745/232/2745 2746/233/2746
f 2735/221/2735 2734/220/2734 2746/233/2746 2747/234/2747
f 2736/210/2736 2735/221/2735 2747/234/2747 2748/223/2748
f 2737/222/2737 2748/223/2748 2760/236/2760 2749/235/2749
f 2738/224/2738 2737/225/2737 2749/238/2749 2750/237/2750
f 2739/226/2739 2738/224/2738 2750/237/2750 2751/239/2751
f 2740/227/2740 2739/226/2739 2751/239/2751 2752/240/2752
f 2741/228/2741 2740/227/2740 2752/240/2752 2753/241/2753
f 2742/229/2742 2741/228/2741 2753/241/2753 2754/242/2754
f 2743/230/2743 2742/229/2742 2754/242/2754 2755/243/2755
f 2744/231/2744 2743/230/2743 2755/243/2755 2756/244/2756
f 2745/232/2745 2744/231/2744 2756/244/2756 2757/245/2757
f 2746/233/2746 2745/232/2745 2757/245/2757 2758/246/2758
f 2747/234/2747 2746/233/2746 2758/246/2758 2759/247/2759
f 2748/223/2748 2747/234/2747 2759/247/2759 2760/236/2760
f 2749/235/2749 2760/236/2760 2772/249/2772 2761/248/2761
f 2750/237/2750 2749/238/2749 2761/251/2761 2762/250/2762
f 2751/239/2751 2750/237/2750 2762/250/2762 2763/252/2763
f 2752/240/2752 2751/239/2751 2763/252/2763 2764/253/2764
f 2753/241/2753 2752/240/2752 2764/253/2764 2765/254/2765
f 2754/242/2754 2753/241/2753 2765/254/2765 2766/255/2766
f 2755/243/2755 2754/242/2754 2766/255/2766 2767/256/2767
f 2756/244/2756 2755/243/2755 2767/256/2767 2768/257/2768
f 2757/245/2757 2756/244/2756 2768/257/2768 2769/258/2769
f 2758/246/2758 2757/245/2757 2769/258/2769 2770/259/2770
f 2759/247/2759 2758/246/2758 2770/259/2770 2771/260/2771
f 2760/236/2760 2759/247/2759 2771/260/2771 2772/249/2772
f 2761/248/2761 2772/249/2772 2784/262/2784 2773/261/2773
f 2762/250/2762 2761/251/2761 2773/264/2773 2774/263/2774
f 2763/252/2763 2762/250/2762 2774/263/2774 2775/265/2775
f 2764/253/2764 2763/252/2763 2775/265/2775 2776/266/2776
f 2765/254/2765 2764/253/2764 2776/266/2776 2777/267/2777
f 2766/255/2766 2765/254/2765 2777/267/2777 2778/268/2778
f 2767/256/2767 2766/255/2766 2778/268/2778 2779/269/2779
f 2768/257/2768 2767/256/2767 2779/269/2779 2780/270/2780
f 2769/258/2769 2768/257/2768 2780/270/2780 2781/271/2781
f 2770/259/2770 2769/258/2769 2781/271/2781 2782/272/2782
f 2771/260/2771 2770/259/2770 2782/272/2782 2783/273/2783
f 2772/249/2772 2771/260/2771 2783/273/2783 2784/262/2784
f 2773/261/2773 2784/262/2784 2796/275/2796 2785/274/2785
f 2774/263/2774 2773/264/2773 2785/277/2785 2786/276/2786
f 2775/265/2775 2774/263/2774 2786/276/2786 2787/278/2787
f 2776/266/2776 2775/265/2775 2787/278/2787 2788/279/2788
f 2777/267/2777 2776/266/2776 2788/279/2788 2789/280/2789
f 2778/268/2778 2777/267/2777 2789/280/2789 2790/281/2790
f 2779/269/2779 2778/268/2778 2790/281/2790 2791/282/2791
f 2780/270/2780 2779/269/2779 2791/282/2791 2792/283/2792
f 2781/271/2781 2780/270/2780 2792/283/2792 2793/284/2793
f 2782/272/2782 2781/271/2781 2793/284/2793 2794/285/2794
f 2783/273/2783 2782/272/2782 2794/285/2794 2795/286/2795
f 2784/262/2784 2783/273/2783 2795/286/2795 2796/275/2796
f 2785/274/2785 2796/275/2796 2808/288/2808 2797/287/2797
f 2786/276/2786 2785/277/2785 2797/290/2797 2798/289/2798
f 2787/278/2787 2786/276/2786 2798/289/2798 2799/291/2799
f 2788/279/2788 2787/278/2787 2799/291/2799 2800/292/2800
f 2789/280/2789 2788/279/2788 2800/292/2800 2801/293/2801
f 2790/281/2790 2789/280/2789 2801/293/2801 2802/294/2802
f 2791/282/2791 2790/281/2790 2802/294/2802 2803/295/2803
f 2792/283/2792 2791/282/2791 2803/295/2803 2804/296/2804
f 2793/284/2793 2792/283/2792 2804/296/2804 2805/297/2805
f 2794/285/2794 2793/284/2793 2805/297/2805 2806/298/2806
f 2795/286/2795 2794/285/2794 2806/298/2806 2807/299/2807
f 2796/275/2796 2795/286/2795 2807/299/2807 2808/288/2808
f 2797/287/2797 2808/288/2808 2820/301/2820 2809/300/2809
f 2798/289/2798 2797/290/2797 2809/303/2809 2810/302/2810
f 2799/291/2799 2798/289/2798 2810/302/2810 2811/304/2811
f 2800/292/2800 2799/291/2799 2811/304/2811 2812/305/2812
f 2801/293/2801 2800/292/2800 2812/305/2812 2813/306/2813
f 2802/294/2802 2801/293/2801 2813/306/2813 2814/307/2814
f 2803/295/2803 2802/294/2802 2814/307/2814 2815/308/2815
f 2804/296/2804 2803/295/2803 2815/308/2815 2816/309/2816
f 2805/297/2805 2804/296/2804 2816/309/2816 2817/310/2817
f 2806/298/2806 2805/297/2805 2817/310/2817 2818/311/2818
f 2807/299/2807 2806/298/2806 2818/311/2818 2819/312/2819
f 2808/288/2808 2807/299/2807 2819/312/2819 2820/301/2820
f 2821/1/2821 2833/2/2833 2844/3/2844 2832/4/2832
f 2822/5/2822 2834/6/2834 2833/7/2833 2821/8/2821
f 2823/9/2823 2835/10/2835 2834/6/2834 2822/5/2822
f 2824/11/2824 2836/12/2836 2835/10/2835 2823/9/2823
f 2825/13/2825 2837/14/2837 2836/12/2836 2824/11/2824
f 2826/15/2826 2838/16/2838 2837/14/2837 2825/13/2825
f 2827/17/2827 2839/18/2839 2838/16/2838 2826/15/2826
f 2828/19/2828 2840/20/2840 2839/18/2839 2827/17/2827
f 2829/21/2829 2841/22/2841 2840/20/2840 2828/19/2828
f 2830/23/2830 2842/24/2842 2841/22/2841 2829/21/2829
f 2831/25/2831 2843/26/2843 2842/24/2842 2830/23/2830
f 2832/4/2832 2844/3/2844 2843/26/2843 2831/25/2831
f 2833/2/2833 2845/27/2845 2856/28/2856 2844/3/2844
f 2834/6/2834 2846/29/2846 2845/30/2845 2833/7/2833
f 2835/10/2835 2847/31/2847 2846/29/2846 2834/6/2834
f 2836/12/2836 2848/32/2848 2847/31/2847 2835/10/2835
f 2837/14/2837 2849/33/2849 2848/32/2848 2836/12/2836
f 2838/16/2838 2850/34/2850 2849/33/2849 2837/14/2837
f 2839/18/2839 2851/35/2851 2850/34/2850 2838/16/2838
f 2840/20/2840 2852/36/2852 2851/35/2851 2839/18/2839
f 2841/22/2841 2853/37/2853 2852/36/2852 2840/20/2840
f 2842/24/2842 2854/38/2854 2853/37/2853 2841/22/2841
f 2843/26/2843 2855/39/2855 2854/38/2854 2842/24/2842
f 2844/3/2844 2856/28/2856 2855/39/2855 2843/26/2843
f 2845/27/2845 2857/40/2857 2868/41/2868 2856/28/2856
f 2846/29/2846 2858/42/2858 2857/43/2857 2845/30/2845
f 2847/31/2847 2859/44/2859 2858/42/2858 2846/29/2846
f 2848/32/2848 2860/45/2860 2859/44/2859 2847/31/2847
f 2849/33/2849 2861/46/2861 2860/45/2860 2848/32/2848
f 2850/34/2850 2862/47/2862 2861/46/2861 2849/33/2849
f 2851/35/2851 2863/48/2863 2862/47/2862 2850/34/2850
f 2852/36/2852 2864/49/2864 2863/48/2863 2851/35/2851
f 2853/37/2853 2865/50/2865 2864/49/2864 2852/36/2852
f 2854/38/2854 2866/51/2866 2865/50/2865 2853/37/2853
f 2855/39/2855 2867/52/2867 2866/51/2866 2854/38/2854
f 2856/28/2856 2868/41/2868 2867/52/2867 2855/39/2855
f 2857/40/2857 2869/53/2869 2880/54/2880 2868/41/2868
f 2858/42/2858 2870/55/2870 2869/56/2869 2857/43/2857
f 2859/44/2859 2871/57/2871 2870/55/2870 2858/42/2858
f 2860/45/2860 2872/58/2872 2871/57/2871 2859/44/2859
f 2861/46/2861 2873/59/2873 2872/58/2872 2860/45/2860
f 2862/47/2862 2874/60/2874 2873/59/2873 2861/46/2861
f 2863/48/2863 2875/61/2875 2874/60/2874 2862/47/2862
f 2864/49/2864 2876/62/2876 2875/61/2875 2863/48/2863
f 2865/50/2865 2877/63/2877 2876/62/2876 2864/49/2864
f 2866/51/2866 2878/64/2878 2877/63/2877 2865/50/2865
f 2867/52/2867 2879/65/2879 2878/64/2878 2866/51/2866
f 2868/41/2868 2880/54/2880 2879/65/2879 2867/52/2867
f 2869/53/2869 2881/66/2881 2892/67/2892 2880/54/2880
f 2870/55/2870 2882/68/2882 2881/69/2881 2869/56/2869
f 2871/57/2871 2883/70/2883 2882/68/2882 2870/55/2870
f 2872/58/2872 2884/71/2884 2883/70/2883 2871/57/2871
f 2873/59/2873 2885/72/2885 2884/71/2884 2872/58/2872
f 2874/60/2874 2886/73/2886 2885/72/2885 2873/59/2873
f 2875/61/2875 2887/74/2887 2886/73/2886 2874/60/2874
f 2876/62/2876 2888/75/2888 2887/74/2887 2875/61/2875
f 2877/63/2877 2889/76/2889 2888/75/2888 2876/62/2876
f 2878/64/2878 2890/77/2890 2889/76/2889 2877/63/2877
f 2879/65/2879 2891/78/2891 2890/77/2890 2878/64/2878
f 2880/54/2880 2892/67/2892 2891/78/2891 2879/65/2879
f 2881/66/2881 2893/79/2893 2904/80/2904 2892/67/2892
f 2882/68/2882 2894/81/2894 2893/82/2893 2881/69/2881
f 2883/70/2883 2895/83/2895 2894/81/2894 2882/68/2882
f 2884/71/2884 2896/84/2896 2895/83/2895 2883/70/2883
f 2885/72/2885 2897/85/2897 2896/84/2896 2884/71/2884
f 2886/73/2886 2898/86/2898 2897/85/2897 2885/72/2885
f 2887/74/2887 2899/87/2899 2898/86/2898 2886/73/2886
f 2888/75/2888 2900/88/2900 2899/87/2899 2887/74/2887
f 2889/76/2889 2901/89/2901 2900/88/2900 2888/75/2888
f 2890/77/2890 2902/90/2902 2901/89/2901 2889/76/2889
f 2891/78/2891 2903/91/2903 2902/90/2902 2890/77/2890
f 2892/67/2892 2904/80/2904 2903/91/2903 2891/78/2891
f 2893/79/2893 2905/92/2905 2916/93/2916 2904/80/2904
f 2894/81/2894 2906/94/2906 2905/95/2905 2893/82/2893
f 2895/83/2895 2907/96/2907 2906/94/2906 2894/81/2894
f 2896/84/2896 2908/97/2908 2907/96/2907 2895/83/2895
f 2897/85/2897 2909/98/2909 2908/97/2908 2896/84/2896
f 2898/86/2898 2910/99/2910 2909/98/2909 2897/85/2897
f 2899/87/2899 2911/100/2911 2910/99/2910 2898/86/2898
f 2900/88/2900 2912/101/2912 2911/100/2911 2899/87/2899
f 2901/89/2901 2913/102/2913 2912/101/2912 2900/88/2900
f 2902/90/2902 2914/103/2914 2913/102/2913 2901/89/2901
f 2903/91/2903 2915/104/2915 2914/103/2914 2902/90/2902
f 2904/80/2904 2916/93/2916 2915/104/2915 2903/91/2903
f 2905/92/2905 2917/105/2917 2928/106/2928 2916/93/2916
f 2906/94/2906 2918/107/2918 2917/108/2917 2905/95/2905
f 2907/96/2907 2919/109/2919 2918/107/2918 2906/94/2906
f 2908/97/2908 2920/110/2920 2919/109/2919 2907/96/2907
f 2909/98/2909 2921/111/2921 2920/110/2920 2908/97/2908
f 2910/99/2910 2922/112/2922 2921/111/2921 2909/98/2909
f 2911/100/2911 2923/113/2923 2922/112/2922 2910/99/2910
f 2912/101/2912 2924/114/2924 2923/113/2923 2911/100/2911
f 2913/102/2913 2925/115/2925 2924/114/2924 2912/101/2912
f 2914/103/2914 2926/116/2926 2925/115/2925 2913/102/2913
f 2915/104/2915 2927/117/2927 2926/116/2926 2914/103/2914
f 2916/93/2916 2928/106/2928 2927/117/2927 2915/104/2915
f 2917/105/2917 2929/118/2929 2940/119/2940 2928/106/2928
f 2918/107/2918 2930/120/2930 2929/121/2929 2917/108/2917
f 2919/109/2919 2931/122/2931 2930/120/2930 2918/107/2918
f 2920/110/2920 2932/123/2932 2931/122/2931 2919/109/2919
f 2921/111/2921 2933/124/2933 2932/123/2932 2920/110/2920
f 2922/112/2922 2934/125/2934 2933/124/2933 2921/111/2921
f 2923/113/2923 2935/126/2935 2934/125/2934 2922/112/2922
f 2924/114/2924 2936/127/2936 2935/126/2935 2923/113/2923
f 2925/115/2925 2937/128/2937 2936/127/2936 2924/114/2924
f 2926/116/2926 2938/129/2938 2937/128/2937 2925/115/2925
f 2927/117/2927 2939/130/2939 2938/129/2938 2926/116/2926
f 2928/106/2928 2940/119/2940 2939/130/2939 2927/117/2927
f 2929/118/2929 2941/131/2941 2952/132/2952 2940/119/2940
f 2930/120/2930 2942/133/2942 2941/134/2941 2929/121/2929
f 2931/122/2931 2943/135/2943 2942/133/2942 2930/120/2930
f 2932/123/2932 2944/136/2944 2943/135/2943 2931/122/2931
f 2933/124/2933 2945/137/2945 2944/136/2944 2932/123/2932
f 2934/125/2934 2946/138/2946 2945/137/2945 2933/124/2933
f 2935/126/2935 2947/139/2947 2946/138/2946 2934/125/2934
f 2936/127/2936 2948/140/2948 2947/139/2947 2935/126/2935
f 2937/128/2937 2949/141/2949 2948/140/2948 2936/127/2936
f 2938/129/2938 2950/142/2950 2949/141/2949 2937/128/2937
f 2939/130/2939 2951/143/2951 2950/142/2950 2938/129/2938
f 2940/119/2940 2952/132/2952 2951/143/2951 2939/130/2939
f 2941/131/2941 2953/144/2953 2964/145/2964 2952/132/2952
f 2942/133/2942 2954/146/2954 2953/147/2953 2941/134/2941
f 2943/135/2943 2955/148/2955 2954/146/2954 2942/133/2942
f 2944/136/2944 2956/149/2956 2955/148/2955 2943/135/2943
f 2945/137/2945 2957/150/2957 2956/149/2956 2944/136/2944
f 2946/138/2946 2958/151/2958 2957/150/2957 2945/137/2945
f 2947/139/2947 2959/152/2959 2958/151/2958 2946/138/2946
f 2948/140/2948 2960/153/2960 2959/152/2959 2947/139/2947
f 2949/141/2949 2961/154/2961 2960/153/2960 2948/140/2948
f 2950/142/2950 2962/155/2962 2961/154/2961 2949/141/2949
f 2951/143/2951 2963/156/2963 2962/155/2962 2950/142/2950
f 2952/132/2952 2964/145/2964 2963/156/2963 2951/143/2951
f 2953/144/2953 2965/157/2965 2976/158/2976 2964/145/2964
f 2954/146/2954 2966/159/2966 2965/160/2965 2953/147/2953
f 2955/148/2955 2967/161/2967 2966/159/2966 2954/146/2954
f 2956/149/2956 2968/162/2968 2967/161/2967 2955/148/2955
f 2957/150/2957 2969/163/2969 2968/162/2968 2956/149/2956
f 2958/151/2958 2970/164/2970 2969/163/2969 2957/150/2957
f 2959/152/2959 2971/165/2971 2970/164/2970 2958/151/2958
f 2960/153/2960 2972/166/2972 2971/165/2971 2959/152/2959
f 2961/154/2961 2973/167/2973 2972/166/2972 2960/153/2960
f 2962/155/2962 2974/168/2974 2973/167/2973 2961/154/2961
f 2963/156/2963 2975/169/2975 2974/168/2974 2962/155/2962
f 2964/145/2964 2976/158/2976 2975/169/2975 2963/156/2963
f 2965/157/2965 2977/170/2977 2988/171/2988 2976/158/2976
f 2966/159/2966 2978/172/2978 2977/173/2977 2965/160/2965
f 2967/161/2967 2979/174/2979 2978/172/2978 2966/159/2966
f 2968/162/2968 2980/175/2980 2979/174/2979 2967/161/2967
f 2969/163/2969 2981/176/2981 2980/175/2980 2968/162/2968
f 2970/164/2970 2982/177/2982 2981/176/2981 2969/163/2969
f 2971/165/2971 2983/178/2983 2982/177/2982 2970/164/2970
f 2972/166/2972 2984/179/2984 2983/178/2983 2971/165/2971
f 2973/167/2973 2985/180/2985 2984/179/2984 2972/166/2972
f 2974/168/2974 2986/181/2986 2985/180/2985 2973/167/2973
f 2975/169/2975 2987/182/2987 2986/181/2986 2974/168/2974
f 2976/158/2976 2988/171/2988 2987/182/2987 2975/169/2975
f 2977/170/2977 2989/183/2989 3000/184/3000 2988/171/2988
f 2978/172/2978 2990/185/2990 2989/186/2989 2977/173/2977
f 2979/174/2979 2991/187/2991 2990/185/2990 2978/172/2978
f 2980/175/2980 2992/188/2992 2991/187/2991 2979/174/2979
f 2981/176/2981 2993/189/2993 2992/188/2992 2980/175/2980
f 2982/177/2982 2994/190/2994 2993/189/2993 2981/176/2981
f 2983/178/2983 2995/191/2995 2994/190/2994 2982/177/2982
f 2984/179/2984 2996/192/2996 2995/191/2995 2983/178/2983
f 2985/180/2985 2997/193/2997 2996/192/2996 2984/179/2984
f 2986/181/2986 2998/194/2998 2997/193/2997 2985/180/2985
f 2987/182/2987 2999/195/2999 2998/194/2998 2986/181/2986
f 2988/171/2988 3000/184/3000 2999/195/2999 2987/182/2987
f 2989/183/2989 3001/196/3001 3012/197/3012 3000/184/3000
f 2990/185/2990 3002/198/3002 3001/199/3001 2989/186/2989
f 2991/187/2991 3003/200/3003 3002/198/3002 2990/185/2990
f 2992/188/2992 3004/201/3004 3003/200/3003 2991/187/2991
f 2993/189/2993 3005/202/3005 3004/201/3004 2992/188/2992
f 2994/190/2994 3006/203/3006 3005/202/3005 2993/189/2993
f 2995/191/2995 3007/204/3007 3006/203/3006 2994/190/2994
f 2996/192/2996 3008/205/3008 3007/204/3007 2995/191/2995
f 2997/193/2997 3009/206/3009 3008/205/3008 2996/192/2996
f 2998/194/2998 3010/207/3010 3009/206/3009 2997/193/2997
f 2999/195/2999 3011/208/3011 3010/207/3010 2998/194/2998
f 3000/184/3000 3012/197/3012 3011/208/3011 2999/195/2999
f 3001/196/3001 3013/209/3013 3024/210/3024 3012/197/3012
f 3002/198/3002 3014/211/3014 3013/212/3013 3001/199/3001
f 3003/200/3003 3015/213/3015 3014/211/3014 3002/198/3002
f 3004/201/3004 3016/214/3016 3015/213/3015 3003/200/3003
f 3005/202/3005 3017/215/3017 3016/214/3016 3004/201/3004
f 3006/203/3006 3018/216/3018 3017/215/3017 3005/202/3005
f 3007/204/3007 3019/217/3019 3018/216/3018 3006/203/3006
f 3008/205/3008 3020/218/3020 3019/217/3019 3007/204/3007
f 3009/206/3009 3021/219/3021 3020/218/3020 3008/205/3008
f 3010/207/3010 3022/220/3022 3021/219/3021 3009/206/3009
f 3011/208/3011 3023/221/3023 3022/220/3022 3010/207/3010
f 3012/197/3012 3024/210/3024 3023/221/3023 3011/208/3011
f 3013/209/3013 3025/222/3025 3036/223/3036 3024/210/3024
f 3014/211/3014 3026/224/3026 3025/225/3025 3013/212/3013
f 3015/213/3015 3027/226/3027 3026/224/3026 3014/211/3014
f 3016/214/3016 3028/227/3028 3027/226/3027 3015/213/3015
f 3017/215/3017 3029/228/3029 3028/227/3028 3016/214/3016
f 3018/216/3018 3030/229/3030 3029/228/3029 3017/215/3017
f 3019/217/3019 3031/230/3031 3030/229/3030 3018/216/3018
f 3020/218/3020 3032/231/3032 3031/230/3031 3019/217/3019
f 3021/219/3021 3033/232/3033 3032/231/3032 3020/218/3020
f 3022/220/3022 3034/233/3034 3033/232/3033 3021/219/3021
f 3023/221/3023 3035/234/3035 3034/233/3034 3022/220/3022
f 3024/210/3024 3036/223/3036 3035/234/3035 3023/221/3023
f 3025/222/3025 3037/235/3037 3048/236/3048 3036/223/3036
f 3026/224/3026 3038/237/3038 3037/238/3037 3025/225/3025
f 3027/226/3027 3039/239/3039 3038/237/3038 3026/224/3026
f 3028/227/3028 3040/240/3040 3039/239/3039 3027/226/3027
f 3029/228/3029 3041/241/3041 3040/240/3040 3028/227/3028
f 3030/229/3030 3042/242/3042 3041/241/3041 3029/228/3029
f 3031/230/3031 3043/243/3043 3042/242/3042 3030/229/3030
f 3032/231/3032 3044/244/3044 3043/243/3043 3031/230/3031
f 3033/232/3033 3045/245/3045 3044/244/3044 3032/231/3032
f 3034/233/3034 3046/246/3046 3045/245/3045 3033/232/3033
f 3035/234/3035 3047/247/3047 3046/246/3046 3034/233/3034
f 3036/223/3036 3048/236/3048 3047/247/3047 3035/234/3035
f 3037/235/3037 3049/248/3049 3060/249/3060 3048/236/3048
f 3038/237/3038 3050/250/3050 3049/251/3049 3037/238/3037
f 3039/239/3039 3051/252/3051 3050/250/3050 3038/237/3038
f 3040/240/3040 3052/253/3052 3051/252/3051 3039/239/3039
f 3041/241/3041 3053/254/3053 3052/253/3052 3040/240/3040
f 3042/242/3042 3054/255/3054 3053/254/3053 3041/241/3041
f 3043/243/3043 3055/256/3055 3054/255/3054 3042/242/3042
f 3044/244/3044 3056/257/3056 3055/256/3055 3043/243/3043
f 3045/245/3045 3057/258/3057 3056/257/3056 3044/244/3044
f 3046/246/3046 3058/259/3058 3057/258/3057 3045/245/3045
f 3047/247/3047 3059/260/3059 3058/259/3058 3046/246/3046
f 3048/236/3048 3060/249/3060 3059/260/3059 3047/247/3047
f 3049/248/3049 3061/261/3061 3072/262/3072 3060/249/3060
f 3050/250/3050 3062/263/3062 3061/264/3061 3049/251/3049
f 3051/252/3051 3063/265/3063 3062/263/3062 3050/250/3050
f 3052/253/3052 3064/266/3064 3063/265/3063 3051/252/3051
f 3053/254/3053 3065/267/3065 3064/266/3064 3052/253/3052
f 3054/255/3054 3066/268/3066 3065/267/3065 3053/254/3053
f 3055/256/3055 3067/269/3067 3066/268/3066 3054/255/3054
f 3056/257/3056 3068/270/3068 3067/269/3067 3055/256/3055
f 3057/258/3057 3069/271/3069 3068/270/3068 3056/257/3056
f 3058/259/3058 3070/272/3070 3069/271/3069 3057/258/3057
f 3059/260/3059 3071/273/3071 3070/272/3070 3058/259/3058
f 3060/249/3060 3072/262/3072 3071/273/3071 3059/260/3059
f 3061/261/3061 3073/274/3073 3084/275/3084 3072/262/3072
f 3062/263/3062 3074/276/3074 3073/277/3073 3061/264/3061
f 3063/265/3063 3075/278/3075 3074/276/3074 3062/263/3062
f 3064/266/3064 3076/279/3076 3075/278/3075 3063/265/3063
f 3065/267/3065 3077/280/3077 3076/279/3076 3064/266/3064
f 3066/268/3066 3078/281/3078 3077/280/3077 3065/267/3065
f 3067/269/3067 3079/282/3079 3078/281/3078 3066/268/3066
f 3068/270/3068 3080/283/3080 3079/282/3079 3067/269/3067
f 3069/271/3069 3081/284/3081 3080/283/3080 3068/270/3068
f 3070/272/3070 3082/285/3082 3081/284/3081 3069/271/3069
f 3071/273/3071 3083/286/3083 3082/285/3082 3070/272/3070
f 3072/262/3072 3084/275/3084 3083/286/3083 3071/273/3071
f 3073/274/3073 3085/287/3085 3096/288/3096 3084/275/3084
f 3074/276/3074 3086/289/3086 3085/290/3085 3073/277/3073
f 3075/278/3075 3087/291/3087 3086/289/3086 3074/276/3074
f 3076/279/3076 3088/292/3088 3087/291/3087 3075/278/3075
f 3077/280/3077 3089/293/3089 3088/292/3088 3076/279/3076
f 3078/281/3078 3090/294/3090 3089/293/3089 3077/280/3077
f 3079/282/3079 3091/295/3091 3090/294/3090 3078/281/3078
f 3080/283/3080 3092/296/3092 3091/295/3091 3079/282/3079
f 3081/284/3081 3093/297/3093 3092/296/3092 3080/283/3080
f 3082/285/3082 3094/298/3094 3093/297/3093 3081/284/3081
f 3083/286/3083 3095/299/3095 3094/298/3094 3082/285/3082
f 3084/275/3084 3096/288/3096 3095/299/3095 3083/286/3083
f 3085/287/3085 3097/300/3097 3108/301/3108 3096/288/3096
f 3086/289/3086 3098/302/3098 3097/303/3097 3085/290/3085
f 3087/291/3087 3099/304/3099 3098/302/3098 3086/289/3086
f 3088/292/3088 3100/305/3100 3099/304/3099 3087/291/3087
f 3089/293/3089 3101/306/3101 3100/305/3100 3088/292/3088
f 3090/294/3090 3102/307/3102 3101/306/3101 3089/293/3089
f 3091/295/3091 3103/308/3103 3102/307/3102 3090/294/3090
f 3092/296/3092 3104/309/3104 3103/308/3103 3091/295/3091
f 3093/297/3093 3105/310/3105 3104/309/3104 3092/296/3092
f 3094/298/3094 3106/311/3106 3105/310/3105 3093/297/3093
f 3095/299/3095 3107/312/3107 3106/311/3106 3094/298/3094
f 3096/288/3096 3108/301/3108 3107/312/3107 3095/299/3095
f 2821/1/2821 2832/4/2832 3120/3/3120 3109/2/3109
f 2822/5/2822 2821/8/2821 3109/7/3109 3110/6/3110
f 2823/9/2823 2822/5/2822 3110/6/3110 3111/10/3111
f 2824/11/2824 2823/9/2823 3111/10/3111 3112/12/3112
f 2825/13/2825 2824/11/2824 3112/12/3112 3113/14/3113
f 2826/15/2826 2825/13/2825 3113/14/3113 3114/16/3114
f 2827/17/2827 2826/15/2826 3114/16/3114 3115/18/3115
f 2828/19/2828 2827/17/2827 3115/18/3115 3116/20/3116
f 2829/21/2829 2828/19/2828 3116/20/3116 3117/22/3117
f 2830/23/2830 2829/21/2829 3117/22/3117 3118/24/3118
f 2831/25/2831 2830/23/2830 3118/24/3118 3119/26/3119
f 2832/4/2832 2831/25/2831 3119/26/3119 3120/3/3120
f 3109/2/3109 3120/3/3120 3132/28/3132 3121/27/3121
f 3110/6/3110 3109/7/3109 3121/30/3121 3122/29/3122
f 3111/10/3111 3110/6/3110 3122/29/3122 3123/31/3123
f 3112/12/3112 3111/10/3111 3123/31/3123 3124/32/3124
f 3113/14/3113 3112/12/3112 3124/32/3124 3125/33/3125
f 3114/16/3114 3113/14/3113 3125/33/3125 3126/34/3126
f 3115/18/3115 3114/16/3114 3126/34/3126 3127/35/3127
f 3116/20/3116 3115/18/3115 3127/35/3127 3128/36/3128
f 3117/22/3117 3116/20/3116 3128/36/3128 3129/37/3129
f 3118/24/3118 3117/22/3117 3129/37/3129 3130/38/3130
f 3119/26/3119 3118/24/3118 3130/38/3130 3131/39/3131
f 3120/3/3120 3119/26/3119 3131/39/3131 3132/28/3132
f 3121/27/3121 3132/28/3132 3144/41/3144 3133/40/3133
f 3122/29/3122 3121/30/3121 3133/43/3133 3134/42/3134
f 3123/31/3123 3122/29/3122 3134/42/3134 3135/44/3135
f 3124/32/3124 3123/31/3123 3135/44/3135 3136/45/3136
f 3125/33/3125 3124/32/3124 3136/45/3136 3137/46/3137
f 3126/34/3126 3125/33/3125 3137/46/3137 3138/47/3138
f 3127/35/3127 3126/34/3126 3138/47/3138 3139/48/3139
f 3128/36/3128 3127/35/3127 3139/48/3139 3140/49/3140
f 3129/37/3129 3128/36/3128 3140/49/3140 3141/50/3141
f 3130/38/3130 3129/37/3129 3141/50/3141 3142/51/3142
f 3131/39/3131 3130/38/3130 3142/51/3142 3143/52/3143
f 3132/28/3132 3131/39/3131 3143/52/3143 3144/41/3144
f 3133/40/3133 3144/41/3144 3156/54/3156 3145/53/3145
f 3134/42/3134 3133/43/3133 3145/56/3145 3146/55/3146
f 3135/44/3135 3134/42/3134 3146/55/3146 3147/57/3147
f 3136/45/3136 3135/44/3135 3147/57/3147 3148/58/3148
f 3137/46/3137 3136/45/3136 3148/58/3148 3149/59/3149
f 3138/47/3138 3137/46/3137 3149/59/3149 3150/60/3150
f 3139/48/3139 3138/47/3138 3150/60/3150 3151/61/3151
f 3140/49/3140 3139/48/3139 3151/61/3151 3152/62/3152
f 3141/50/3141 3140/49/3140 3152/62/3152 3153/63/3153
f 3142/51/3142 3141/50/3141 3153/63/3153 3154/64/3154
f 3143/52/3143 3142/51/3142 3154/64/3154 3155/65/3155
f 3144/41/3144 3143/52/3143 3155/65/3155 3156/54/3156
f 3145/53/3145 3156/54/3156 3168/67/3168 3157/66/3157
f 3146/55/3146 3145/56/3145 3157/69/3157 3158/68/3158
f 3147/57/3147 3146/55/3146 3158/68/3158 3159/70/3159
f 3148/58/3148 3147/57/3147 3159/70/3159 3160/71/3160
f 3149/59/3149 3148/58/3148 3160/71/3160 3161/72/3161
f 3150/60/3150 3149/59/3149 3161/72/3161 3162/73/3162
f 3151/61/3151 3150/60/3150 3162/73/3162 3163/74/3163
f 3152/62/3152 3151/61/3151 3163/74/3163 3164/75/3164
f 3153/63/3153 3152/62/3152 3164/75/3164 3165/76/3165
f 3154/64/3154 3153/63/3153 3165/76/3165 3166/77/3166
f 3155/65/3155 3154/64/3154 3166/77/3166 3167/78/3167
f 3156/54/3156 3155/65/3155 3167/78/3167 3168/67/3168
f 3157/66/3157 3168/67/3168 3180/80/3180 3169/79/3169
f 3158/68/3158 3157/69/3157 3169/82/3169 3170/81/3170
f 3159/70/3159 3158/68/3158 3170/81/3170 3171/83/3171
f 3160/71/3160 3159/70/3159 3171/83/3171 3172/84/3172
f 3161/72/3161 3160/71/3160 3172/84/3172 3173/85/3173
f 3162/73/3162 3161/72/3161 3173/85/3173 3174/86/3174
f 3163/74/3163 3162/73/3162 3174/86/3174 3175/87/3175
f 3164/75/3164 3163/74/3163 3175/87/3175 3176/88/3176
f 3165/76/3165 3164/75/3164 3176/88/3176 3177/89/3177
f 3166/77/3166 3165/76/3165 3177/89/3177 3178/90/3178
f 3167/78/3167 3166/77/3166 3178/90/3178 3179/91/3179
f 3168/67/3168 3167/78/3167 3179/91/3179 3180/80/3180
f 3169/79/3169 3180/80/3180 3192/93/3192 3181/92/3181
f 3170/81/3170 3169/82/3169 3181/95/3181 3182/94/3182
f 3171/83/3171 3170/81/3170 3182/94/3182 3183/96/3183
f 3172/84/3172 3171/83/3171 3183/96/3183 3184/97/3184
f 3173/85/3173 3172/84/3172 3184/97/3184 3185/98/3185
f 3174/86/3174 3173/85/3173 3185/98/3185 3186/99/3186
f 3175/87/3175 3174/86/3174 3186/99/3186 3187/100/3187
f 3176/88/3176 3175/87/3175 3187/100/3187 3188/101/3188
f 3177/89/3177 3176/88/3176 3188/101/3188 3189/102/3189
f 3178/90/3178 3177/89/3177 3189/102/3189 3190/103/3190
f 3179/91/3179 3178/90/3178 3190/103/3190 3191/104/3191
f 3180/80/3180 3179/91/3179 3191/104/3191 3192/93/3192
f 3181/92/3181 3192/93/3192 3204/106/3204 3193/105/3193
f 3182/94/3182 3181/95/3181 3193/108/3193 3194/107/3194
f 3183/96/3183 3182/94/3182 3194/107/3194 3195/109/3195
f 3184/97/3184 3183/96/3183 3195/109/3195 3196/110/3196
f 3185/98/3185 3184/97/3184 3196/110/3196 3197/111/3197
f 3186/99/3186 3185/98/3185 3197/111/3197 3198/112/3198
f 3187/100/3187 3186/99/3186 3198/112/3198 3199/113/3199
f 3188/101/3188 3187/100/3187 3199/113/3199 3200/114/3200
f 3189/102/3189 3188/101/3188 3200/114/3200 3201/115/3201
f 3190/103/3190 3189/102/3189 3201/115/3201 3202/116/3202
f 3191/104/3191 3190/103/3190 3202/116/3202 3203/117/3203
f 3192/93/3192 3191/104/3191 3203/117/3203 3204/106/3204
f 3193/105/3193 3204/106/3204 3216/119/3216 3205/118/3205
f 3194/107/3194 3193/108/3193 3205/121/3205 3206/120/3206
f 3195/109/3195 3194/107/3194 3206/120/3206 3207/122/3207
f 3196/110/3196 3195/109/3195 3207/122/3207 3208/123/3208
f 3197/111/3197 3196/110/3196 3208/123/3208 3209/124/3209
f 3198/112/3198 3197/111/3197 3209/124/3209 3210/125/3210
f 3199/113/3199 3198/112/3198 3210/125/3210 3211/126/3211
f 3200/114/3200 3199/113/3199 3211/126/3211 3212/127/3212
f 3201/115/3201 3200/114/3200 3212/127/3212 3213/128/3213
f 3202/116/3202 3201/115/3201 3213/128/3213 3214/129/3214
f 3203/117/3203 3202/116/3202 3214/129/3214 3215/130/3215
f 3204/106/3204 3203/117/3203 3215/130/3215 3216/119/3216
f 3205/118/3205 3216/119/3216 3228/132/3228 3217/131/3217
f 3206/120/3206 3205/121/3205 3217/134/3217 3218/133/3218
f 3207/122/3207 3206/120/3206 3218/133/3218 3219/135/3219
f 3208/123/3208 3207/122/3207 3219/135/3219 3220/136/3220
f 3209/124/3209 3208/123/3208 3220/136/3220 3221/137/3221
f 3210/125/3210 3209/124/3209 3221/137/3221 3222/138/3222
f 3211/126/3211 3210/125/3210 3222/138/3222 3223/139/3223
f 3212/127/3212 3211/126/3211 3223/139/3223 3224/140/3224
f 3213/128/3213 3212/127/3212 3224/140/3224 3225/141/3225
f 3214/129/3214 3213/128/3213 3225/141/3225 3226/142/3226
f 3215/130/3215 3214/129/3214 3226/142/3226 3227/143/3227
f 3216/119/3216 3215/130/3215 3227/143/3227 3228/132/3228
f 3217/131/3217 3228/132/3228 3240/145/3240 3229/144/3229
f 3218/133/3218 3217/134/3217 3229/147/3229 3230/146/3230
f 3219/135/3219 3218/133/3218 3230/146/3230 3231/148/3231
f 3220/136/3220 3219/135/3219 3231/148/3231 3232/149/3232
f 3221/137/3221 3220/136/3220 3232/149/3232 3233/150/3233
f 3222/138/3222 3221/137/3221 3233/150/3233 3234/151/3234
f 3223/139/3223 3222/138/3222 3234/151/3234 3235/152/3235
f 3224/140/3224 3223/139/3223 3235/152/3235 3236/153/3236
f 3225/141/3225 3224/140/3224 3236/153/3236 3237/154/3237
f 3226/142/3226 3225/141/3225 3237/154/3237 3238/155/3238
f 3227/143/3227 3226/142/3226 3238/155/3238 3239/156/3239
f 3228/132/3228 3227/143/3227 3239/156/3239 3240/145/3240
f 3229/144/3229 3240/145/3240 3252/158/3252 3241/157/3241
f 3230/146/3230 3229/147/3229 3241/160/3241 3242/159/3242
f 3231/148/3231 3230/146/3230 3242/159/3242 3243/161/3243
f 3232/149/3232 3231/148/3231 3243/161/3243 3244/162/3244
f 3233/150/3233 3232/149/3232 3244/162/3244 3245/163/3245
f 3234/151/3234 3233/150/3233 3245/163/3245 3246/164/3246
f 3235/152/3235 3234/151/3234 3246/164/3246 3247/165/3247
f 3236/153/3236 3235/152/3235 3247/165/3247 3248/166/3248
f 3237/154/3237 3236/153/3236 3248/166/3248 3249/167/3249
f 3238/155/3238 3237/154/3237 3249/167/3249 3250/168/3250
f 3239/156/3239 3238/155/3238 3250/168/3250 3251/169/3251
f 3240/145/3240 3239/156/3239 3251/169/3251 3252/158/3252
f 3241/157/3241 3252/158/3252 3264/171/3264 3253/170/3253
f 3242/159/3242 3241/160/3241 3253/173/3253 3254/172/3254
f 3243/161/3243 3242/159/3242 3254/172/3254 3255/174/3255
f 3244/162/3244 3243/161/3243 3255/174/3255 3256/175/3256
f 3245/163/3245 3244/162/3244 3256/175/3256 3257/176/3257
f 3246/164/3246 3245/163/3245 3257/176/3257 3258/177/3258
f 3247/165/3247 3246/164/3246 3258/177/3258 3259/178/3259
f 3248/166/3248 3247/165/3247 3259/178/3259 3260/179/3260
f 3249/167/3249 3248/166/3248 3260/179/3260 3261/180/3261
f 3250/168/3250 3249/167/3249 3261/180/3261 3262/181/3262
f 3251/169/3251 3250/168/3250 3262/181/3262 3263/182/3263
f 3252/158/3252 3251/169/3251 3263/182/3263 3264/171/3264
f 3253/170/3253 3264/171/3264 3276/184/3276 3265/183/3265
f 3254/172/3254 3253/173/3253 3265/186/3265 3266/185/3266
f 3255/174/3255 3254/172/3254 3266/185/3266 3267/187/3267
f 3256/175/3256 3255/174/3255 3267/187/3267 3268/188/3268
f 3257/176/3257 3256/175/3256 3268/188/3268 3269/189/3269
f 3258/177/3258 3257/176/3257 3269/189/3269 3270/190/3270
f 3259/178/3259 3258/177/3258 3270/190/3270 3271/191/3271
f 3260/179/3260 3259/178/3259 3271/191/3271 3272/192/3272
f 3261/180/3261 3260/179/3260 3272/192/3272 3273/193/3273
f 3262/181/3262 3261/180/3261 3273/193/3273 3274/194/3274
f 3263/182/3263 3262/181/3262 3274/194/3274 3275/195/3275
f 3264/171/3264 3263/182/3263 3275/195/3275 3276/184/3276
f 3265/183/3265 3276/184/3276 3288/197/3288 3277/196/3277
f 3266/185/3266 3265/186/3265 3277/199/3277 3278/198/3278
f 3267/187/3267 3266/185/3266 3278/198/3278 3279/200/3279
f 3268/188/3268 3267/187/3267 3279/200/3279 3280/201/3280
f 3269/189/3269 3268/188/3268 3280/201/3280 3281/202/3281
f 3270/190/3270 3269/189/3269 3281/202/3281 3282/203/3282
f 3271/191/3271 3270/190/3270 3282/203/3282 3283/204/3283
f 3272/192/3272 3271/191/3271 3283/204/3283 3284/205/3284
f 3273/193/3273 3272/192/3272 3284/205/3284 3285/206/3285
f 3274/194/3274 3273/193/3273 3285/206/3285 3286/207/3286
f 3275/195/3275 3274/194/3274 3286/207/3286 3287/208/3287
f 3276/184/3276 3275/195/3275 3287/208/3287 3288/197/3288
f 3277/196/3277 3288/197/3288 3300/210/3300 3289/209/3289
f 3278/198/3278 3277/199/3277 3289/212/3289 3290/211/3290
f 3279/200/3279 3278/198/3278 3290/211/3290 3291/213/3291
f 3280/201/3280 3279/200/3279 3291/213/3291 3292/214/3292
f 3281/202/3281 3280/201/3280 3292/214/3292 3293/215/3293
f 3282/203/3282 3281/202/3281 3293/215/3293 3294/216/3294
f 3283/204/3283 3282/203/3282 3294/216/3294 3295/217/3295
f 3284/205/3284 3283/204/3283 3295/217/3295 3296/218/3296
f 3285/206/3285 3284/205/3284 3296/218/3296 3297/219/3297
f 3286/207/3286 3285/206/3285 3297/219/3297 3298/220/3298
f 3287/208/3287 3286/207/3286 3298/220/3298 3299/221/3299
f 3288/197/3288 3287/208/3287 3299/221/3299 3300/210/3300
f 3289/209/3289 3300/210/3300 3312/223/3312 3301/222/3301
f 3290/211/3290 3289/212/3289 3301/225/3301 3302/224/3302
f 3291/213/3291 3290/211/3290 3302/224/3302 3303/226/3303
f 3292/214/3292 3291/213/3291 3303/226/3303 3304/227/3304
f 3293/215/3293 3292/214/3292 3304/227/3304 3305/228/3305
f 3294/216/3294 3293/215/3293 3305/228/3305 3306/229/3306
f 3295/217/3295 3294/216/3294 3306/229/3306 3307/230/3307
f 3296/218/3296 3295/217/3295 3307/230/3307 3308/231/3308
f 3297/219/3297 3296/218/3296 3308/231/3308 3309/232/3309
f 3298/220/3298 3297/219/3297 3309/232/3309 3310/233/3310
f 3299/221/3299 3298/220/3298 3310/233/3310 3311/234/3311
f 3300/210/3300 3299/221/3299 3311/234/3311 3312/223/3312
f 3301/222/3301 3312/223/3312 3324/236/3324 3313/235/3313
f 3302/224/3302 3301/225/3301 3313/238/3313 3314/237/3314
f 3303/226/3303 3302/224/3302 3314/237/3314 3315/239/3315
f 3304/227/3304 3303/226/3303 3315/239/3315 3316/240/3316
f 3305/228/3305 3304/227/3304 3316/240/3316 3317/241/3317
f 3306/229/3306 3305/228/3305 3317/241/3317 3318/242/3318
f 3307/230/3307 3306/229/3306 3318/242/3318 3319/243/3319
f 3308/231/3308 3307/230/3307 3319/243/3319 3320/244/3320
f 3309/232/3309 3308/231/3308 3320/244/3320 3321/245/3321
f 3310/233/3310 3309/232/3309 3321/245/3321 3322/246/3322
f 3311/234/3311 3310/233/3310 3322/246/3322 3323/247/3323
f 3312/223/3312 3311/234/3311 3323/247/3323 3324/236/3324
f 3313/235/3313 3324/236/3324 3336/249/3336 3325/248/3325
f 3314/237/3314 3313/238/3313 3325/251/3325 3326/250/3326
f 3315/239/3315 3314/237/3314 3326/250/3326 3327/252/3327
f 3316/240/3316 3315/239/3315 3327/252/3327 3328/253/3328
f 3317/241/3317 3316/240/3316 3328/253/3328 3329/254/3329
f 3318/242/3318 3317/241/3317 3329/254/3329 3330/255/3330
f 3319/243/3319 3318/242/3318 3330/255/3330 3331/256/3331
f 3320/244/3320 3319/243/3319 3331/256/3331 3332/257/3332
f 3321/245/3321 3320/244/3320 3332/257/3332 3333/258/3333
f 3322/246/3322 3321/245/3321 3333/258/3333 3334/259/3334
f 3323/247/3323 3322/246/3322 3334/259/3334 3335/260/3335
f 3324/236/3324 3323/247/3323 3335/260/3335 3336/249/3336
f 3325/248/3325 3336/249/3336 3348/262/3348 3337/261/3337
f 3326/250/3326 3325/251/3325 3337/264/3337 3338/263/3338
f 3327/252/3327 3326/250/3326 3338/263/3338 3339/265/3339
f 3328/253/3328 3327/252/3327 3339/265/3339 3340/266/3340
f 3329/254/3329 3328/253/3328 3340/266/3340 3341/267/3341
f 3330/255/3330 3329/254/3329 3341/267/3341 3342/268/3342
f 3331/256/3331 3330/255/3330 3342/268/3342 3343/269/3343
f 3332/257/3332 3331/256/3331 3343/269/3343 3344/270/3344
f 3333/258/3333 3332/257/3332 3344/270/3344 3345/271/3345
f 3334/259/3334 3333/258/3333 3345/271/3345 3346/272/3346
f 3335/260/3335 3334/259/3334 3346/272/3346 3347/273/3347
f 3336/249/3336 3335/260/3335 3347/273/3347 3348/262/3348
f 3337/261/3337 3348/262/3348 3360/275/3360 3349/274/3349
f 3338/263/3338 3337/264/3337 3349/277/3349 3350/276/3350
f 3339/265/3339 3338/263/3338 3350/276/3350 3351/278/3351
f 3340/266/3340 3339/265/3339 3351/278/3351 3352/279/3352
f 3341/267/3341 3340/266/3340 3352/279/3352 3353/280/3353
f 3342/268/3342 3341/267/3341 3353/280/3353 3354/281/3354
f 3343/269/3343 3342/268/3342 3354/281/3354 3355/282/3355
f 3344/270/3344 3343/269/3343 3355/282/3355 3356/283/3356
f 3345/271/3345 3344/270/3344 3356/283/3356 3357/284/3357
f 3346/272/3346 3345/271/3345 3357/284/3357 3358/285/3358
f 3347/273/3347 3346/272/3346 3358/285/3358 3359/286/3359
f 3348/262/3348 3347/273/3347 3359/286/3359 3360/275/3360
f 3349/274/3349 3360/275/3360 3372/288/3372 3361/287/3361
f 3350/276/3350 3349/277/3349 3361/290/3361 3362/289/3362
f 3351/278/3351 3350/276/3350 3362/289/3362 3363/291/3363
f 3352/279/3352 3351/278/3351 3363/291/3363 3364/292/3364
f 3353/280/3353 3352/279/3352 3364/292/3364 3365/293/3365
f 3354/281/3354 3353/280/3353 3365/293/3365 3366/294/3366
f 3355/282/3355 3354/281/3354 3366/294/3366 3367/295/3367
f 3356/283/3356 3355/282/3355 3367/295/3367 3368/296/3368
f 3357/284/3357 3356/283/3356 3368/296/3368 3369/297/3369
f 3358/285/3358 3357/284/3357 3369/297/3369 3370/298/3370
f 3359/286/3359 3358/285/3358 3370/298/3370 3371/299/3371
f 3360/275/3360 3359/286/3359 3371/299/3371 3372/288/3372
f 3361/287/3361 3372/288/3372 3384/301/3384 3373/300/3373
f 3362/289/3362 3361/290/3361 3373/303/3373 3374/302/3374
f 3363/291/3363 3362/289/3362 3374/302/3374 3375/304/3375
f 3364/292/3364 3363/291/3363 3375/304/3375 3376/305/3376
f 3365/293/3365 3364/292/3364 3376/305/3376 3377/306/3377
f 3366/294/3366 3365/293/3365 3377/306/3377 3378/307/3378
f 3367/295/3367 3366/294/3366 3378/307/3378 3379/308/3379
f 3368/296/3368 3367/295/3367 3379/308/3379 3380/309/3380
f 3369/297/3369 3368/296/3368 3380/309/3380 3381/310/3381
f 3370/298/3370 3369/297/3369 3381/310/3381 3382/311/3382
f 3371/299/3371 3370/298/3370 3382/311/3382 3383/312/3383
f 3372/288/3372 3371/299/3371 3383/312/3383 3384/301/3384
f 3385/1/3385 3397/2/3397 3408/3/3408 3396/4/3396
f 3386/5/3386 3398/6/3398 3397/7/3397 3385/8/3385
f 3387/9/3387 3399/10/3399 3398/6/3398 3386/5/3386
f 3388/11/3388 3400/12/3400 3399/10/3399 3387/9/3387
f 3389/13/3389 3401/14/3401 3400/12/3400 3388/11/3388
f 3390/15/3390 3402/16/3402 3401/14/3401 3389/13/3389
f 3391/17/3391 3403/18/3403 3402/16/3402 3390/15/3390
f 3392/19/3392 3404/20/3404 3403/18/3403 3391/17/3391
f 3393/21/3393 3405/22/3405 3404/20/3404 3392/19/3392
f 3394/23/3394 3406/24/3406 3405/22/3405 3393/21/3393
f 3395/25/3395 3407/26/3407 3406/24/3406 3394/23/3394
f 3396/4/3396 3408/3/3408 3407/26/3407 3395/25/3395
f 3397/2/3397 3409/27/3409 3420/28/3420 3408/3/3408
f 3398/6/3398 3410/29/3410 3409/30/3409 3397/7/3397
f 3399/10/3399 3411/31/3411 3410/29/3410 3398/6/3398
f 3400/12/3400 3412/32/3412 3411/31/3411 3399/10/3399
f 3401/14/3401 3413/33/3413 3412/32/3412 3400/12/3400
f 3402/16/3402 3414/34/3414 3413/33/3413 3401/14/3401
f 3403/18/3403 3415/35/3415 3414/34/3414 3402/16/3402
f 3404/20/3404 3416/36/3416 3415/35/3415 3403/18/3403
f 3405/22/3405 3417/37/3417 3416/36/3416 3404/20/3404
f 3406/24/3406 3418/38/3418 3417/37/3417 3405/22/3405
f 3407/26/3407 3419/39/3419 3418/38/3418 3406/24/3406
f 3408/3/3408 3420/28/3420 3419/39/3419 3407/26/3407
f 3409/27/3409 3421/40/3421 3432/41/3432 3420/28/3420
f 3410/29/3410 3422/42/3422 3421/43/3421 3409/30/3409
f 3411/31/3411 3423/44/3423 3422/42/3422 3410/29/3410
f 3412/32/3412 3424/45/3424 3423/44/3423 3411/31/3411
f 3413/33/3413 3425/46/3425 3424/45/3424 3412/32/3412
f 3414/34/3414 3426/47/3426 3425/46/3425 3413/33/3413
f 3415/35/3415 3427/48/3427 3426/47/3426 3414/34/3414
f 3416/36/3416 3428/49/3428 3427/48/3427 3415/35/3415
f 3417/37/3417 3429/50/3429 3428/49/3428 3416/36/3416
f 3418/38/3418 3430/51/3430 3429/50/3429 3417/37/3417
f 3419/39/3419 3431/52/3431 3430/51/3430 3418/38/3418
f 3420/28/3420 3432/41/3432 3431/52/3431 3419/39/3419
f 3421/40/3421 3433/53/3433 3444/54/3444 3432/41/3432
f 3422/42/3422 3434/55/3434 3433/56/3433 3421/43/3421
f 3423/44/3423 3435/57/3435 3434/55/3434 3422/42/3422
f 3424/45/3424 3436/58/3436 3435/57/3435 3423/44/3423
f 3425/46/3425 3437/59/3437 3436/58/3436 3424/45/3424
f 3426/47/3426 3438/60/3438 3437/59/3437 3425/46/3425
f 3427/48/3427 3439/61/3439 3438/60/3438 3426/47/3426
f 3428/49/3428 3440/62/3440 3439/61/3439 3427/48/3427
f 3429/50/3429 3441/63/3441 3440/62/3440 3428/49/3428
f 3430/51/3430 3442/64/3442 3441/63/3441 3429/50/3429
f 3431/52/3431 3443/65/3443 3442/64/3442 3430/51/3430
f 3432/41/3432 3444/54/3444 3443/65/3443 3431/52/3431
f 3433/53/3433 3445/66/3445 3456/67/3456 3444/54/3444
f 3434/55/3434 3446/68/3446 3445/69/3445 3433/56/3433
f 3435/57/3435 3447/70/3447 3446/68/3446 3434/55/3434
f 3436/58/3436 3448/71/3448 3447/70/3447 3435/57/3435
f 3437/59/3437 3449/72/3449 3448/71/3448 3436/58/3436
f 3438/60/3438 3450/73/3450 3449/72/3449 3437/59/3437
f 3439/61/3439 3451/74/3451 3450/73/3450 3438/60/3438
f 3440/62/3440 3452/75/3452 3451/74/3451 3439/61/3439
f 3441/63/3441 3453/76/3453 3452/75/3452 3440/62/3440
f 3442/64/3442 3454/77/3454 3453/76/3453 3441/63/3441
f 3443/65/3443 3455/78/3455 3454/77/3454 3442/64/3442
f 3444/54/3444 3456/67/3456 3455/78/3455 3443/65/3443
f 3445/66/3445 3457/79/3457 3468/80/3468 3456/67/3456
f 3446/68/3446 3458/81/3458 3457/82/3457 3445/69/3445
f 3447/70/3447 3459/83/3459 3458/81/3458 3446/68/3446
f 3448/71/3448 3460/84/3460 3459/83/3459 3447/70/3447
f 3449/72/3449 3461/85/3461 3460/84/3460 3448/71/3448
f 3450/73/3450 3462/86/3462 3461/85/3461 3449/72/3449
f 3451/74/3451 3463/87/3463 3462/86/3462 3450/73/3450
f 3452/75/3452 3464/88/3464 3463/87/3463 3451/74/3451
f 3453/76/3453 3465/89/3465 3464/88/3464 3452/75/3452
f 3454/77/3454 3466/90/3466 3465/89/3465 3453/76/3453
f 3455/78/3455 3467/91/3467 3466/90/3466 3454/77/3454
f 3456/67/3456 3468/80/3468 3467/91/3467 3455/78/3455
f 3457/79/3457 3469/92/3469 3480/93/3480 3468/80/3468
f 3458/81/3458 3470/94/3470 3469/95/3469 3457/82/3457
f 3459/83/3459 3471/96/3471 3470/94/3470 3458/81/3458
f 3460/84/3460 3472/97/3472 3471/96/3471 3459/83/3459
f 3461/85/3461 3473/98/3473 3472/97/3472 3460/84/3460
f 3462/86/3462 3474/99/3474 3473/98/3473 3461/85/3461
f 3463/87/3463 3475/100/3475 3474/99/3474 3462/86/3462
f 3464/88/3464 3476/101/3476 3475/100/3475 3463/87/3463
f 3465/89/3465 3477/102/3477 3476/101/3476 3464/88/3464
f 3466/90/3466 3478/103/3478 3477/102/3477 3465/89/3465
f 3467/91/3467 3479/104/3479 3478/103/3478 3466/90/3466
f 3468/80/3468 3480/93/3480 3479/104/3479 3467/91/3467
f 3469/92/3469 3481/105/3481 3492/106/3492 3480/93/3480
f 3470/94/3470 3482/107/3482 3481/108/3481 3469/95/3469
f 3471/96/3471 3483/109/3483 3482/107/3482 3470/94/3470
f 3472/97/3472 3484/110/3484 3483/109/3483 3471/96/3471
f 3473/98/3473 3485/111/3485 3484/110/3484 3472/97/3472
f 3474/99/3474 3486/112/3486 3485/111/3485 3473/98/3473
f 3475/100/3475 3487/113/3487 3486/112/3486 3474/99/3474
f 3476/101/3476 3488/114/3488 3487/113/3487 3475/100/3475
f 3477/102/3477 3489/115/3489 3488/114/3488 3476/101/3476
f 3478/103/3478 3490/116/3490 3489/115/3489 3477/102/3477
f 3479/104/3479 3491/117/3491 3490/116/3490 3478/103/3478
f 3480/93/3480 3492/106/3492 3491/117/3491 3479/104/3479
f 3481/105/3481 3493/118/3493 3504/119/3504 3492/106/3492
f 3482/107/3482 3494/120/3494 3493/121/3493 3481/108/3481
f 3483/109/3483 3495/122/3495 3494/120/3494 3482/107/3482
f 3484/110/3484 3496/123/3496 3495/122/3495 3483/109/3483
f 3485/111/3485 3497/124/3497 3496/123/3496 3484/110/3484
f 3486/112/3486 3498/125/3498 3497/124/3497 3485/111/3485
f 3487/113/3487 3499/126/3499 3498/125/3498 3486/112/3486
f 3488/114/3488 3500/127/3500 3499/126/3499 3487/113/3487
f 3489/115/3489 3501/128/3501 3500/127/3500 3488/114/3488
f 3490/116/3490 3502/129/3502 3501/128/3501 3489/115/3489
f 3491/117/3491 3503/130/3503 3502/129/3502 3490/116/3490
f 3492/106/3492 3504/119/3504 3503/130/3503 3491/117/3491
f 3493/118/3493 3505/131/3505 3516/132/3516 3504/119/3504
f 3494/120/3494 3506/133/3506 3505/134/3505 3493/121/3493
f 3495/122/3495 3507/135/3507 3506/133/3506 3494/120/3494
f 3496/123/3496 3508/136/3508 3507/135/3507 3495/122/3495
f 3497/124/3497 3509/137/3509 3508/136/3508 3496/123/3496
f 3498/125/3498 3510/138/3510 3509/137/3509 3497/124/3497
f 3499/126/3499 3511/139/3511 3510/138/3510 3498/125/3498
f 3500/127/3500 3512/140/3512 3511/139/3511 3499/126/3499
f 3501/128/3501 3513/141/3513 3512/140/3512 3500/127/3500
f 3502/129/3502 3514/142/3514 3513/141/3513 3501/128/3501
f 3503/130/3503 3515/143/3515 3514/142/3514 3502/129/3502
f 3504/119/3504 3516/132/3516 3515/143/3515 3503/130/3503
f 3505/131/3505 3517/144/3517 3528/145/3528 3516/132/3516
f 3506/133/3506 3518/146/3518 3517/147/3517 3505/134/3505
f 3507/135/3507 3519/148/3519 3518/146/3518 3506/133/3506
f 3508/136/3508 3520/149/3520 3519/148/3519 3507/135/3507
f 3509/137/3509 3521/150/3521 3520/149/3520 3508/136/3508
f 3510/138/3510 3522/151/3522 3521/150/3521 3509/137/3509
f 3511/139/3511 3523/152/3523 3522/151/3522 3510/138/3510
f 3512/140/3512 3524/153/3524 3523/152/3523 3511/139/3511
f 3513/141/3513 3525/154/3525 3524/153/3524 3512/140/3512
f 3514/142/3514 3526/155/3526 3525/154/3525 3513/141/3513
f 3515/143/3515 3527/156/3527 3526/155/3526 3514/142/3514
f 3516/132/3516 3528/145/3528 3527/156/3527 3515/143/3515
f 3517/144/3517 3529/157/3529 3540/158/3540 3528/145/3528
f 3518/146/3518 3530/159/3530 3529/160/3529 3517/147/3517
f 3519/148/3519 3531/161/3531 3530/159/3530 3518/146/3518
f 3520/149/3520 3532/162/3532 3531/161/3531 3519/148/3519
f 3521/150/3521 3533/163/3533 3532/162/3532 3520/149/3520
f 3522/151/3522 3534/164/3534 3533/163/3533 3521/150/3521
f 3523/152/3523 3535/165/3535 3534/164/3534 3522/151/3522
f 3524/153/3524 3536/166/3536 3535/165/3535 3523/152/3523
f 3525/154/3525 3537/167/3537 3536/166/3536 3524/153/3524
f 3526/155/3526 3538/168/3538 3537/167/3537 3525/154/3525
f 3527/156/3527 3539/169/3539 3538/168/3538 3526/155/3526
f 3528/145/3528 3540/158/3540 3539/169/3539 3527/156/3527
f 3529/157/3529 3541/170/3541 3552/171/3552 3540/158/3540
f 3530/159/3530 3542/172/3542 3541/173/3541 3529/160/3529
f 3531/161/3531 3543/174/3543 3542/172/3542 3530/159/3530
f 3532/162/3532 3544/175/3544 3543/174/3543 3531/161/3531
f 3533/163/3533 3545/176/3545 3544/175/3544 3532/162/3532
f 3534/164/3534 3546/177/3546 3545/176/3545 3533/163/3533
f 3535/165/3535 3547/178/3547 3546/177/3546 3534/164/3534
f 3536/166/3536 3548/179/3548 3547/178/3547 3535/165/3535
f 3537/167/3537 3549/180/3549 3548/179/3548 3536/166/3536
f 3538/168/3538 3550/181/3550 3549/180/3549 3537/167/3537
f 3539/169/3539 3551/182/3551 3550/181/3550 3538/168/3538
f 3540/158/3540 3552/171/3552 3551/182/3551 3539/169/3539
f 3541/170/3541 3553/183/3553 3564/184/3564 3552/171/3552
f 3542/172/3542 3554/185/3554 3553/186/3553 3541/173/3541
f 3543/174/3543 3555/187/3555 3554/185/3554 3542/172/3542
f 3544/175/3544 3556/188/3556 3555/187/3555 3543/174/3543
f 3545/176/3545 3557/189/3557 3556/188/3556 3544/175/3544
f 3546/177/3546 3558/190/3558 3557/189/3557 3545/176/3545
f 3547/178/3547 3559/191/3559 3558/190/3558 3546/177/3546
f 3548/179/3548 3560/192/3560 3559/191/3559 3547/178/3547
f 3549/180/3549 3561/193/3561 3560/192/3560 3548/179/3548
f 3550/181/3550 3562/194/3562 3561/193/3561 3549/180/3549
f 3551/182/3551 3563/195/3563 3562/194/3562 3550/181/3550
f 3552/171/3552 3564/184/3564 3563/195/3563 3551/182/3551
f 3553/183/3553 3565/196/3565 3576/197/3576 3564/184/3564
f 3554/185/3554 3566/198/3566 3565/199/3565 3553/186/3553
f 3555/187/3555 3567/200/3567 3566/198/3566 3554/185/3554
f 3556/188/3556 3568/201/3568 3567/200/3567 3555/187/3555
f 3557/189/3557 3569/202/3569 3568/201/3568 3556/188/3556
f 3558/190/3558 3570/203/3570 3569/202/3569 3557/189/3557
f 3559/191/3559 3571/204/3571 3570/203/3570 3558/190/3558
f 3560/192/3560 3572/205/3572 3571/204/3571 3559/191/3559
f 3561/193/3561 3573/206/3573 3572/205/3572 3560/192/3560
f 3562/194/3562 3574/207/3574 3573/206/3573 3561/193/3561
f 3563/195/3563 3575/208/3575 3574/207/3574 3562/194/3562
f 3564/184/3564 3576/197/3576 3575/208/3575 3563/195/3563
f 3565/196/3565 3577/209/3577 3588/210/3588 3576/197/3576
f 3566/198/3566 3578/211/3578 3577/212/3577 3565/199/3565
f 3567/200/3567 3579/213/3579 3578/211/3578 3566/198/3566
f 3568/201/3568 3580/214/3580 3579/213/3579 3567/200/3567
f 3569/202/3569 3581/215/3581 3580/214/3580 3568/201/3568
f 3570/203/3570 3582/216/3582 3581/215/3581 3569/202/3569
f 3571/204/3571 3583/217/3583 3582/216/3582 3570/203/3570
f 3572/205/3572 3584/218/3584 3583/217/3583 3571/204/3571
f 3573/206/3573 3585/219/3585 3584/218/3584 3572/205/3572
f 3574/207/3574 3586/220/3586 3585/219/3585 3573/206/3573
f 3575/208/3575 3587/221/3587 3586/220/3586 3574/207/3574
f 3576/197/3576 3588/210/3588 3587/221/3587 3575/208/3575
f 3577/209/3577 3589/222/3589 3600/223/3600 3588/210/3588
f 3578/211/3578 3590/224/3590 3589/225/3589 3577/212/3577
f 3579/213/3579 3591/226/3591 3590/224/3590 3578/211/3578
f 3580/214/3580 3592/227/3592 3591/226/3591 3579/213/3579
f 3581/215/3581 3593/228/3593 3592/227/3592 3580/214/3580
f 3582/216/3582 3594/229/3594 3593/228/3593 3581/215/3581
f 3583/217/3583 3595/230/3595 3594/229/3594 3582/216/3582
f 3584/218/3584 3596/231/3596 3595/230/3595 3583/217/3583
f 3585/219/3585 3597/232/3597 3596/231/3596 3584/218/3584
f 3586/220/3586 3598/233/3598 3597/232/3597 3585/219/3585
f 3587/221/3587 3599/234/3599 3598/233/3598 3586/220/3586
f 3588/210/3588 3600/223/3600 3599/234/3599 3587/221/3587
f 3589/222/3589 3601/235/3601 3612/236/3612 3600/223/3600
f 3590/224/3590 3602/237/3602 3601/238/3601 3589/225/3589
f 3591/226/3591 3603/239/3603 3602/237/3602 3590/224/3590
f 3592/227/3592 3604/240/3604 3603/239/3603 3591/226/3591
f 3593/228/3593 3605/241/3605 3604/240/3604 3592/227/3592
f 3594/229/3594 3606/242/3606 3605/241/3605 3593/228/3593
f 3595/230/3595 3607/243/3607 3606/242/3606 3594/229/3594
f 3596/231/3596 3608/244/3608 3607/243/3607 3595/230/3595
f 3597/232/3597 3609/245/3609 3608/244/3608 3596/231/3596
f 3598/233/3598 3610/246/3610 3609/245/3609 3597/232/3597
f 3599/234/3599 3611/247/3611 3610/246/3610 3598/233/3598
f 3600/223/3600 3612/236/3612 3611/247/3611 3599/234/3599
f 3601/235/3601 3613/248/3613 3624/249/3624 3612/236/3612
f 3602/237/3602 3614/250/3614 3613/251/3613 3601/238/3601
f 3603/239/3603 3615/252/3615 3614/250/3614 3602/237/3602
f 3604/240/3604 3616/253/3616 3615/252/3615 3603/239/3603
f 3605/241/3605 3617/254/3617 3616/253/3616 3604/240/3604
f 3606/242/3606 3618/255/3618 3617/254/3617 3605/241/3605
f 3607/243/3607 3619/256/3619 3618/255/3618 3606/242/3606
f 3608/244/3608 3620/257/3620 3619/256/3619 3607/243/3607
f 3609/245/3609 3621/258/3621 3620/257/3620 3608/244/3608
f 3610/246/3610 3622/259/3622 3621/258/3621 3609/245/3609
f 3611/247/3611 3623/260/3623 3622/259/3622 3610/246/3610
f 3612/236/3612 3624/249/3624 3623/260/3623 3611/247/3611
f 3613/248/3613 3625/261/3625 3636/262/3636 3624/249/3624
f 3614/250/3614 3626/263/3626 3625/264/3625 3613/251/3613
f 3615/252/3615 3627/265/3627 3626/263/3626 3614/250/3614
f 3616/253/3616 3628/266/3628 3627/265/3627 3615/252/3615
f 3617/254/3617 3629/267/3629 3628/266/3628 3616/253/3616
f 3618/255/3618 3630/268/3630 3629/267/3629 3617/254/3617
f 3619/256/3619 3631/269/3631 3630/268/3630 3618/255/3618
f 3620/257/3620 3632/270/3632 3631/269/3631 3619/256/3619
f 3621/258/3621 3633/271/3633 3632/270/3632 3620/257/3620
f 3622/259/3622 3634/272/3634 3633/271/3633 3621/258/3621
f 3623/260/3623 3635/273/3635 3634/272/3634 3622/259/3622
f 3624/249/3624 3636/262/3636 3635/273/3635 3623/260/3623
f 3625/261/3625 3637/274/3637 3648/275/3648 3636/262/3636
f 3626/263/3626 3638/276/3638 3637/277/3637 3625/264/3625
f 3627/265/3627 3639/278/3639 3638/276/3638 3626/263/3626
f 3628/266/3628 3640/279/3640 3639/278/3639 3627/265/3627
f 3629/267/3629 3641/280/3641 3640/279/3640 3628/266/3628
f 3630/268/3630 3642/281/3642 3641/280/3641 3629/267/3629
f 3631/269/3631 3643/282/3643 3642/281/3642 3630/268/3630
f 3632/270/3632 3644/283/3644 3643/282/3643 3631/269/3631
f 3633/271/3633 3645/284/3645 3644/283/3644 3632/270/3632
f 3634/272/3634 3646/285/3646 3645/284/3645 3633/271/3633
f 3635/273/3635 3647/286/3647 3646/285/3646 3634/272/3634
f 3636/262/3636 3648/275/3648 3647/286/3647 3635/273/3635
f 3637/274/3637 3649/287/3649 3660/288/3660 3648/275/3648
f 3638/276/3638 3650/289/3650 3649/290/3649 3637/277/3637
f 3639/278/3639 3651/291/3651 3650/289/3650 3638/276/3638
f 3640/279/3640 3652/292/3652 3651/291/3651 3639/278/3639
f 3641/280/3641 3653/293/3653 3652/292/3652 3640/279/3640
f 3642/281/3642 3654/294/3654 3653/293/3653 3641/280/3641
f 3643/282/3643 3655/295/3655 3654/294/3654 3642/281/3642
f 3644/283/3644 3656/296/3656 3655/295/3655 3643/282/3643
f 3645/284/3645 3657/297/3657 3656/296/3656 3644/283/3644
f 3646/285/3646 3658/298/3658 3657/297/3657 3645/284/3645
f 3647/286/3647 3659/299/3659 3658/298/3658 3646/285/3646
f 3648/275/3648 3660/288/3660 3659/299/3659 3647/286/3647
f 3649/287/3649 3661/300/3661 3672/301/3672 3660/288/3660
f 3650/289/3650 3662/302/3662 3661/303/3661 3649/290/3649
f 3651/291/3651 3663/304/3663 3662/302/3662 3650/289/3650
f 3652/292/3652 3664/305/3664 3663/304/3663 3651/291/3651
f 3653/293/3653 3665/306/3665 3664/305/3664 3652/292/3652
f 3654/294/3654 3666/307/3666 3665/306/3665 3653/293/3653
f 3655/295/3655 3667/308/3667 3666/307/3666 3654/294/3654
f 3656/296/3656 3668/309/3668 3667/308/3667 3655/295/3655
f 3657/297/3657 3669/310/3669 3668/309/3668 3656/296/3656
f 3658/298/3658 3670/311/3670 3669/310/3669 3657/297/3657
f 3659/299/3659 3671/312/3671 3670/311/3670 3658/298/3658
f 3660/288/3660 3672/301/3672 3671/312/3671 3659/299/3659
f 3385/1/3385 3396/4/3396 3684/3/3684 3673/2/3673
f 3386/5/3386 3385/8/3385 3673/7/3673 3674/6/3674
f 3387/9/3387 3386/5/3386 3674/6/3674 3675/10/3675
f 3388/11/3388 3387/9/3387 3675/10/3675 3676/12/3676
f 3389/13/3389 3388/11/3388 3676/12/3676 3677/14/3677
f 3390/15/3390 3389/13/3389 3677/14/3677 3678/16/3678
f 3391/17/3391 3390/15/3390 3678/16/3678 3679/18/3679
f 3392/19/3392 3391/17/3391 3679/18/3679 3680/20/3680
f 3393/21/3393 3392/19/3392 3680/20/3680 3681/22/3681
f 3394/23/3394 3393/21/3393 3681/22/3681 3682/24/3682
f 3395/25/3395 3394/23/3394 3682/24/3682 3683/26/3683
f 3396/4/3396 3395/25/3395 3683/26/3683 3684/3/3684
f 3673/2/3673 3684/3/3684 3696/28/3696 3685/27/3685
f 3674/6/3674 3673/7/3673 3685/30/3685 3686/29/3686
f 3675/10/3675 3674/6/3674 3686/29/3686 3687/31/3687
f 3676/12/3676 3675/10/3675 3687/31/3687 3688/32/3688
f 3677/14/3677 3676/12/3676 3688/32/3688 3689/33/3689
f 3678/16/3678 3677/14/3677 3689/33/3689 3690/34/3690
f 3679/18/3679 3678/16/3678 3690/34/3690 3691/35/3691
f 3680/20/3680 3679/18/3679 3691/35/3691 3692/36/3692
f 3681/22/3681 3680/20/3680 3692/36/3692 3693/37/3693
f 3682/24/3682 3681/22/3681 3693/37/3693 3694/38/3694
f 3683/26/3683 3682/24/3682 3694/38/3694 3695/39/3695
f 3684/3/3684 3683/26/3683 3695/39/3695 3696/28/3696
f 3685/27/3685 3696/28/3696 3708/41/3708 3697/40/3697
f 3686/29/3686 3685/30/3685 3697/43/3697 3698/42/3698
f 3687/31/3687 3686/29/3686 3698/42/3698 3699/44/3699
f 3688/32/3688 3687/31/3687 3699/44/3699 3700/45/3700
f 3689/33/3689 3688/32/3688 3700/45/3700 3701/46/3701
f 3690/34/3690 3689/33/3689 3701/46/3701 3702/47/3702
f 3691/35/3691 3690/34/3690 3702/47/3702 3703/48/3703
f 3692/36/3692 3691/35/3691 3703/48/3703 3704/49/3704
f 3693/37/3693 3692/36/3692 3704/49/3704 3705/50/3705
f 3694/38/3694 3693/37/3693 3705/50/3705 3706/51/3706
f 3695/39/3695 3694/38/3694 3706/51/3706 3707/52/3707
f 3696/28/3696 3695/39/3695 3707/52/3707 3708/41/3708
f 3697/40/3697 3708/41/3708 3720/54/3720 3709/53/3709
f 3698/42/3698 3697/43/3697 3709/56/3709 3710/55/3710
f 3699/44/3699 3698/42/3698 3710/55/3710 3711/57/3711
f 3700/45/3700 3699/44/3699 3711/57/3711 3712/58/3712
f 3701/46/3701 3700/45/3700 3712/58/3712 3713/59/3713
f 3702/47/3702 3701/46/3701 3713/59/3713 3714/60/3714
f 3703/48/3703 3702/47/3702 3714/60/3714 3715/61/3715
f 3704/49/3704 3703/48/3703 3715/61/3715 3716/62/3716
f 3705/50/3705 3704/49/3704 3716/62/3716 3717/63/3717
f 3706/51/3706 3705/50/3705 3717/63/3717 3718/64/3718
f 3707/52/3707 3706/51/3706 3718/64/3718 3719/65/3719
f 3708/41/3708 3707/52/3707 3719/65/3719 3720/54/3720
f 3709/53/3709 3720/54/3720 3732/67/3732 3721/66/3721
f 3710/55/3710 3709/56/3709 3721/69/3721 3722/68/3722
f 3711/57/3711 3710/55/3710 3722/68/3722 3723/70/3723
f 3712/58/3712 3711/57/3711 3723/70/3723 3724/71/3724
f 3713/59/3713 3712/58/3712 3724/71/3724 3725/72/3725
f 3714/60/3714 3713/59/3713 3725/72/3725 3726/73/3726
f 3715/61/3715 3714/60/3714 3726/73/3726 3727/74/3727
f 3716/62/3716 3715/61/3715 3727/74/3727 3728/75/3728
f 3717/63/3717 3716/62/3716 3728/75/3728 3729/76/3729
f 3718/64/3718 3717/63/3717 3729/76/3729 3730/77/3730
f 3719/65/3719 3718/64/3718 3730/77/3730 3731/78/3731
f 3720/54/3720 3719/65/3719 3731/78/3731 3732/67/3732
f 3721/66/3721 3732/67/3732 3744/80/3744 3733/79/3733
f 3722/68/3722 3721/69/3721 3733/82/3733 3734/81/3734
f 3723/70/3723 3722/68/3722 3734/81/3734 3735/83/3735
f 3724/71/3724 3723/70/3723 3735/83/3735 3736/84/3736
f 3725/72/3725 3724/71/3724 3736/84/3736 3737/85/3737
f 3726/73/3726 3725/72/3725 3737/85/3737 3738/86/3738
f 3727/74/3727 3726/73/3726 3738/86/3738 3739/87/3739
f 3728/75/3728 3727/74/3727 3739/87/3739 3740/88/3740
f 3729/76/3729 3728/75/3728 3740/88/3740 3741/89/3741
f 3730/77/3730 3729/76/3729 3741/89/3741 3742/90/3742
f 3731/78/3731 3730/77/3730 3742/90/3742 3743/91/3743
f 3732/67/3732 3731/78/3731 3743/91/3743 3744/80/3744
f 3733/79/3733 3744/80/3744 3756/93/3756 3745/92/3745
f 3734/81/3734 3733/82/3733 3745/95/3745 3746/94/3746
f 3735/83/3735 3734/81/3734 3746/94/3746 3747/96/3747
f 3736/84/3736 3735/83/3735 3747/96/3747 3748/97/3748
f 3737/85/3737 3736/84/3736 3748/97/3748 3749/98/3749
f 3738/86/3738 3737/85/3737 3749/98/3749 3750/99/3750
f 3739/87/3739 3738/86/3738 3750/99/3750 3751/100/3751
f 3740/88/3740 3739/87/3739 3751/100/3751 3752/101/3752
f 3741/89/3741 3740/88/3740 3752/101/3752 3753/102/3753
f 3742/90/3742 3741/89/3741 3753/102/3753 3754/103/3754
f 3743/91/3743 3742/90/3742 3754/103/3754 3755/104/3755
f 3744/80/3744 3743/91/3743 3755/104/3755 3756/93/3756
f 3745/92/3745 3756/93/3756 3768/106/3768 3757/105/3757
f 3746/94/3746 3745/95/3745 3757/108/3757 3758/107/3758
f 3747/96/3747 3746/94/3746 3758/107/3758 3759/109/3759
f 3748/97/3748 3747/96/3747 3759/109/3759 3760/110/3760
f 3749/98/3749 3748/97/3748 3760/110/3760 3761/111/3761
f 3750/99/3750 3749/98/3749 3761/111/3761 3762/112/3762
f 3751/100/3751 3750/99/3750 3762/112/3762 3763/113/3763
f 3752/101/3752 3751/100/3751 3763/113/3763 3764/114/3764
f 3753/102/3753 3752/101/3752 3764/114/3764 3765/115/3765
f 3754/103/3754 3753/102/3753 3765/115/3765 3766/116/3766
f 3755/104/3755 3754/103/3754 3766/116/3766 3767/117/3767
f 3756/93/3756 3755/104/3755 3767/117/3767 3768/106/3768
f 3757/105/3757 3768/106/3768 3780/119/3780 3769/118/3769
f 3758/107/3758 3757/108/3757 3769/121/3769 3770/120/3770
f 3759/109/3759 3758/107/3758 3770/120/3770 3771/122/3771
f 3760/110/3760 3759/109/3759 3771/122/3771 3772/123/3772
f 3761/111/3761 3760/110/3760 3772/123/3772 3773/124/3773
f 3762/112/3762 3761/111/3761 3773/124/3773 3774/125/3774
f 3763/113/3763 3762/112/3762 3774/125/3774 3775/126/3775
f 3764/114/3764 3763/113/3763 3775/126/3775 3776/127/3776
f 3765/115/3765 3764/114/3764 3776/127/3776 3777/128/3777
f 3766/116/3766 3765/115/3765 3777/128/3777 3778/129/3778
f 3767/117/3767 3766/116/3766 3778/129/3778 3779/130/3779
f 3768/106/3768 3767/117/3767 3779/130/3779 3780/119/3780
f 3769/118/3769 3780/119/3780 3792/132/3792 3781/131/3781
f 3770/120/3770 3769/121/3769 3781/134/3781 3782/133/3782
f 3771/122/3771 3770/120/3770 3782/133/3782 3783/135/3783
f 3772/123/3772 3771/122/3771 3783/135/3783 3784/136/3784
f 3773/124/3773 3772/123/3772 3784/136/3784 3785/137/3785
f 3774/125/3774 3773/124/3773 3785/137/3785 3786/138/3786
f 3775/126/3775 3774/125/3774 3786/138/3786 3787/139/3787
f 3776/127/3776 3775/126/3775 3787/139/3787 3788/140/3788
f 3777/128/3777 3776/127/3776 3788/140/3788 3789/141/3789
f 3778/129/3778 3777/128/3777 3789/141/3789 3790/142/3790
f 3779/130/3779 3778/129/3778 3790/142/3790 3791/143/3791
f 3780/119/3780 3779/130/3779 3791/143/3791 3792/132/3792
f 3781/131/3781 3792/132/3792 3804/145/3804 3793/144/3793
f 3782/133/3782 3781/134/3781 3793/147/3793 3794/146/3794
f 3783/135/3783 3782/133/3782 3794/146/3794 3795/148/3795
f 3784/136/3784 3783/135/3783 3795/148/3795 3796/149/3796
f 3785/137/3785 3784/136/3784 3796/149/3796 3797/150/3797
f 3786/138/3786 3785/137/3785 3797/150/3797 3798/151/3798
f 3787/139/3787 3786/138/3786 3798/151/3798 3799/152/3799
f 3788/140/3788 3787/139/3787 3799/152/3799 3800/153/3800
f 3789/141/3789 3788/140/3788 3800/153/3800 3801/154/3801
f 3790/142/3790 3789/141/3789 3801/154/3801 3802/155/3802
f 3791/143/3791 3790/142/3790 3802/155/3802 3803/156/3803
f 3792/132/3792 3791/143/3791 3803/156/3803 3804/145/3804
f 3793/144/3793 3804/145/3804 3816/158/3816 3805/157/3805
f 3794/146/3794 3793/147/3793 3805/160/3805 3806/159/3806
f 3795/148/3795 3794/146/3794 3806/159/3806 3807/161/3807
f 3796/149/3796 3795/148/3795 3807/161/3807 3808/162/3808
f 3797/150/3797 3796/149/3796 3808/162/3808 3809/163/3809
f 3798/151/3798 3797/150/3797 3809/163/3809 3810/164/3810
f 3799/152/3799 3798/151/3798 3810/164/3810 3811/165/3811
f 3800/153/3800 3799/152/3799 3811/165/3811 3812/166/3812
f 3801/154/3801 3800/153/3800 3812/166/3812 3813/167/3813
f 3802/155/3802 3801/154/3801 3813/167/3813 3814/168/3814
f 3803/156/3803 3802/155/3802 3814/168/3814 3815/169/3815
f 3804/145/3804 3803/156/3803 3815/169/3815 3816/158/3816
f 3805/157/3805 3816/158/3816 3828/171/3828 3817/170/3817
f 3806/159/3806 3805/160/3805 3817/173/3817 3818/172/3818
f 3807/161/3807 3806/159/3806 3818/172/3818 3819/174/3819
f 3808/162/3808 3807/161/3807 3819/174/3819 3820/175/3820
f 3809/163/3809 3808/162/3808 3820/175/3820 3821/176/3821
f 3810/164/3810 3809/163/3809 3821/176/3821 3822/177/3822
f 3811/165/3811 3810/164/3810 3822/177/3822 3823/178/3823
f 3812/166/3812 3811/165/3811 3823/178/3823 3824/179/3824
f 3813/167/3813 3812/166/3812 3824/179/3824 3825/180/3825
f 3814/168/3814 3813/167/3813 3825/180/3825 3826/181/3826
f 3815/169/3815 3814/168/3814 3826/181/3826 3827/182/3827
f 3816/158/3816 3815/169/3815 3827/182/3827 3828/171/3828
f 3817/170/3817 3828/171/3828 3840/184/3840 3829/183/3829
f 3818/172/3818 3817/173/3817 3829/186/3829 3830/185/3830
f 3819/174/3819 3818/172/3818 3830/185/3830 3831/187/3831
f 3820/175/3820 3819/174/3819 3831/187/3831 3832/188/3832
f 3821/176/3821 3820/175/3820 3832/188/3832 3833/189/3833
f 3822/177/3822 3821/176/3821 3833/189/3833 3834/190/3834
f 3823/178/3823 3822/177/3822 3834/190/3834 3835/191/3835
f 3824/179/3824 3823/178/3823 3835/191/3835 3836/192/3836
f 3825/180/3825 3824/179/3824 3836/192/3836 3837/193/3837
f 3826/181/3826 3825/180/3825 3837/193/3837 3838/194/3838
f 3827/182/3827 3826/181/3826 3838/194/3838 3839/195/3839
f 3828/171/3828 3827/182/3827 3839/195/3839 3840/184/3840
f 3829/183/3829 3840/184/3840 3852/197/3852 3841/196/3841
f 3830/185/3830 3829/186/3829 3841/199/3841 3842/198/3842
f 3831/187/3831 3830/185/3830 3842/198/3842 3843/200/3843
f 3832/188/3832 3831/187/3831 3843/200/3843 3844/201/3844
f 3833/189/3833 3832/188/3832 3844/201/3844 3845/202/3845
f 3834/190/3834 3833/189/3833 3845/202/3845 3846/203/3846
f 3835/191/3835 3834/190/3834 3846/203/3846 3847/204/3847
f 3836/192/3836 3835/191/3835 3847/204/3847 3848/205/3848
f 3837/193/3837 3836/192/3836 3848/205/3848 3849/206/3849
f 3838/194/3838 3837/193/3837 3849/206/3849 3850/207/3850
f 3839/195/3839 3838/194/3838 3850/207/3850 3851/208/3851
f 3840/184/3840 3839/195/3839 3851/208/3851 3852/197/3852
f 3841/196/3841 3852/197/3852 3864/210/3864 3853/209/3853
f 3842/198/3842 3841/199/3841 3853/212/3853 3854/211/3854
f 3843/200/3843 3842/198/3842 3854/211/3854 3855/213/3855
f 3844/201/3844 3843/200/3843 3855/213/3855 3856/214/3856
f 3845/202/3845 3844/201/3844 3856/214/3856 3857/215/3857
f 3846/203/3846 3845/202/3845 3857/215/3857 3858/216/3858
f 3847/204/3847 3846/203/3846 3858/216/3858 3859/217/3859
f 3848/205/3848 3847/204/3847 3859/217/3859 3860/218/3860
f 3849/206/3849 3848/205/3848 3860/218/3860 3861/219/3861
f 3850/207/3850 3849/206/3849 3861/219/3861 3862/220/3862
f 3851/208/3851 3850/207/3850 3862/220/3862 3863/221/3863
f 3852/197/3852 3851/208/3851 3863/221/3863 3864/210/3864
f 3853/209/3853 3864/210/3864 3876/223/3876 3865/222/3865
f 3854/211/3854 3853/212/3853 3865/225/3865 3866/224/3866
f 3855/213/3855 3854/211/3854 3866/224/3866 3867/226/3867
f 3856/214/3856 3855/213/3855 3867/226/3867 3868/227/3868
f 3857/215/3857 3856/214/3856 3868/227/3868 3869/228/3869
f 3858/216/3858 3857/215/3857 3869/228/3869 3870/229/3870
f 3859/217/3859 3858/216/3858 3870/229/3870 3871/230/3871
f 3860/218/3860 3859/217/3859 3871/230/3871 3872/231/3872
f 3861/219/3861 3860/218/3860 3872/231/3872 3873/232/3873
f 3862/220/3862 3861/219/3861 3873/232/3873 3874/233/3874
f 3863/221/3863 3862/220/3862 3874/233/3874 3875/234/3875
f 3864/210/3864 3863/221/3863 3875/234/3875 3876/223/3876
f 3865/222/3865 3876/223/3876 3888/236/3888 3877/235/3877
f 3866/224/3866 3865/225/3865 3877/238/3877 3878/237/3878
f 3867/226/3867 3866/224/3866 3878/237/3878 3879/239/3879
f 3868/227/3868 3867/226/3867 3879/239/3879 3880/240/3880
f 3869/228/3869 3868/227/3868 3880/240/3880 3881/241/3881
f 3870/229/3870 3869/228/3869 3881/241/3881 3882/242/3882
f 3871/230/3871 3870/229/3870 3882/242/3882 3883/243/3883
f 3872/231/3872 3871/230/3871 3883/243/3883 3884/244/3884
f 3873/232/3873 3872/231/3872 3884/244/3884 3885/245/3885
f 3874/233/3874 3873/232/3873 3885/245/3885 3886/246/3886
f 3875/234/3875 3874/233/3874 3886/246/3886 3887/247/3887
f 3876/223/3876 3875/234/3875 3887/247/3887 3888/236/3888
f 3877/235/3877 3888/236/3888 3900/249/3900 3889/248/3889
f 3878/237/3878 3877/238/3877 3889/251/3889 3890/250/3890
f 3879/239/3879 3878/237/3878 3890/250/3890 3891/252/3891
f 3880/240/3880 3879/239/3879 3891/252/3891 3892/253/3892
f 3881/241/3881 3880/240/3880 3892/253/3892 3893/254/3893
f 3882/242/3882 3881/241/3881 3893/254/3893 3894/255/3894
f 3883/243/3883 3882/242/3882 3894/255/3894 3895/256/3895
f 3884/244/3884 3883/243/3883 3895/256/3895 3896/257/3896
f 3885/245/3885 3884/244/3884 3896/257/3896 3897/258/3897
f 3886/246/3886 3885/245/3885 3897/258/3897 3898/259/3898
f 3887/247/3887 3886/246/3886 3898/259/3898 3899/260/3899
f 3888/236/3888 3887/247/3887 3899/260/3899 3900/249/3900
f 3889/248/3889 3900/249/3900 3912/262/3912 3901/261/3901
f 3890/250/3890 3889/251/3889 3901/264/3901 3902/263/3902
f 3891/252/3891 3890/250/3890 3902/263/3902 3903/265/3903
f 3892/253/3892 3891/252/3891 3903/265/3903 3904/266/3904
f 3893/254/3893 3892/253/3892 3904/266/3904 3905/267/3905
f 3894/255/3894 3893/254/3893 3905/267/3905 3906/268/3906
f 3895/256/3895 3894/255/3894 3906/268/3906 3907/269/3907
f 3896/257/3896 3895/256/3895 3907/269/3907 3908/270/3908
f 3897/258/3897 3896/257/3896 3908/270/3908 3909/271/3909
f 3898/259/3898 3897/258/3897 3909/271/3909 3910/272/3910
f 3899/260/3899 3898/259/3898 3910/272/3910 3911/273/3911
f 3900/249/3900 3899/260/3899 3911/273/3911 3912/262/3912
f 3901/261/3901 3912/262/3912 3924/275/3924 3913/274/3913
f 3902/263/3902 3901/264/3901 3913/277/3913 3914/276/3914
f 3903/265/3903 3902/263/3902 3914/276/3914 3915/278/3915
f 3904/266/3904 3903/265/3903 3915/278/3915 3916/279/3916
f 3905/267/3905 3904/266/3904 3916/279/3916 3917/280/3917
f 3906/268/3906 3905/267/3905 3917/280/3917 3918/281/3918
f 3907/269/3907 3906/268/3906 3918/281/3918 3919/282/3919
f 3908/270/3908 3907/269/3907 3919/282/3919 3920/283/3920
f 3909/271/3909 3908/270/3908 3920/283/3920 3921/284/3921
f 3910/272/3910 3909/271/3909 3921/284/3921 3922/285/3922
f 3911/273/3911 3910/272/3910 3922/285/3922 3923/286/3923
f 3912/262/3912 3911/273/3911 3923/286/3923 3924/275/3924
f 3913/274/3913 3924/275/3924 3936/288/3936 3925/287/3925
f 3914/276/3914 3913/277/3913 3925/290/3925 3926/289/3926
f 3915/278/3915 3914/276/3914 3926/289/3926 3927/291/3927
f 3916/279/3916 3915/278/3915 3927/291/3927 3928/292/3928
f 3917/280/3917 3916/279/3916 3928/292/3928 3929/293/3929
f 3918/281/3918 3917/280/3917 3929/293/3929 3930/294/3930
f 3919/282/3919 3918/281/3918 3930/294/3930 3931/295/3931
f 3920/283/3920 3919/282/3919 3931/295/3931 3932/296/3932
f 3921/284/3921 3920/283/3920 3932/296/3932 3933/297/3933
f 3922/285/3922 3921/284/3921 3933/297/3933 3934/298/3934
f 3923/286/3923 3922/285/3922 3934/298/3934 3935/299/3935
f 3924/275/3924 3923/286/3923 3935/299/3935 3936/288/3936
f 3925/287/3925 3936/288/3936 3948/301/3948 3937/300/3937
f 3926/289/3926 3925/290/3925 3937/303/3937 3938/302/3938
f 3927/291/3927 3926/289/3926 3938/302/3938 3939/304/3939
f 3928/292/3928 3927/291/3927 3939/304/3939 3940/305/3940
f 3929/293/3929 3928/292/3928 3940/305/3940 3941/306/3941
f 3930/294/3930 3929/293/3929 3941/306/3941 3942/307/3942
f 3931/295/3931 3930/294/3930 3942/307/3942 3943/308/3943
f 3932/296/3932 3931/295/3931 3943/308/3943 3944/309/3944
f 3933/297/3933 3932/296/3932 3944/309/3944 3945/310/3945
f 3934/298/3934 3933/297/3933 3945/310/3945 3946/311/3946
f 3935/299/3935 3934/298/3934 3946/311/3946 3947/312/3947
f 3936/288/3936 3935/299/3935 3947/312/3947 3948/301/3948
f 3949/1/3949 3961/2/3961 3972/3/3972 3960/4/3960
f 3950/5/3950 3962/6/3962 3961/7/3961 3949/8/3949
f 3951/9/3951 3963/10/3963 3962/6/3962 3950/5/3950
f 3952/11/3952 3964/12/3964 3963/10/3963 3951/9/3951
f 3953/13/3953 3965/14/3965 3964/12/3964 3952/11/3952
f 3954/15/3954 3966/16/3966 3965/14/3965 3953/13/3953
f 3955/17/3955 3967/18/3967 3966/16/3966 3954/15/3954
f 3956/19/3956 3968/20/3968 3967/18/3967 3955/17/3955
f 3957/21/3957 3969/22/3969 3968/20/3968 3956/19/3956
f 3958/23/3958 3970/24/3970 3969/22/3969 3957/21/3957
f 3959/25/3959 3971/26/3971 3970/24/3970 3958/23/3958
f 3960/4/3960 3972/3/3972 3971/26/3971 3959/25/3959
f 3961/2/3961 3973/27/3973 3984/28/3984 3972/3/3972
f 3962/6/3962 3974/29/3974 3973/30/3973 3961/7/3961
f 3963/10/3963 3975/31/3975 3974/29/3974 3962/6/3962
f 3964/12/3964 3976/32/3976 3975/31/3975 3963/10/3963
f 3965/14/3965 3977/33/3977 3976/32/3976 3964/12/3964
f 3966/16/3966 3978/34/3978 3977/33/3977 3965/14/3965
f 3967/18/3967 3979/35/3979 3978/34/3978 3966/16/3966
f 3968/20/3968 3980/36/3980 3979/35/3979 3967/18/3967
f 3969/22/3969 3981/37/3981 3980/36/3980 3968/20/3968
f 3970/24/3970 3982/38/3982 3981/37/3981 3969/22/3969
f 3971/26/3971 3983/39/3983 3982/38/3982 3970/24/3970
f 3972/3/3972 3984/28/3984 3983/39/3983 3971/26/3971
f 3973/27/3973 3985/40/3985 3996/41/3996 3984/28/3984
f 3974/29/3974 3986/42/3986 3985/43/3985 3973/30/3973
f 3975/31/3975 3987/44/3987 3986/42/3986 3974/29/3974
f 3976/32/3976 3988/45/3988 3987/44/3987 3975/31/3975
f 3977/33/3977 3989/46/3989 3988/45/3988 3976/32/3976
f 3978/34/3978 3990/47/3990 3989/46/3989 3977/33/3977
f 3979/35/3979 3991/48/3991 3990/47/3990 3978/34/3978
f 3980/36/3980 3992/49/3992 3991/48/3991 3979/35/3979
f 3981/37/3981 3993/50/3993 3992/49/3992 3980/36/3980
f 3982/38/3982 3994/51/3994 3993/50/3993 3981/37/3981
f 3983/39/3983 3995/52/3995 3994/51/3994 3982/38/3982
f 3984/28/3984 3996/41/3996 3995/52/3995 3983/39/3983
f 3985/40/3985 3997/53/3997 4008/54/4008 3996/41/3996
f 3986/42/3986 3998/55/3998 3997/56/3997 3985/43/3985
f 3987/44/3987 3999/57/3999 3998/55/3998 3986/42/3986
f 3988/45/3988 4000/58/4000 3999/57/3999 3987/44/3987
f 3989/46/3989 4001/59/4001 4000/58/4000 3988/45/3988
f 3990/47/3990 4002/60/4002 4001/59/4001 3989/46/3989
f 3991/48/3991 4003/61/4003 4002/60/4002 3990/47/3990
f 3992/49/3992 4004/62/4004 4003/61/4003 3991/48/3991
f 3993/50/3993 4005/63/4005 4004/62/4004 3992/49/3992
f 3994/51/3994 4006/64/4006 4005/63/4005 3993/50/3993
f 3995/52/3995 4007/65/4007 4006/64/4006 3994/51/3994
f 3996/41/3996 4008/54/4008 4007/65/4007 3995/52/3995
f 3997/53/3997 4009/66/4009 4020/67/4020 4008/54/4008
f 3998/55/3998 4010/68/4010 4009/69/4009 3997/56/3997
f 3999/57/3999 4011/70/4011 4010/68/4010 3998/55/3998
f 4000/58/4000 4012/71/4012 4011/70/4011 3999/57/3999
f 4001/59/4001 4013/72/4013 4012/71/4012 4000/58/4000
f 4002/60/4002 4014/73/4014 4013/72/4013 4001/59/4001
f 4003/61/4003 4015/74/4015 4014/73/4014 4002/60/4002
f 4004/62/4004 4016/75/4016 4015/74/4015 4003/61/4003
f 4005/63/4005 4017/76/4017 4016/75/4016 4004/62/4004
f 4006/64/4006 4018/77/4018 4017/76/4017 4005/63/4005
f 4007/65/4007 4019/78/4019 4018/77/4018 4006/64/4006
f 4008/54/4008 4020/67/4020 4019/78/4019 4007/65/4007
f 4009/66/4009 4021/79/4021 4032/80/4032 4020/67/4020
f 4010/68/4010 4022/81/4022 4021/82/4021 4009/69/4009
f 4011/70/4011 4023/83/4023 4022/81/4022 4010/68/4010
f 4012/71/4012 4024/84/4024 4023/83/4023 4011/70/4011
f 4013/72/4013 4025/85/4025 4024/84/4024 4012/71/4012
f 4014/73/4014 4026/86/4026 4025/85/4025 4013/72/4013
f 4015/74/4015 4027/87/4027 4026/86/4026 4014/73/4014
f 4016/75/4016 4028/88/4028 4027/87/4027 4015/74/4015
f 4017/76/4017 4029/89/4029 4028/88/4028 4016/75/4016
f 4018/77/4018 4030/90/4030 4029/89/4029 4017/76/4017
f 4019/78/4019 4031/91/4031 4030/90/4030 4018/77/4018
f 4020/67/4020 4032/80/4032 4031/91/4031 4019/78/4019
f 4021/79/4021 4033/92/4033 4044/93/4044 4032/80/4032
f 4022/81/4022 4034/94/4034 4033/95/4033 4021/82/4021
f 4023/83/4023 4035/96/4035 4034/94/4034 4022/81/4022
f 4024/84/4024 4036/97/4036 4035/96/4035 4023/83/4023
f 4025/85/4025 4037/98/4037 4036/97/4036 4024/84/4024
f 4026/86/4026 4038/99/4038 4037/98/4037 4025/85/4025
f 4027/87/4027 4039/100/4039 4038/99/4038 4026/86/4026
f 4028/88/4028 4040/101/4040 4039/100/4039 4027/87/4027
f 4029/89/4029 4041/102/4041 4040/101/4040 4028/88/4028
f 4030/90/4030 4042/103/4042 4041/102/4041 4029/89/4029
f 4031/91/4031 4043/104/4043 4042/103/4042 4030/90/4030
f 4032/80/4032 4044/93/4044 4043/104/4043 4031/91/4031
f 4033/92/4033 4045/105/4045 4056/106/4056 4044/93/4044
f 4034/94/4034 4046/107/4046 4045/108/4045 4033/95/4033
f 4035/96/4035 4047/109/4047 4046/107/4046 4034/94/4034
f 4036/97/4036 4048/110/4048 4047/109/4047 4035/96/4035
f 4037/98/4037 4049/111/4049 4048/110/4048 4036/97/4036
f 4038/99/4038 4050/112/4050 4049/111/4049 4037/98/4037
f 4039/100/4039 4051/113/4051 4050/112/4050 4038/99/4038
f 4040/101/4040 4052/114/4052 4051/113/4051 4039/100/4039
f 4041/102/4041 4053/115/4053 4052/114/4052 4040/101/4040
f 4042/103/4042 4054/116/4054 4053/115/4053 4041/102/4041
f 4043/104/4043 4055/117/4055 4054/116/4054 4042/103/4042
f 4044/93/4044 4056/106/4056 4055/117/4055 4043/104/4043
f 4045/105/4045 4057/118/4057 4068/119/4068 4056/106/4056
f 4046/107/4046 4058/120/4058 4057/121/4057 4045/108/4045
f 4047/109/4047 4059/122/4059 4058/120/4058 4046/107/4046
f 4048/110/4048 4060/123/4060 4059/122/4059 4047/109/4047
f 4049/111/4049 4061/124/4061 4060/123/4060 4048/110/4048
f 4050/112/4050 4062/125/4062 4061/124/4061 4049/111/4049
f 4051/113/4051 4063/126/4063 4062/125/4062 4050/112/4050
f 4052/114/4052 4064/127/4064 4063/126/4063 4051/113/4051
f 4053/115/4053 4065/128/4065 4064/127/4064 4052/114/4052
f 4054/116/4054 4066/129/4066 4065/128/4065 4053/115/4053
f 4055/117/4055 4067/130/4067 4066/129/4066 4054/116/4054
f 4056/106/4056 4068/119/4068 4067/130/4067 4055/117/4055
f 4057/118/4057 4069/131/4069 4080/132/4080 4068/119/4068
f 4058/120/4058 4070/133/4070 4069/134/4069 4057/121/4057
f 4059/122/4059 4071/135/4071 4070/133/4070 4058/120/4058
f 4060/123/4060 4072/136/4072 4071/135/4071 4059/122/4059
f 4061/124/4061 4073/137/4073 4072/136/4072 4060/123/4060
f 4062/125/4062 4074/138/4074 4073/137/4073 4061/124/4061
f 4063/126/4063 4075/139/4075 4074/138/4074 4062/125/4062
f 4064/127/4064 4076/140/4076 4075/139/4075 4063/126/4063
f 4065/128/4065 4077/141/4077 4076/140/4076 4064/127/4064
f 4066/129/4066 4078/142/4078 4077/141/4077 4065/128/4065
f 4067/130/4067 4079/143/4079 4078/142/4078 4066/129/4066
f 4068/119/4068 4080/132/4080 4079/143/4079 4067/130/4067
f 4069/131/4069 4081/144/4081 4092/145/4092 4080/132/4080
f 4070/133/4070 4082/146/4082 4081/147/4081 4069/134/4069
f 4071/135/4071 4083/148/4083 4082/146/4082 4070/133/4070
f 4072/136/4072 4084/149/4084 4083/148/4083 4071/135/4071
f 4073/137/4073 4085/150/4085 4084/149/4084 4072/136/4072
f 4074/138/4074 4086/151/4086 4085/150/4085 4073/137/4073
f 4075/139/4075 4087/152/4087 4086/151/4086 4074/138/4074
f 4076/140/4076 4088/153/4088 4087/152/4087 4075/139/4075
f 4077/141/4077 4089/154/4089 4088/153/4088 4076/140/4076
f 4078/142/4078 4090/155/4090 4089/154/4089 4077/141/4077
f 4079/143/4079 4091/156/4091 4090/155/4090 4078/142/4078
f 4080/132/4080 4092/145/4092 4091/156/4091 4079/143/4079
f 4081/144/4081 4093/157/4093 4104/158/4104 4092/145/4092
f 4082/146/4082 4094/159/4094 4093/160/4093 4081/147/4081
f 4083/148/4083 4095/161/4095 4094/159/4094 4082/146/4082
f 4084/149/4084 4096/162/4096 4095/161/4095 4083/148/4083
f 4085/150/4085 4097/163/4097 4096/162/4096 4084/149/4084
f 4086/151/4086 4098/164/4098 4097/163/4097 4085/150/4085
f 4087/152/4087 4099/165/4099 4098/164/4098 4086/151/4086
f 4088/153/4088 4100/166/4100 4099/165/4099 4087/152/4087
f 4089/154/4089 4101/167/4101 4100/166/4100 4088/153/4088
f 4090/155/4090 4102/168/4102 4101/167/4101 4089/154/4089
f 4091/156/4091 4103/169/4103 4102/168/4102 4090/155/4090
f 4092/145/4092 4104/158/4104 4103/169/4103 4091/156/4091
f 4093/157/4093 4105/170/4105 4116/171/4116 4104/158/4104
f 4094/159/4094 4106/172/4106 4105/173/4105 4093/160/4093
f 4095/161/4095 4107/174/4107 4106/172/4106 4094/159/4094
f 4096/162/4096 4108/175/4108 4107/174/4107 4095/161/4095
f 4097/163/4097 4109/176/4109 4108/175/4108 4096/162/4096
f 4098/164/4098 4110/177/4110 4109/176/4109 4097/163/4097
f 4099/165/4099 4111/178/4111 4110/177/4110 4098/164/4098
f 4100/166/4100 4112/179/4112 4111/178/4111 4099/165/4099
f 4101/167/4101 4113/180/4113 4112/179/4112 4100/166/4100
f 4102/168/4102 4114/181/4114 4113/180/4113 4101/167/4101
f 4103/169/4103 4115/182/4115 4114/181/4114 4102/168/4102
f 4104/158/4104 4116/171/4116 4115/182/4115 4103/169/4103
f 4105/170/4105 4117/183/4117 4128/184/4128 4116/171/4116
f 4106/172/4106 4118/185/4118 4117/186/4117 4105/173/4105
f 4107/174/4107 4119/187/4119 4118/185/4118 4106/172/4106
f 4108/175/4108 4120/188/4120 4119/187/4119 4107/174/4107
f 4109/176/4109 4121/189/4121 4120/188/4120 4108/175/4108
f 4110/177/4110 4122/190/4122 4121/189/4121 4109/176/4109
f 4111/178/4111 4123/191/4123 4122/190/4122 4110/177/4110
f 4112/179/4112 4124/192/4124 4123/191/4123 4111/178/4111
f 4113/180/4113 4125/193/4125 4124/192/4124 4112/179/4112
f 4114/181/4114 4126/194/4126 4125/193/4125 4113/180/4113
f 4115/182/4115 4127/195/4127 4126/194/4126 4114/181/4114
f 4116/171/4116 4128/184/4128 4127/195/4127 4115/182/4115
f 4117/183/4117 4129/196/4129 4140/197/4140 4128/184/4128
f 4118/185/4118 4130/198/4130 4129/199/4129 4117/186/4117
f 4119/187/4119 4131/200/4131 4130/198/4130 4118/185/4118
f 4120/188/4120 4132/201/4132 4131/200/4131 4119/187/4119
f 4121/189/4121 4133/202/4133 4132/201/4132 4120/188/4120
f 4122/190/4122 4134/203/4134 4133/202/4133 4121/189/4121
f 4123/191/4123 4135/204/4135 4134/203/4134 4122/190/4122
f 4124/192/4124 4136/205/4136 4135/204/4135 4123/191/4123
f 4125/193/4125 4137/206/4137 4136/205/4136 4124/192/4124
f 4126/194/4126 4138/207/4138 4137/206/4137 4125/193/4125
f 4127/195/4127 4139/208/4139 4138/207/4138 4126/194/4126
f 4128/184/4128 4140/197/4140 4139/208/4139 4127/195/4127
f 4129/196/4129 4141/209/4141 4152/210/4152 4140/197/4140
f 4130/198/4130 4142/211/4142 4141/212/4141 4129/199/4129
f 4131/200/4131 4143/213/4143 4142/211/4142 4130/198/4130
f 4132/201/4132 4144/214/4144 4143/213/4143 4131/200/4131
f 4133/202/4133 4145/215/4145 4144/214/4144 4132/201/4132
f 4134/203/4134 4146/216/4146 4145/215/4145 4133/202/4133
f 4135/204/4135 4147/217/4147 4146/216/4146 4134/203/4134
f 4136/205/4136 4148/218/4148 4147/217/4147 4135/204/4135
f 4137/206/4137 4149/219/4149 4148/218/4148 4136/205/4136
f 4138/207/4138 4150/220/4150 4149/219/4149 4137/206/4137
f 4139/208/4139 4151/221/4151 4150/220/4150 4138/207/4138
f 4140/197/4140 4152/210/4152 4151/221/4151 4139/208/4139
f 4141/209/4141 4153/222/4153 4164/223/4164 4152/210/4152
f 4142/211/4142 4154/224/4154 4153/225/4153 4141/212/4141
f 4143/213/4143 4155/226/4155 4154/224/4154 4142/211/4142
f 4144/214/4144 4156/227/4156 4155/226/4155 4143/213/4143
f 4145/215/4145 4157/228/4157 4156/227/4156 4144/214/4144
f 4146/216/4146 4158/229/4158 4157/228/4157 4145/215/4145
f 4147/217/4147 4159/230/4159 4158/229/4158 4146/216/4146
f 4148/218/4148 4160/231/4160 4159/230/4159 4147/217/4147
f 4149/219/4149 4161/232/4161 4160/231/4160 4148/218/4148
f 4150/220/4150 4162/233/4162 4161/232/4161 4149/219/4149
f 4151/221/4151 4163/234/4163 4162/233/4162 4150/220/4150
f 4152/210/4152 4164/223/4164 4163/234/4163 4151/221/4151
f 4153/222/4153 4165/235/4165 4176/236/4176 4164/223/4164
f 4154/224/4154 4166/237/4166 4165/238/4165 4153/225/4153
f 4155/226/4155 4167/239/4167 4166/237/4166 4154/224/4154
f 4156/227/4156 4168/240/4168 4167/239/4167 4155/226/4155
f 4157/228/4157 4169/241/4169 4168/240/4168 4156/227/4156
f 4158/229/4158 4170/242/4170 4169/241/4169 4157/228/4157
f 4159/230/4159 4171/243/4171 4170/242/4170 4158/229/4158
f 4160/231/4160 4172/244/4172 4171/243/4171 4159/230/4159
f 4161/232/4161 4173/245/4173 4172/244/4172 4160/231/4160
f 4162/233/4162 4174/246/4174 4173/245/4173 4161/232/4161
f 4163/234/4163 4175/247/4175 4174/246/4174 4162/233/4162
f 4164/223/4164 4176/236/4176 4175/247/4175 4163/234/4163
f 4165/235/4165 4177/248/4177 4188/249/4188 4176/236/4176
f 4166/237/4166 4178/250/4178 4177/251/4177 4165/238/4165
f 4167/239/4167 4179/252/4179 4178/250/4178 4166/237/4166
f 4168/240/4168 4180/253/4180 4179/252/4179 4167/239/4167
f 4169/241/4169 4181/254/4181 4180/253/4180 4168/240/4168
f 4170/242/4170 4182/255/4182 4181/254/4181 4169/241/4169
f 4171/243/4171 4183/256/4183 4182/255/4182 4170/242/4170
f 4172/244/4172 4184/257/4184 4183/256/4183 4171/243/4171
f 4173/245/4173 4185/258/4185 4184/257/4184 4172/244/4172
f 4174/246/4174 4186/259/4186 4185/258/4185 4173/245/4173
f 4175/247/4175 4187/260/4187 4186/259/4186 4174/246/4174
f 4176/236/4176 4188/249/4188 4187/260/4187 4175/247/4175
f 4177/248/4177 4189/261/4189 4200/262/4200 4188/249/4188
f 4178/250/4178 4190/263/4190 4189/264/4189 4177/251/4177
f 4179/252/4179 4191/265/4191 4190/263/4190 4178/250/4178
f 4180/253/4180 4192/266/4192 4191/265/4191 4179/252/4179
f 4181/254/4181 4193/267/4193 4192/266/4192 4180/253/4180
f 4182/255/4182 4194/268/4194 4193/267/4193 4181/254/4181
f 4183/256/4183 4195/269/4195 4194/268/4194 4182/255/4182
f 4184/257/4184 4196/270/4196 4195/269/4195 4183/256/4183
f 4185/258/4185 4197/271/4197 4196/270/4196 4184/257/4184
f 4186/259/4186 4198/272/4198 4197/271/4197 4185/258/4185
f 4187/260/4187 4199/273/4199 4198/272/4198 4186/259/4186
f 4188/249/4188 4200/262/4200 4199/273/4199 4187/260/4187
f 4189/261/4189 4201/274/4201 4212/275/4212 4200/262/4200
f 4190/263/4190 4202/276/4202 4201/277/4201 4189/264/4189
f 4191/265/4191 4203/278/4203 4202/276/4202 4190/263/4190
f 4192/266/4192 4204/279/4204 4203/278/4203 4191/265/4191
f 4193/267/4193 4205/280/4205 4204/279/4204 4192/266/4192
f 4194/268/4194 4206/281/4206 4205/280/4205 4193/267/4193
f 4195/269/4195 4207/282/4207 4206/281/4206 4194/268/4194
f 4196/270/4196 4208/283/4208 4207/282/4207 4195/269/4195
f 4197/271/4197 4209/284/4209 4208/283/4208 4196/270/4196
f 4198/272/4198 4210/285/4210 4209/284/4209 4197/271/4197
f 4199/273/4199 4211/286/4211 4210/285/4210 4198/272/4198
f 4200/262/4200 4212/275/4212 4211/286/4211 4199/273/4199
f 4201/274/4201 4213/287/4213 4224/288/4224 4212/275/4212
f 4202/276/4202 4214/289/4214 4213/290/4213 4201/277/4201
f 4203/278/4203 4215/291/4215 4214/289/4214 4202/276/4202
f 4204/279/4204 4216/292/4216 4215/291/4215 4203/278/4203
f 4205/280/4205 4217/293/4217 4216/292/4216 4204/279/4204
f 4206/281/4206 4218/294/4218 4217/293/4217 4205/280/4205
f 4207/282/4207 4219/295/4219 4218/294/4218 4206/281/4206
f 4208/283/4208 4220/296/4220 4219/295/4219 4207/282/4207
f 4209/284/4209 4221/297/4221 4220/296/4220 4208/283/4208
f 4210/285/4210 4222/298/4222 4221/297/4221 4209/284/4209
f 4211/286/4211 4223/299/4223 4222/298/4222 4210/285/4210
f 4212/275/4212 4224/288/4224 4223/299/4223 4211/286/4211
f 4213/287/4213 4225/300/4225 4236/301/4236 4224/288/4224
f 4214/289/4214 4226/302/4226 4225/303/4225 4213/290/4213
f 4215/291/4215 4227/304/4227 4226/302/4226 4214/289/4214
f 4216/292/4216 4228/305/4228 4227/304/4227 4215/291/4215
f 4217/293/4217 4229/306/4229 4228/305/4228 4216/292/4216
f 4218/294/4218 4230/307/4230 4229/306/4229 4217/293/4217
f 4219/295/4219 4231/308/4231 4230/307/4230 4218/294/4218
f 4220/296/4220 4232/309/4232 4231/308/4231 4219/295/4219
f 4221/297/4221 4233/310/4233 4232/309/4232 4220/296/4220
f 4222/298/4222 4234/311/4234 4233/310/4233 4221/297/4221
f 4223/299/4223 4235/312/4235 4234/311/4234 4222/298/4222
f 4224/288/4224 4236/301/4236 4235/312/4235 4223/299/4223
f 3949/1/3949 3960/4/3960 4248/3/4248 4237/2/4237
f 3950/5/3950 3949/8/3949 4237/7/4237 4238/6/4238
f 3951/9/3951 3950/5/3950 4238/6/4238 4239/10/4239
f 3952/11/3952 3951/9/3951 4239/10/4239 4240/12/4240
f 3953/13/3953 3952/11/3952 4240/12/4240 4241/14/4241
f 3954/15/3954 3953/13/3953 4241/14/4241 4242/16/4242
f 3955/17/3955 3954/15/3954 4242/16/4242 4243/18/4243
f 3956/19/3956 3955/17/3955 4243/18/4243 4244/20/4244
f 3957/21/3957 3956/19/3956 4244/20/4244 4245/22/4245
f 3958/23/3958 3957/21/3957 4245/22/4245 4246/24/4246
f 3959/25/3959 3958/23/3958 4246/24/4246 4247/26/4247
f 3960/4/3960 3959/25/3959 4247/26/4247 4248/3/4248
f 4237/2/4237 4248/3/4248 4260/28/4260 4249/27/4249
f 4238/6/4238 4237/7/4237 4249/30/4249 4250/29/4250
f 4239/10/4239 4238/6/4238 4250/29/4250 4251/31/4251
f 4240/12/4240 4239/10/4239 4251/31/4251 4252/32/4252
f 4241/14/4241 4240/12/4240 4252/32/4252 4253/33/4253
f 4242/16/4242 4241/14/4241 4253/33/4253 4254/34/4254
f 4243/18/4243 4242/16/4242 4254/34/4254 4255/35/4255
f 4244/20/4244 4243/18/4243 4255/35/4255 4256/36/4256
f 4245/22/4245 4244/20/4244 4256/36/4256 4257/37/4257
f 4246/24/4246 4245/22/4245 4257/37/4257 4258/38/4258
f 4247/26/4247 4246/24/4246 4258/38/4258 4259/39/4259
f 4248/3/4248 4247/26/4247 4259/39/4259 4260/28/4260
f 4249/27/4249 4260/28/4260 4272/41/4272 4261/40/4261
f 4250/29/4250 4249/30/4249 4261/43/4261 4262/42/4262
f 4251/31/4251 4250/29/4250 4262/42/4262 4263/44/4263
f 4252/32/4252 4251/31/4251 4263/44/4263 4264/45/4264
f 4253/33/4253 4252/32/4252 4264/45/4264 4265/46/4265
f 4254/34/4254 4253/33/4253 4265/46/4265 4266/47/4266
f 4255/35/4255 4254/34/4254 4266/47/4266 4267/48/4267
f 4256/36/4256 4255/35/4255 4267/48/4267 4268/49/4268
f 4257/37/4257 4256/36/4256 4268/49/4268 4269/50/4269
f 4258/38/4258 4257/37/4257 4269/50/4269 4270/51/4270
f 4259/39/4259 4258/38/4258 4270/51/4270 4271/52/4271
f 4260/28/4260 4259/39/4259 4271/52/4271 4272/41/4272
f 4261/40/4261 4272/41/4272 4284/54/4284 4273/53/4273
f 4262/42/4262 4261/43/4261 4273/56/4273 4274/55/4274
f 4263/44/4263 4262/42/4262 4274/55/4274 4275/57/4275
f 4264/45/4264 4263/44/4263 4275/57/4275 4276/58/4276
f 4265/46/4265 4264/45/4264 4276/58/4276 4277/59/4277
f 4266/47/4266 4265/46/4265 4277/59/4277 4278/60/4278
f 4267/48/4267 4266/47/4266 4278/60/4278 4279/61/4279
f 4268/49/4268 4267/48/4267 4279/61/4279 4280/62/4280
f 4269/50/4269 4268/49/4268 4280/62/4280 4281/63/4281
f 4270/51/4270 4269/50/4269 4281/63/4281 4282/64/4282
f 4271/52/4271 4270/51/4270 4282/64/4282 4283/65/4283
f 4272/41/4272 4271/52/4271 4283/65/4283 4284/54/4284
f 4273/53/4273 4284/54/4284 4296/67/4296 4285/66/4285
f 4274/55/4274 4273/56/4273 4285/69/4285 4286/68/4286
f 4275/57/4275 4274/55/4274 4286/68/4286 4287/70/4287
f 4276/58/4276 4275/57/4275 4287/70/4287 4288/71/4288
f 4277/59/4277 4276/58/4276 4288/71/4288 4289/72/4289
f 4278/60/4278 4277/59/4277 4289/72/4289 4290/73/4290
f 4279/61/4279 4278/60/4278 4290/73/4290 4291/74/4291
f 4280/62/4280 4279/61/4279 4291/74/4291 4292/75/4292
f 4281/63/4281 4280/62/4280 4292/75/4292 4293/76/4293
f 4282/64/4282 4281/63/4281 4293/76/4293 4294/77/4294
f 4283/65/4283 4282/64/4282 4294/77/4294 4295/78/4295
f 4284/54/4284 4283/65/4283 4295/78/4295 4296/67/4296
f 4285/66/4285 4296/67/4296 4308/80/4308 4297/79/4297
f 4286/68/4286 4285/69/4285 4297/82/4297 4298/81/4298
f 4287/70/4287 4286/68/4286 4298/81/4298 4299/83/4299
f 4288/71/4288 4287/70/4287 4299/83/4299 4300/84/4300
f 4289/72/4289 4288/71/4288 4300/84/4300 4301/85/4301
f 4290/73/4290 4289/72/4289 4301/85/4301 4302/86/4302
f 4291/74/4291 4290/73/4290 4302/86/4302 4303/87/4303
f 4292/75/4292 4291/74/4291 4303/87/4303 4304/88/4304
f 4293/76/4293 4292/75/4292 4304/88/4304 4305/89/4305
f 4294/77/4294 4293/76/4293 4305/89/4305 4306/90/4306
f 4295/78/4295 4294/77/4294 4306/90/4306 4307/91/4307
f 4296/67/4296 4295/78/4295 4307/91/4307 4308/80/4308
f 4297/79/4297 4308/80/4308 4320/93/4320 4309/92/4309
f 4298/81/4298 4297/82/4297 4309/95/4309 4310/94/4310
f 4299/83/4299 4298/81/4298 4310/94/4310 4311/96/4311
f 4300/84/4300 4299/83/4299 4311/96/4311 4312/97/4312
f 4301/85/4301 4300/84/4300 4312/97/4312 4313/98/4313
f 4302/86/4302 4301/85/4301 4313/98/4313 4314/99/4314
f 4303/87/4303 4302/86/4302 4314/99/4314 4315/100/4315
f 4304/88/4304 4303/87/4303 4315/100/4315 4316/101/4316
f 4305/89/4305 4304/88/4304 4316/101/4316 4317/102/4317
f 4306/90/4306 4305/89/4305 4317/102/4317 4318/103/4318
f 4307/91/4307 4306/90/4306 4318/103/4318 4319/104/4319
f 4308/80/4308 4307/91/4307 4319/104/4319 4320/93/4320
f 4309/92/4309 4320/93/4320 4332/106/4332 4321/105/4321
f 4310/94/4310 4309/95/4309 4321/108/4321 4322/107/4322
f 4311/96/4311 4310/94/4310 4322/107/4322 4323/109/4323
f 4312/97/4312 4311/96/4311 4323/109/4323 4324/110/4324
f 4313/98/4313 4312/97/4312 4324/110/4324 4325/111/4325
f 4314/99/4314 4313/98/4313 4325/111/4325 4326/112/4326
f 4315/100/4315 4314/99/4314 4326/112/4326 4327/113/4327
f 4316/101/4316 4315/100/4315 4327/113/4327 4328/114/4328
f 4317/102/4317 4316/101/4316 4328/114/4328 4329/115/4329
f 4318/103/4318 4317/102/4317 4329/115/4329 4330/116/4330
f 4319/104/4319 4318/103/4318 4330/116/4330 4331/117/4331
f 4320/93/4320 4319/104/4319 4331/117/4331 4332/106/4332
f 4321/105/4321 4332/106/4332 4344/119/4344 4333/118/4333
f 4322/107/4322 4321/108/4321 4333/121/4333 4334/120/4334
f 4323/109/4323 4322/107/4322 4334/120/4334 4335/122/4335
f 4324/110/4324 4323/109/4323 4335/122/4335 4336/123/4336
f 4325/111/4325 4324/110/4324 4336/123/4336 4337/124/4337
f 4326/112/4326 4325/111/4325 4337/124/4337 4338/125/4338
f 4327/113/4327 4326/112/4326 4338/125/4338 4339/126/4339
f 4328/114/4328 4327/113/4327 4339/126/4339 4340/127/4340
f 4329/115/4329 4328/114/4328 4340/127/4340 4341/128/4341
f 4330/116/4330 4329/115/4329 4341/128/4341 4342/129/4342
f 4331/117/4331 4330/116/4330 4342/129/4342 4343/130/4343
f 4332/106/4332 4331/117/4331 4343/130/4343 4344/119/4344
f 4333/118/4333 4344/119/4344 4356/132/4356 4345/131/4345
f 4334/120/4334 4333/121/4333 4345/134/4345 4346/133/4346
f 4335/122/4335 4334/120/4334 4346/133/4346 4347/135/4347
f 4336/123/4336 4335/122/4335 4347/135/4347 4348/136/4348
f 4337/124/4337 4336/123/4336 4348/136/4348 4349/137/4349
f 4338/125/4338 4337/124/4337 4349/137/4349 4350/138/4350
f 4339/126/4339 4338/125/4338 4350/138/4350 4351/139/4351
f 4340/127/4340 4339/126/4339 4351/139/4351 4352/140/4352
f 4341/128/4341 4340/127/4340 4352/140/4352 4353/141/4353
f 4342/129/4342 4341/128/4341 4353/141/4353 4354/142/4354
f 4343/130/4343 4342/129/4342 4354/142/4354 4355/143/4355
f 4344/119/4344 4343/130/4343 4355/143/4355 4356/132/4356
f 4345/131/4345 4356/132/4356 4368/145/4368 4357/144/4357
f 4346/133/4346 4345/134/4345 4357/147/4357 4358/146/4358
f 4347/135/4347 4346/133/4346 4358/146/4358 4359/148/4359
f 4348/136/4348 4347/135/4347 4359/148/4359 4360/149/4360
f 4349/137/4349 4348/136/4348 4360/149/4360 4361/150/4361
f 4350/138/4350 4349/137/4349 4361/150/4361 4362/151/4362
f 4351/139/4351 4350/138/4350 4362/151/4362 4363/152/4363
f 4352/140/4352 4351/139/4351 4363/152/4363 4364/153/4364
f 4353/141/4353 4352/140/4352 4364/153/4364 4365/154/4365
f 4354/142/4354 4353/141/4353 4365/154/4365 4366/155/4366
f 4355/143/4355 4354/142/4354 4366/155/4366 4367/156/4367
f 4356/132/4356 4355/143/4355 4367/156/4367 4368/145/4368
f 4357/144/4357 4368/145/4368 4380/158/4380 4369/157/4369
f 4358/146/4358 4357/147/4357 4369/160/4369 4370/159/4370
f 4359/148/4359 4358/146/4358 4370/159/4370 4371/161/4371
f 4360/149/4360 4359/148/4359 4371/161/4371 4372/162/4372
f 4361/150/4361 4360/149/4360 4372/162/4372 4373/163/4373
f 4362/151/4362 4361/150/4361 4373/163/4373 4374/164/4374
f 4363/152/4363 4362/151/4362 4374/164/4374 4375/165/4375
f 4364/153/4364 4363/152/4363 4375/165/4375 4376/166/4376
f 4365/154/4365 4364/153/4364 4376/166/4376 4377/167/4377
f 4366/155/4366 4365/154/4365 4377/167/4377 4378/168/4378
f 4367/156/4367 4366/155/4366 4378/168/4378 4379/169/4379
f 4368/145/4368 4367/156/4367 4379/169/4379 4380/158/4380
f 4369/157/4369 4380/158/4380 4392/171/4392 4381/170/4381
f 4370/159/4370 4369/160/4369 4381/173/4381 4382/172/4382
f 4371/161/4371 4370/159/4370 4382/172/4382 4383/174/4383
f 4372/162/4372 4371/161/4371 4383/174/4383 4384/175/4384
f 4373/163/4373 4372/162/4372 4384/175/4384 4385/176/4385
f 4374/164/4374 4373/163/4373 4385/176/4385 4386/177/4386
f 4375/165/4375 4374/164/4374 4386/177/4386 4387/178/4387
f 4376/166/4376 4375/165/4375 4387/178/4387 4388/179/4388
f 4377/167/4377 4376/166/4376 4388/179/4388 4389/180/4389
f 4378/168/4378 4377/167/4377 4389/180/4389 4390/181/4390
f 4379/169/4379 4378/168/4378 4390/181/4390 4391/182/4391
f 4380/158/4380 4379/169/4379 4391/182/4391 4392/171/4392
f 4381/170/4381 4392/171/4392 4404/184/4404 4393/183/4393
f 4382/172/4382 4381/173/4381 4393/186/4393 4394/185/4394
f 4383/174/4383 4382/172/4382 4394/185/4394 4395/187/4395
f 4384/175/4384 4383/174/4383 4395/187/4395 4396/188/4396
f 4385/176/4385 4384/175/4384 4396/188/4396 4397/189/4397
f 4386/177/4386 4385/176/4385 4397/189/4397 4398/190/4398
f 4387/178/4387 4386/177/4386 4398/190/4398 4399/191/4399
f 4388/179/4388 4387/178/4387 4399/191/4399 4400/192/4400
f 4389/180/4389 4388/179/4388 4400/192/4400 4401/193/4401
f 4390/181/4390 4389/180/4389 4401/193/4401 4402/194/4402
f 4391/182/4391 4390/181/4390 4402/194/4402 4403/195/4403
f 4392/171/4392 4391/182/4391 4403/195/4403 4404/184/4404
f 4393/183/4393 4404/184/4404 4416/197/4416 4405/196/4405
f 4394/185/4394 4393/186/4393 4405/199/4405 4406/198/4406
f 4395/187/4395 4394/185/4394 4406/198/4406 4407/200/4407
f 4396/188/4396 4395/187/4395 4407/200/4407 4408/201/4408
f 4397/189/4397 4396/188/4396 4408/201/4408 4409/202/4409
f 4398/190/4398 4397/189/4397 4409/202/4409 4410/203/4410
f 4399/191/4399 4398/190/4398 4410/203/4410 4411/204/4411
f 4400/192/4400 4399/191/4399 4411/204/4411 4412/205/4412
f 4401/193/4401 4400/192/4400 4412/205/4412 4413/206/4413
f 4402/194/4402 4401/193/4401 4413/206/4413 4414/207/4414
f 4403/195/4403 4402/194/4402 4414/207/4414 4415/208/4415
f 4404/184/4404 4403/195/4403 4415/208/4415 4416/197/4416
f 4405/196/4405 4416/197/4416 4428/210/4428 4417/209/4417
f 4406/198/4406 4405/199/4405 4417/212/4417 4418/211/4418
f 4407/200/4407 4406/198/4406 4418/211/4418 4419/213/4419
f 4408/201/4408 4407/200/4407 4419/213/4419 4420/214/4420
f 4409/202/4409 4408/201/4408 4420/214/4420 4421/215/4421
f 4410/203/4410 4409/202/4409 4421/215/4421 4422/216/4422
f 4411/204/4411 4410/203/4410 4422/216/4422 4423/217/4423
f 4412/205/4412 4411/204/4411 4423/217/4423 4424/218/4424
f 4413/206/4413 4412/205/4412 4424/218/4424 4425/219/4425
f 4414/207/4414 4413/206/4413 4425/219/4425 4426/220/4426
f 4415/208/4415 4414/207/4414 4426/220/4426 4427/221/4427
f 4416/197/4416 4415/208/4415 4427/221/4427 4428/210/4428
f 4417/209/4417 4428/210/4428 4440/223/4440 4429/222/4429
f 4418/211/4418 4417/212/4417 4429/225/4429 4430/224/4430
f 4419/213/4419 4418/211/4418 4430/224/4430 4431/226/4431
f 4420/214/4420 4419/213/4419 4431/226/4431 4432/227/4432
f 4421/215/4421 4420/214/4420 4432/227/4432 4433/228/4433
f 4422/216/4422 4421/215/4421 4433/228/4433 4434/229/4434
f 4423/217/4423 4422/216/4422 4434/229/4434 4435/230/4435
f 4424/218/4424 4423/217/4423 4435/230/4435 4436/231/4436
f 4425/219/4425 4424/218/4424 4436/231/4436 4437/232/4437
f 4426/220/4426 4425/219/4425 4437/232/4437 4438/233/4438
f 4427/221/4427 4426/220/4426 4438/233/4438 4439/234/4439
f 4428/210/4428 4427/221/4427 4439/234/4439 4440/223/4440
f 4429/222/4429 4440/223/4440 4452/236/4452 4441/235/4441
f 4430/224/4430 4429/225/4429 4441/238/4441 4442/237/4442
f 4431/226/4431 4430/224/4430 4442/237/4442 4443/239/4443
f 4432/227/4432 4431/226/4431 4443/239/4443 4444/240/4444
f 4433/228/4433 4432/227/4432 4444/240/4444 4445/241/4445
f 4434/229/4434 4433/228/4433 4445/241/4445 4446/242/4446
f 4435/230/4435 4434/229/4434 4446/242/4446 4447/243/4447
f 4436/231/4436 4435/230/4435 4447/243/4447 4448/244/4448
f 4437/232/4437 4436/231/4436 4448/244/4448 4449/245/4449
f 4438/233/4438 4437/232/4437 4449/245/4449 4450/246/4450
f 4439/234/4439 4438/233/4438 4450/246/4450 4451/247/4451
f 4440/223/4440 4439/234/4439 4451/247/4451 4452/236/4452
f 4441/235/4441 4452/236/4452 4464/249/4464 4453/248/4453
f 4442/237/4442 4441/238/4441 4453/251/4453 4454/250/4454
f 4443/239/4443 4442/237/4442 4454/250/4454 4455/252/4455
f 4444/240/4444 4443/239/4443 4455/252/4455 4456/253/4456
f 4445/241/4445 4444/240/4444 4456/253/4456 4457/254/4457
f 4446/242/4446 4445/241/4445 4457/254/4457 4458/255/4458
f 4447/243/4447 4446/242/4446 4458/255/4458 4459/256/4459
f 4448/244/4448 4447/243/4447 4459/256/4459 4460/257/4460
f 4449/245/4449 4448/244/4448 4460/257/4460 4461/258/4461
f 4450/246/4450 4449/245/4449 4461/258/4461 4462/259/4462
f 4451/247/4451 4450/246/4450 4462/259/4462 4463/260/4463
f 4452/236/4452 4451/247/4451 4463/260/4463 4464/249/4464
f 4453/248/4453 4464/249/4464 4476/262/4476 4465/261/4465
f 4454/250/4454 4453/251/4453 4465/264/4465 4466/263/4466
f 4455/252/4455 4454/250/4454 4466/263/4466 4467/265/4467
f 4456/253/4456 4455/252/4455 4467/265/4467 4468/266/4468
f 4457/254/4457 4456/253/4456 4468/266/4468 4469/267/4469
f 4458/255/4458 4457/254/4457 4469/267/4469 4470/268/4470
f 4459/256/4459 4458/255/4458 4470/268/4470 4471/269/4471
f 4460/257/4460 4459/256/4459 4471/269/4471 4472/270/4472
f 4461/258/4461 4460/257/4460 4472/270/4472 4473/271/4473
f 4462/259/4462 4461/258/4461 4473/271/4473 4474/272/4474
f 4463/260/4463 4462/259/4462 4474/272/4474 4475/273/4475
f 4464/249/4464 4463/260/4463 4475/273/4475 4476/262/4476
f 4465/261/4465 4476/262/4476 4488/275/4488 4477/274/4477
f 4466/263/4466 4465/264/4465 4477/277/4477 4478/276/4478
f 4467/265/4467 4466/263/4466 4478/276/4478 4479/278/4479
f 4468/266/4468 4467/265/4467 4479/278/4479 4480/279/4480
f 4469/267/4469 4468/266/4468 4480/279/4480 4481/280/4481
f 4470/268/4470 4469/267/4469 4481/280/4481 4482/281/4482
f 4471/269/4471 4470/268/4470 4482/281/4482 4483/282/4483
f 4472/270/4472 4471/269/4471 4483/282/4483 4484/283/4484
f 4473/271/4473 4472/270/4472 4484/283/4484 4485/284/4485
f 4474/272/4474 4473/271/4473 4485/284/4485 4486/285/4486
f 4475/273/4475 4474/272/4474 4486/285/4486 4487/286/4487
f 4476/262/4476 4475/273/4475 4487/286/4487 4488/275/4488
f 4477/274/4477 4488/275/4488 4500/288/4500 4489/287/4489
f 4478/276/4478 4477/277/4477 4489/290/4489 4490/289/4490
f 4479/278/4479 4478/276/4478 4490/289/4490 4491/291/4491
f 4480/279/4480 4479/278/4479 4491/291/4491 4492/292/4492
f 4481/280/4481 4480/279/4480 4492/292/4492 4493/293/4493
f 4482/281/4482 4481/280/4481 4493/293/4493 4494/294/4494
f 4483/282/4483 4482/281/4482 4494/294/4494 4495/295/4495
f 4484/283/4484 4483/282/4483 4495/295/4495 4496/296/4496
f 4485/284/4485 4484/283/4484 4496/296/4496 4497/297/4497
f 4486/285/4486 4485/284/4485 4497/297/4497 4498/298/4498
f 4487/286/4487 4486/285/4486 4498/298/4498 4499/299/4499
f 4488/275/4488 4487/286/4487 4499/299/4499 4500/288/4500
f 4489/287/4489 4500/288/4500 4512/301/4512 4501/300/4501
f 4490/289/4490 4489/290/4489 4501/303/4501 4502/302/4502
f 4491/291/4491 4490/289/4490 4502/302/4502 4503/304/4503
f 4492/292/4492 4491/291/4491 4503/304/4503 4504/305/4504
f 4493/293/4493 4492/292/4492 4504/305/4504 4505/306/4505
f 4494/294/4494 4493/293/4493 4505/306/4505 4506/307/4506
f 4495/295/4495 4494/294/4494 4506/307/4506 4507/308/4507
f 4496/296/4496 4495/295/4495 4507/308/4507 4508/309/4508
f 4497/297/4497 4496/296/4496 4508/309/4508 4509/310/4509
f 4498/298/4498 4497/297/4497 4509/310/4509 4510/311/4510
f 4499/299/4499 4498/298/4498 4510/311/4510 4511/312/4511
f 4500/288/4500 4499/299/4499 4511/312/4511 4512/301/4512
f 4513/1/4513 4525/2/4525 4536/3/4536 4524/4/4524
f 4514/5/4514 4526/6/4526 4525/7/4525 4513/8/4513
f 4515/9/4515 4527/10/4527 4526/6/4526 4514/5/4514
f 4516/11/4516 4528/12/4528 4527/10/4527 4515/9/4515
f 4517/13/4517 4529/14/4529 4528/12/4528 4516/11/4516
f 4518/15/4518 4530/16/4530 4529/14/4529 4517/13/4517
f 4519/17/4519 4531/18/4531 4530/16/4530 4518/15/4518
f 4520/19/4520 4532/20/4532 4531/18/4531 4519/17/4519
f 4521/21/4521 4533/22/4533 4532/20/4532 4520/19/4520
f 4522/23/4522 4534/24/4534 4533/22/4533 4521/21/4521
f 4523/25/4523 4535/26/4535 4534/24/4534 4522/23/4522
f 4524/4/4524 4536/3/4536 4535/26/4535 4523/25/4523
f 4525/2/4525 4537/27/4537 4548/28/4548 4536/3/4536
f 4526/6/4526 4538/29/4538 4537/30/4537 4525/7/4525
f 4527/10/4527 4539/31/4539 4538/29/4538 4526/6/4526
f 4528/12/4528 4540/32/4540 4539/31/4539 4527/10/4527
f 4529/14/4529 4541/33/4541 4540/32/4540 4528/12/4528
f 4530/16/4530 4542/34/4542 4541/33/4541 4529/14/4529
f 4531/18/4531 4543/35/4543 4542/34/4542 4530/16/4530
f 4532/20/4532 4544/36/4544 4543/35/4543 4531/18/4531
f 4533/22/4533 4545/37/4545 4544/36/4544 4532/20/4532
f 4534/24/4534 4546/38/4546 4545/37/4545 4533/22/4533
f 4535/26/4535 4547/39/4547 4546/38/4546 4534/24/4534
f 4536/3/4536 4548/28/4548 4547/39/4547 4535/26/4535
f 4537/27/4537 4549/40/4549 4560/41/4560 4548/28/4548
f 4538/29/4538 4550/42/4550 4549/43/4549 4537/30/4537
f 4539/31/4539 4551/44/4551 4550/42/4550 4538/29/4538
f 4540/32/4540 4552/45/4552 4551/44/4551 4539/31/4539
f 4541/33/4541 4553/46/4553 4552/45/4552 4540/32/4540
f 4542/34/4542 4554/47/4554 4553/46/4553 4541/33/4541
f 4543/35/4543 4555/48/4555 4554/47/4554 4542/34/4542
f 4544/36/4544 4556/49/4556 4555/48/4555 4543/35/4543
f 4545/37/4545 4557/50/4557 4556/49/4556 4544/36/4544
f 4546/38/4546 4558/51/4558 4557/50/4557 4545/37/4545
f 4547/39/4547 4559/52/4559 4558/51/4558 4546/38/4546
f 4548/28/4548 4560/41/4560 4559/52/4559 4547/39/4547
f 4549/40/4549 4561/53/4561 4572/54/4572 4560/41/4560
f 4550/42/4550 4562/55/4562 4561/56/4561 4549/43/4549
f 4551/44/4551 4563/57/4563 4562/55/4562 4550/42/4550
f 4552/45/4552 4564/58/4564 4563/57/4563 4551/44/4551
f 4553/46/4553 4565/59/4565 4564/58/4564 4552/45/4552
f 4554/47/4554 4566/60/4566 4565/59/4565 4553/46/4553
f 4555/48/4555 4567/61/4567 4566/60/4566 4554/47/4554
f 4556/49/4556 4568/62/4568 4567/61/4567 4555/48/4555
f 4557/50/4557 4569/63/4569 4568/62/4568 4556/49/4556
f 4558/51/4558 4570/64/4570 4569/63/4569 4557/50/4557
f 4559/52/4559 4571/65/4571 4570/64/4570 4558/51/4558
f 4560/41/4560 4572/54/4572 4571/65/4571 4559/52/4559
f 4561/53/4561 4573/66/4573 4584/67/4584 4572/54/4572
f 4562/55/4562 4574/68/4574 4573/69/4573 4561/56/4561
f 4563/57/4563 4575/70/4575 4574/68/4574 4562/55/4562
f 4564/58/4564 4576/71/4576 4575/70/4575 4563/57/4563
f 4565/59/4565 4577/72/4577 4576/71/4576 4564/58/4564
f 4566/60/4566 4578/73/4578 4577/72/4577 4565/59/4565
f 4567/61/4567 4579/74/4579 4578/73/4578 4566/60/4566
f 4568/62/4568 4580/75/4580 4579/74/4579 4567/61/4567
f 4569/63/4569 4581/76/4581 4580/75/4580 4568/62/4568
f 4570/64/4570 4582/77/4582 4581/76/4581 4569/63/4569
f 4571/65/4571 4583/78/4583 4582/77/4582 4570/64/4570
f 4572/54/4572 4584/67/4584 4583/78/4583 4571/65/4571
f 4573/66/4573 4585/79/4585 4596/80/4596 4584/67/4584
f 4574/68/4574 4586/81/4586 4585/82/4585 4573/69/4573
f 4575/70/4575 4587/83/4587 4586/81/4586 4574/68/4574
f 4576/71/4576 4588/84/4588 4587/83/4587 4575/70/4575
f 4577/72/4577 4589/85/4589 4588/84/4588 4576/71/4576
f 4578/73/4578 4590/86/4590 4589/85/4589 4577/72/4577
f 4579/74/4579 4591/87/4591 4590/86/4590 4578/73/4578
f 4580/75/4580 4592/88/4592 4591/87/4591 4579/74/4579
f 4581/76/4581 4593/89/4593 4592/88/4592 4580/75/4580
f 4582/77/4582 4594/90/4594 4593/89/4593 4581/76/4581
f 4583/78/4583 4595/91/4595 4594/90/4594 4582/77/4582
f 4584/67/4584 4596/80/4596 4595/91/4595 4583/78/4583
f 4585/79/4585 4597/92/4597 4608/93/4608 4596/80/4596
f 4586/81/4586 4598/94/4598 4597/95/4597 4585/82/4585
f 4587/83/4587 4599/96/4599 4598/94/4598 4586/81/4586
f 4588/84/4588 4600/97/4600 4599/96/4599 4587/83/4587
f 4589/85/4589 4601/98/4601 4600/97/4600 4588/84/4588
f 4590/86/4590 4602/99/4602 4601/98/4601 4589/85/4589
f 4591/87/4591 4603/100/4603 4602/99/4602 4590/86/4590
f 4592/88/4592 4604/101/4604 4603/100/4603 4591/87/4591
f 4593/89/4593 4605/102/4605 4604/101/4604 4592/88/4592
f 4594/90/4594 4606/103/4606 4605/102/4605 4593/89/4593
f 4595/91/4595 4607/104/4607 4606/103/4606 4594/90/4594
f 4596/80/4596 4608/93/4608 4607/104/4607 4595/91/4595
f 4597/92/4597 4609/105/4609 4620/106/4620 4608/93/4608
f 4598/94/4598 4610/107/4610 4609/108/4609 4597/95/4597
f 4599/96/4599 4611/109/4611 4610/107/4610 4598/94/4598
f 4600/97/4600 4612/110/4612 4611/109/4611 4599/96/4599
f 4601/98/4601 4613/111/4613 4612/110/4612 4600/97/4600
f 4602/99/4602 4614/112/4614 4613/111/4613 4601/98/4601
f 4603/100/4603 4615/113/4615 4614/112/4614 4602/99/4602
f 4604/101/4604 4616/114/4616 4615/113/4615 4603/100/4603
f 4605/102/4605 4617/115/4617 4616/114/4616 4604/101/4604
f 4606/103/4606 4618/116/4618 4617/115/4617 4605/102/4605
f 4607/104/4607 4619/117/4619 4618/116/4618 4606/103/4606
f 4608/93/4608 4620/106/4620 4619/117/4619 4607/104/4607
f 4609/105/4609 4621/118/4621 4632/119/4632 4620/106/4620
f 4610/107/4610 4622/120/4622 4621/121/4621 4609/108/4609
f 4611/109/4611 4623/122/4623 4622/120/4622 4610/107/4610
f 4612/110/4612 4624/123/4624 4623/122/4623 4611/109/4611
f 4613/111/4613 4625/124/4625 4624/123/4624 4612/110/4612
f 4614/112/4614 4626/125/4626 4625/124/4625 4613/111/4613
f 4615/113/4615 4627/126/4627 4626/125/4626 4614/112/4614
f 4616/114/4616 4628/127/4628 4627/126/4627 4615/113/4615
f 4617/115/4617 4629/128/4629 4628/127/4628 4616/114/4616
f 4618/116/4618 4630/129/4630 4629/128/4629 4617/115/4617
f 4619/117/4619 4631/130/4631 4630/129/4630 4618/116/4618
f 4620/106/4620 4632/119/4632 4631/130/4631 4619/117/4619
f 4621/118/4621 4633/131/4633 4644/132/4644 4632/119/4632
f 4622/120/4622 4634/133/4634 4633/134/4633 4621/121/4621
f 4623/122/4623 4635/135/4635 4634/133/4634 4622/120/4622
f 4624/123/4624 4636/136/4636 4635/135/4635 4623/122/4623
f 4625/124/4625 4637/137/4637 4636/136/4636 4624/123/4624
f 4626/125/4626 4638/138/4638 4637/137/4637 4625/124/4625
f 4627/126/4627 4639/139/4639 4638/138/4638 4626/125/4626
f 4628/127/4628 4640/140/4640 4639/139/4639 4627/126/4627
f 4629/128/4629 4641/141/4641 4640/140/4640 4628/127/4628
f 4630/129/4630 4642/142/4642 4641/141/4641 4629/128/4629
f 4631/130/4631 4643/143/4643 4642/142/4642 4630/129/4630
f 4632/119/4632 4644/132/4644 4643/143/4643 4631/130/4631
f 4633/131/4633 4645/144/4645 4656/145/4656 4644/132/4644
f 4634/133/4634 4646/146/4646 4645/147/4645 4633/134/4633
f 4635/135/4635 4647/148/4647 4646/146/4646 4634/133/4634
f 4636/136/4636 4648/149/4648 4647/148/4647 4635/135/4635
f 4637/137/4637 4649/150/4649 4648/149/4648 4636/136/4636
f 4638/138/4638 4650/151/4650 4649/150/4649 4637/137/4637
f 4639/139/4639 4651/152/4651 4650/151/4650 4638/138/4638
f 4640/140/4640 4652/153/4652 4651/152/4651 4639/139/4639
f 4641/141/4641 4653/154/4653 4652/153/4652 4640/140/4640
f 4642/142/4642 4654/155/4654 4653/154/4653 4641/141/4641
f 4643/143/4643 4655/156/4655 4654/155/4654 4642/142/4642
f 4644/132/4644 4656/145/4656 4655/156/4655 4643/143/4643
f 4645/144/4645 4657/157/4657 4668/158/4668 4656/145/4656
f 4646/146/4646 4658/159/4658 4657/160/4657 4645/147/4645
f 4647/148/4647 4659/161/4659 4658/159/4658 4646/146/4646
f 4648/149/4648 4660/162/4660 4659/161/4659 4647/148/4647
f 4649/150/4649 4661/163/4661 4660/162/4660 4648/149/4648
f 4650/151/4650 4662/164/4662 4661/163/4661 4649/150/4649
f 4651/152/4651 4663/165/4663 4662/164/4662 4650/151/4650
f 4652/153/4652 4664/166/4664 4663/165/4663 4651/152/4651
f 4653/154/4653 4665/167/4665 4664/166/4664 4652/153/4652
f 4654/155/4654 4666/168/4666 4665/167/4665 4653/154/4653
f 4655/156/4655 4667/169/4667 4666/168/4666 4654/155/4654
f 4656/145/4656 4668/158/4668 4667/169/4667 4655/156/4655
f 4657/157/4657 4669/170/4669 4680/171/4680 4668/158/4668
f 4658/159/4658 4670/172/4670 4669/173/4669 4657/160/4657
f 4659/161/4659 4671/174/4671 4670/172/4670 4658/159/4658
f 4660/162/4660 4672/175/4672 4671/174/4671 4659/161/4659
f 4661/163/4661 4673/176/4673 4672/175/4672 4660/162/4660
f 4662/164/4662 4674/177/4674 4673/176/4673 4661/163/4661
f 4663/165/4663 4675/178/4675 4674/177/4674 4662/164/4662
f 4664/166/4664 4676/179/4676 4675/178/4675 4663/165/4663
f 4665/167/4665 4677/180/4677 4676/179/4676 4664/166/4664
f 4666/168/4666 4678/181/4678 4677/180/4677 4665/167/4665
f 4667/169/4667 4679/182/4679 4678/181/4678 4666/168/4666
f 4668/158/4668 4680/171/4680 4679/182/4679 4667/169/4667
f 4669/170/4669 4681/183/4681 4692/184/4692 4680/171/4680
f 4670/172/4670 4682/185/4682 4681/186/4681 4669/173/4669
f 4671/174/4671 4683/187/4683 4682/185/4682 4670/172/4670
f 4672/175/4672 4684/188/4684 4683/187/4683 4671/174/4671
f 4673/176/4673 4685/189/4685 4684/188/4684 4672/175/4672
f 4674/177/4674 4686/190/4686 4685/189/4685 4673/176/4673
f 4675/178/4675 4687/191/4687 4686/190/4686 4674/177/4674
f 4676/179/4676 4688/192/4688 4687/191/4687 4675/178/4675
f 4677/180/4677 4689/193/4689 4688/192/4688 4676/179/4676
f 4678/181/4678 4690/194/4690 4689/193/4689 4677/180/4677
f 4679/182/4679 4691/195/4691 4690/194/4690 4678/181/4678
f 4680/171/4680 4692/184/4692 4691/195/4691 4679/182/4679
f 4681/183/4681 4693/196/4693 4704/197/4704 4692/184/4692
f 4682/185/4682 4694/198/4694 4693/199/4693 4681/186/4681
f 4683/187/4683 4695/200/4695 4694/198/4694 4682/185/4682
f 4684/188/4684 4696/201/4696 4695/200/4695 4683/187/4683
f 4685/189/4685 4697/202/4697 4696/201/4696 4684/188/4684
f 4686/190/4686 4698/203/4698 4697/202/4697 4685/189/4685
f 4687/191/4687 4699/204/4699 4698/203/4698 4686/190/4686
f 4688/192/4688 4700/205/4700 4699/204/4699 4687/191/4687
f 4689/193/4689 4701/206/4701 4700/205/4700 4688/192/4688
f 4690/194/4690 4702/207/4702 4701/206/4701 4689/193/4689
f 4691/195/4691 4703/208/4703 4702/207/4702 4690/194/4690
f 4692/184/4692 4704/197/4704 4703/208/4703 4691/195/4691
f 4693/196/4693 4705/209/4705 4716/210/4716 4704/197/4704
f 4694/198/4694 4706/211/4706 4705/212/4705 4693/199/4693
f 4695/200/4695 4707/213/4707 4706/211/4706 4694/198/4694
f 4696/201/4696 4708/214/4708 4707/213/4707 4695/200/4695
f 4697/202/4697 4709/215/4709 4708/214/4708 4696/201/4696
f 4698/203/4698 4710/216/4710 4709/215/4709 4697/202/4697
f 4699/204/4699 4711/217/4711 4710/216/4710 4698/203/4698
f 4700/205/4700 4712/218/4712 4711/217/4711 4699/204/4699
f 4701/206/4701 4713/219/4713 4712/218/4712 4700/205/4700
f 4702/207/4702 4714/220/4714 4713/219/4713 4701/206/4701
f 4703/208/4703 4715/221/4715 4714/220/4714 4702/207/4702
f 4704/197/4704 4716/210/4716 4715/221/4715 4703/208/4703
f 4705/209/4705 4717/222/4717 4728/223/4728 4716/210/4716
f 4706/211/4706 4718/224/4718 4717/225/4717 4705/212/4705
f 4707/213/4707 4719/226/4719 4718/224/4718 4706/211/4706
f 4708/214/4708 4720/227/4720 4719/226/4719 4707/213/4707
f 4709/215/4709 4721/228/4721 4720/227/4720 4708/214/4708
f 4710/216/4710 4722/229/4722 4721/228/4721 4709/215/4709
f 4711/217/4711 4723/230/4723 4722/229/4722 4710/216/4710
f 4712/218/4712 4724/231/4724 4723/230/4723 4711/217/4711
f 4713/219/4713 4725/232/4725 4724/231/4724 4712/218/4712
f 4714/220/4714 4726/233/4726 4725/232/4725 4713/219/4713
f 4715/221/4715 4727/234/4727 4726/233/4726 4714/220/4714
f 4716/210/4716 4728/223/4728 4727/234/4727 4715/221/4715
f 4717/222/4717 4729/235/4729 4740/236/4740 4728/223/4728
f 4718/224/4718 4730/237/4730 4729/238/4729 4717/225/4717
f 4719/226/4719 4731/239/4731 4730/237/4730 4718/224/4718
f 4720/227/4720 4732/240/4732 4731/239/4731 4719/226/4719
f 4721/228/4721 4733/241/4733 4732/240/4732 4720/227/4720
f 4722/229/4722 4734/242/4734 4733/241/4733 4721/228/4721
f 4723/230/4723 4735/243/4735 4734/242/4734 4722/229/4722
f 4724/231/4724 4736/244/4736 4735/243/4735 4723/230/4723
f 4725/232/4725 4737/245/4737 4736/244/4736 4724/231/4724
f 4726/233/4726 4738/246/4738 4737/245/4737 4725/232/4725
f 4727/234/4727 4739/247/4739 4738/246/4738 4726/233/4726
f 4728/223/4728 4740/236/4740 4739/247/4739 4727/234/4727
f 4729/235/4729 4741/248/4741 4752/249/4752 4740/236/4740
f 4730/237/4730 4742/250/4742 4741/251/4741 4729/238/4729
f 4731/239/4731 4743/252/4743 4742/250/4742 4730/237/4730
f 4732/240/4732 4744/253/4744 4743/252/4743 4731/239/4731
f 4733/241/4733 4745/254/4745 4744/253/4744 4732/240/4732
f 4734/242/4734 4746/255/4746 4745/254/4745 4733/241/4733
f 4735/243/4735 4747/256/4747 4746/255/4746 4734/242/4734
f 4736/244/4736 4748/257/4748 4747/256/4747 4735/243/4735
f 4737/245/4737 4749/258/4749 4748/257/4748 4736/244/4736
f 4738/246/4738 4750/259/4750 4749/258/4749 4737/245/4737
f 4739/247/4739 4751/260/4751 4750/259/4750 4738/246/4738
f 4740/236/4740 4752/249/4752 4751/260/4751 4739/247/4739
f 4741/248/4741 4753/261/4753 4764/262/4764 4752/249/4752
f 4742/250/4742 4754/263/4754 4753/264/4753 4741/251/4741
f 4743/252/4743 4755/265/4755 4754/263/4754 4742/250/4742
f 4744/253/4744 4756/266/4756 4755/265/4755 4743/252/4743
f 4745/254/4745 4757/267/4757 4756/266/4756 4744/253/4744
f 4746/255/4746 4758/268/4758 4757/267/4757 4745/254/4745
f 4747/256/4747 4759/269/4759 4758/268/4758 4746/255/4746
f 4748/257/4748 4760/270/4760 4759/269/4759 4747/256/4747
f 4749/258/4749 4761/271/4761 4760/270/4760 4748/257/4748
f 4750/259/4750 4762/272/4762 4761/271/4761 4749/258/4749
f 4751/260/4751 4763/273/4763 4762/272/4762 4750/259/4750
f 4752/249/4752 4764/262/4764 4763/273/4763 4751/260/4751
f 4753/261/4753 4765/274/4765 4776/275/4776 4764/262/4764
f 4754/263/4754 4766/276/4766 4765/277/4765 4753/264/4753
f 4755/265/4755 4767/278/4767 4766/276/4766 4754/263/4754
f 4756/266/4756 4768/279/4768 4767/278/4767 4755/265/4755
f 4757/267/4757 4769/280/4769 4768/279/4768 4756/266/4756
f 4758/268/4758 4770/281/4770 4769/280/4769 4757/267/4757
f 4759/269/4759 4771/282/4771 4770/281/4770 4758/268/4758
f 4760/270/4760 4772/283/4772 4771/282/4771 4759/269/4759
f 4761/271/4761 4773/284/4773 4772/283/4772 4760/270/4760
f 4762/272/4762 4774/285/4774 4773/284/4773 4761/271/4761
f 4763/273/4763 4775/286/4775 4774/285/4774 4762/272/4762
f 4764/262/4764 4776/275/4776 4775/286/4775 4763/273/4763
f 4765/274/4765 4777/287/4777 4788/288/4788 4776/275/4776
f 4766/276/4766 4778/289/4778 4777/290/4777 4765/277/4765
f 4767/278/4767 4779/291/4779 4778/289/4778 4766/276/4766
f 4768/279/4768 4780/292/4780 4779/291/4779 4767/278/4767
f 4769/280/4769 4781/293/4781 4780/292/4780 4768/279/4768
f 4770/281/4770 4782/294/4782 4781/293/4781 4769/280/4769
f 4771/282/4771 4783/295/4783 4782/294/4782 4770/281/4770
f 4772/283/4772 4784/296/4784 4783/295/4783 4771/282/4771
f 4773/284/4773 4785/297/4785 4784/296/4784 4772/283/4772
f 4774/285/4774 4786/298/4786 4785/297/4785 4773/284/4773
f 4775/286/4775 4787/299/4787 4786/298/4786 4774/285/4774
f 4776/275/4776 4788/288/4788 4787/299/4787 4775/286/4775
f 4777/287/4777 4789/300/4789 4800/301/4800 4788/288/4788
f 4778/289/4778 4790/302/4790 4789/303/4789 4777/290/4777
f 4779/291/4779 4791/304/4791 4790/302/4790 4778/289/4778
f 4780/292/4780 4792/305/4792 4791/304/4791 4779/291/4779
f 4781/293/4781 4793/306/4793 4792/305/4792 4780/292/4780
f 4782/294/4782 4794/307/4794 4793/306/4793 4781/293/4781
f 4783/295/4783 4795/308/4795 4794/307/4794 4782/294/4782
f 4784/296/4784 4796/309/4796 4795/308/4795 4783/295/4783
f 4785/297/4785 4797/310/4797 4796/309/4796 4784/296/4784
f 4786/298/4786 4798/311/4798 4797/310/4797 4785/297/4785
f 4787/299/4787 4799/312/4799 4798/311/4798 4786/298/4786
f 4788/288/4788 4800/301/4800 4799/312/4799 4787/299/4787
f 4513/1/4513 4524/4/4524 4812/3/4812 4801/2/4801
f 4514/5/4514 4513/8/4513 4801/7/4801 4802/6/4802
f 4515/9/4515 4514/5/4514 4802/6/4802 4803/10/4803
f 4516/11/4516 4515/9/4515 4803/10/4803 4804/12/4804
f 4517/13/4517 4516/11/4516 4804/12/4804 4805/14/4805
f 4518/15/4518 4517/13/4517 4805/14/4805 4806/16/4806
f 4519/17/4519 4518/15/4518 4806/16/4806 4807/18/4807
f 4520/19/4520 4519/17/4519 4807/18/4807 4808/20/4808
f 4521/21/4521 4520/19/4520 4808/20/4808 4809/22/4809
f 4522/23/4522 4521/21/4521 4809/22/4809 4810/24/4810
f 4523/25/4523 4522/23/4522 4810/24/4810 4811/26/4811
f 4524/4/4524 4523/25/4523 4811/26/4811 4812/3/4812
f 4801/2/4801 4812/3/4812 4824/28/4824 4813/27/4813
f 4802/6/4802 4801/7/4801 4813/30/4813 4814/29/4814
f 4803/10/4803 4802/6/4802 4814/29/4814 4815/31/4815
f 4804/12/4804 4803/10/4803 4815/31/4815 4816/32/4816
f 4805/14/4805 4804/12/4804 4816/32/4816 4817/33/4817
f 4806/16/4806 4805/14/4805 4817/33/4817 4818/34/4818
f 4807/18/4807 4806/16/4806 4818/34/4818 4819/35/4819
f 4808/20/4808 4807/18/4807 4819/35/4819 4820/36/4820
f 4809/22/4809 4808/20/4808 4820/36/4820 4821/37/4821
f 4810/24/4810 4809/22/4809 4821/37/4821 4822/38/4822
f 4811/26/4811 4810/24/4810 4822/38/4822 4823/39/4823
f 4812/3/4812 4811/26/4811 4823/39/4823 4824/28/4824
f 4813/27/4813 4824/28/4824 4836/41/4836 4825/40/4825
f 4814/29/4814 4813/30/4813 4825/43/4825 4826/42/4826
f 4815/31/4815 4814/29/4814 4826/42/4826 4827/44/4827
f 4816/32/4816 4815/31/4815 4827/44/4827 4828/45/4828
f 4817/33/4817 4816/32/4816 4828/45/4828 4829/46/4829
f 4818/34/4818 4817/33/4817 4829/46/4829 4830/47/4830
f 4819/35/4819 4818/34/4818 4830/47/4830 4831/48/4831
f 4820/36/4820 4819/35/4819 4831/48/4831 4832/49/4832
f 4821/37/4821 4820/36/4820 4832/49/4832 4833/50/4833
f 4822/38/4822 4821/37/4821 4833/50/4833 4834/51/4834
f 4823/39/4823 4822/38/4822 4834/51/4834 4835/52/4835
f 4824/28/4824 4823/39/4823 4835/52/4835 4836/41/4836
f 4825/40/4825 4836/41/4836 4848/54/4848 4837/53/4837
f 4826/42/4826 4825/43/4825 4837/56/4837 4838/55/4838
f 4827/44/4827 4826/42/4826 4838/55/4838 4839/57/4839
f 4828/45/4828 4827/44/4827 4839/57/4839 4840/58/4840
f 4829/46/4829 4828/45/4828 4840/58/4840 4841/59/4841
f 4830/47/4830 4829/46/4829 4841/59/4841 4842/60/4842
f 4831/48/4831 4830/47/4830 4842/60/4842 4843/61/4843
f 4832/49/4832 4831/48/4831 4843/61/4843 4844/62/4844
f 4833/50/4833 4832/49/4832 4844/62/4844 4845/63/4845
f 4834/51/4834 4833/50/4833 4845/63/4845 4846/64/4846
f 4835/52/4835 4834/51/4834 4846/64/4846 4847/65/4847
f 4836/41/4836 4835/52/4835 4847/65/4847 4848/54/4848
f 4837/53/4837 4848/54/4848 4860/67/4860 4849/66/4849
f 4838/55/4838 4837/56/4837 4849/69/4849 4850/68/4850
f 4839/57/4839 4838/55/4838 4850/68/4850 4851/70/4851
f 4840/58/4840 4839/57/4839 4851/70/4851 4852/71/4852
f 4841/59/4841 4840/58/4840 4852/71/4852 4853/72/4853
f 4842/60/4842 4841/59/4841 4853/72/4853 4854/73/4854
f 4843/61/4843 4842/60/4842 4854/73/4854 4855/74/4855
f 4844/62/4844 4843/61/4843 4855/74/4855 4856/75/4856
f 4845/63/4845 4844/62/4844 4856/75/4856 4857/76/4857
f 4846/64/4846 4845/63/4845 4857/76/4857 4858/77/4858
f 4847/65/4847 4846/64/4846 4858/77/4858 4859/78/4859
f 4848/54/4848 4847/65/4847 4859/78/4859 4860/67/4860
f 4849/66/4849 4860/67/4860 4872/80/4872 4861/79/4861
f 4850/68/4850 4849/69/4849 4861/82/4861 4862/81/4862
f 4851/70/4851 4850/68/4850 4862/81/4862 4863/83/4863
f 4852/71/4852 4851/70/4851 4863/83/4863 4864/84/4864
f 4853/72/4853 4852/71/4852 4864/84/4864 4865/85/4865
f 4854/73/4854 4853/72/4853 4865/85/4865 4866/86/4866
f 4855/74/4855 4854/73/4854 4866/86/4866 4867/87/4867
f 4856/75/4856 4855/74/4855 4867/87/4867 4868/88/4868
f 4857/76/4857 4856/75/4856 4868/88/4868 4869/89/4869
f 4858/77/4858 4857/76/4857 4869/89/4869 4870/90/4870
f 4859/78/4859 4858/77/4858 4870/90/4870 4871/91/4871
f 4860/67/4860 4859/78/4859 4871/91/4871 4872/80/4872
f 4861/79/4861 4872/80/4872 4884/93/4884 4873/92/4873
f 4862/81/4862 4861/82/4861 4873/95/4873 4874/94/4874
f 4863/83/4863 4862/81/4862 4874/94/4874 4875/96/4875
f 4864/84/4864 4863/83/4863 4875/96/4875 4876/97/4876
f 4865/85/4865 4864/84/4864 4876/97/4876 4877/98/4877
f 4866/86/4866 4865/85/4865 4877/98/4877 4878/99/4878
f 4867/87/4867 4866/86/4866 4878/99/4878 4879/100/4879
f 4868/88/4868 4867/87/4867 4879/100/4879 4880/101/4880
f 4869/89/4869 4868/88/4868 4880/101/4880 4881/102/4881
f 4870/90/4870 4869/89/4869 4881/102/4881 4882/103/4882
f 4871/91/4871 4870/90/4870 4882/103/4882 4883/104/4883
f 4872/80/4872 4871/91/4871 4883/104/4883 4884/93/4884
f 4873/92/4873 4884/93/4884 4896/106/4896 4885/105/4885
f 4874/94/4874 4873/95/4873 4885/108/4885 4886/107/4886
f 4875/96/4875 4874/94/4874 4886/107/4886 4887/109/4887
f 4876/97/4876 4875/96/4875 4887/109/4887 4888/110/4888
f 4877/98/4877 4876/97/4876 4888/110/4888 4889/111/4889
f 4878/99/4878 4877/98/4877 4889/111/4889 4890/112/4890
f 4879/100/4879 4878/99/4878 4890/112/4890 4891/113/4891
f 4880/101/4880 4879/100/4879 4891/113/4891 4892/114/4892
f 4881/102/4881 4880/101/4880 4892/114/4892 4893/115/4893
f 4882/103/4882 4881/102/4881 4893/115/4893 4894/116/4894
f 4883/104/4883 4882/103/4882 4894/116/4894 4895/117/4895
f 4884/93/4884 4883/104/4883 4895/117/4895 4896/106/4896
f 4885/105/4885 4896/106/4896 4908/119/4908 4897/118/4897
f 4886/107/4886 4885/108/4885 4897/121/4897 4898/120/4898
f 4887/109/4887 4886/107/4886 4898/120/4898 4899/122/4899
f 4888/110/4888 4887/109/4887 4899/122/4899 4900/123/4900
f 4889/111/4889 4888/110/4888 4900/123/4900 4901/124/4901
f 4890/112/4890 4889/111/4889 4901/124/4901 4902/125/4902
f 4891/113/4891 4890/112/4890 4902/125/4902 4903/126/4903
f 4892/114/4892 4891/113/4891 4903/126/4903 4904/127/4904
f 4893/115/4893 4892/114/4892 4904/127/4904 4905/128/4905
f 4894/116/4894 4893/115/4893 4905/128/4905 4906/129/4906
f 4895/117/4895 4894/116/4894 4906/129/4906 4907/130/4907
f 4896/106/4896 4895/117/4895 4907/130/4907 4908/119/4908
f 4897/118/4897 4908/119/4908 4920/132/4920 4909/131/4909
f 4898/120/4898 4897/121/4897 4909/134/4909 4910/133/4910
f 4899/122/4899 4898/120/4898 4910/133/4910 4911/135/4911
f 4900/123/4900 4899/122/4899 4911/135/4911 4912/136/4912
f 4901/124/4901 4900/123/4900 4912/136/4912 4913/137/4913
f 4902/125/4902 4901/124/4901 4913/137/4913 4914/138/4914
f 4903/126/4903 4902/125/4902 4914/138/4914 4915/139/4915
f 4904/127/4904 4903/126/4903 4915/139/4915 4916/140/4916
f 4905/128/4905 4904/127/4904 4916/140/4916 4917/141/4917
f 4906/129/4906 4905/128/4905 4917/141/4917 4918/142/4918
f 4907/130/4907 4906/129/4906 4918/142/4918 4919/143/4919
f 4908/119/4908 4907/130/4907 4919/143/4919 4920/132/4920
f 4909/131/4909 4920/132/4920 4932/145/4932 4921/144/4921
f 4910/133/4910 4909/134/4909 4921/147/4921 4922/146/4922
f 4911/135/4911 4910/133/4910 4922/146/4922 4923/148/4923
f 4912/136/4912 4911/135/4911 4923/148/4923 4924/149/4924
f 4913/137/4913 4912/136/4912 4924/149/4924 4925/150/4925
f 4914/138/4914 4913/137/4913 4925/150/4925 4926/151/4926
f 4915/139/4915 4914/138/4914 4926/151/4926 4927/152/4927
f 4916/140/4916 4915/139/4915 4927/152/4927 4928/153/4928
f 4917/141/4917 4916/140/4916 4928/153/4928 4929/154/4929
f 4918/142/4918 4917/141/4917 4929/154/4929 4930/155/4930
f 4919/143/4919 4918/142/4918 4930/155/4930 4931/156/4931
f 4920/132/4920 4919/143/4919 4931/156/4931 4932/145/4932
f 4921/144/4921 4932/145/4932 4944/158/4944 4933/157/4933
f 4922/146/4922 4921/147/4921 4933/160/4933 4934/159/4934
f 4923/148/4923 4922/146/4922 4934/159/4934 4935/161/4935
f 4924/149/4924 4923/148/4923 4935/161/4935 4936/162/4936
f 4925/150/4925 4924/149/4924 4936/162/4936 4937/163/4937
f 4926/151/4926 4925/150/4925 4937/163/4937 4938/164/4938
f 4927/152/4927 4926/151/4926 4938/164/4938 4939/165/4939
f 4928/153/4928 4927/152/4927 4939/165/4939 4940/166/4940
f 4929/154/4929 4928/153/4928 4940/166/4940 4941/167/4941
f 4930/155/4930 4929/154/4929 4941/167/4941 4942/168/4942
f 4931/156/4931 4930/155/4930 4942/168/4942 4943/169/4943
f 4932/145/4932 4931/156/4931 4943/169/4943 4944/158/4944
f 4933/157/4933 4944/158/4944 4956/171/4956 4945/170/4945
f 4934/159/4934 4933/160/4933 4945/173/4945 4946/172/4946
f 4935/161/4935 4934/159/4934 4946/172/4946 4947/174/4947
f 4936/162/4936 4935/161/4935 4947/174/4947 4948/175/4948
f 4937/163/4937 4936/162/4936 4948/175/4948 4949/176/4949
f 4938/164/4938 4937/163/4937 4949/176/4949 4950/177/4950
f 4939/165/4939 4938/164/4938 4950/177/4950 4951/178/4951
f 4940/166/4940 4939/165/4939 4951/178/4951 4952/179/4952
f 4941/167/4941 4940/166/4940 4952/179/4952 4953/180/4953
f 4942/168/4942 4941/167/4941 4953/180/4953 4954/181/4954
f 4943/169/4943 4942/168/4942 4954/181/4954 4955/182/4955
f 4944/158/4944 4943/169/4943 4955/182/4955 4956/171/4956
f 4945/170/4945 4956/171/4956 4968/184/4968 4957/183/4957
f 4946/172/4946 4945/173/4945 4957/186/4957 4958/185/4958
f 4947/174/4947 4946/172/4946 4958/185/4958 4959/187/4959
f 4948/175/4948 4947/174/4947 4959/187/4959 4960/188/4960
f 4949/176/4949 4948/175/4948 4960/188/4960 4961/189/4961
f 4950/177/4950 4949/176/4949 4961/189/4961 4962/190/4962
f 4951/178/4951 4950/177/4950 4962/190/4962 4963/191/4963
f 4952/179/4952 4951/178/4951 4963/191/4963 4964/192/4964
f 4953/180/4953 4952/179/4952 4964/192/4964 4965/193/4965
f 4954/181/4954 4953/180/4953 4965/193/4965 4966/194/4966
f 4955/182/4955 4954/181/4954 4966/194/4966 4967/195/4967
f 4956/171/4956 4955/182/4955 4967/195/4967 4968/184/4968
f 4957/183/4957 4968/184/4968 4980/197/4980 4969/196/4969
f 4958/185/4958 4957/186/4957 4969/199/4969 4970/198/4970
f 4959/187/4959 4958/185/4958 4970/198/4970 4971/200/4971
f 4960/188/4960 4959/187/4959 4971/200/4971 4972/201/4972
f 4961/189/4961 4960/188/4960 4972/201/4972 4973/202/4973
f 4962/190/4962 4961/189/4961 4973/202/4973 4974/203/4974
f 4963/191/4963 4962/190/4962 4974/203/4974 4975/204/4975
f 4964/192/4964 4963/191/4963 4975/204/4975 4976/205/4976
f 4965/193/4965 4964/192/4964 4976/205/4976 4977/206/4977
f 4966/194/4966 4965/193/4965 4977/206/4977 4978/207/4978
f 4967/195/4967 4966/194/4966 4978/207/4978 4979/208/4979
f 4968/184/4968 4967/195/4967 4979/208/4979 4980/197/4980
f 4969/196/4969 4980/197/4980 4992/210/4992 4981/209/4981
f 4970/198/4970 4969/199/4969 4981/212/4981 4982/211/4982
f 4971/200/4971 4970/198/4970 4982/211/4982 4983/213/4983
f 4972/201/4972 4971/200/4971 4983/213/4983 4984/214/4984
f 4973/202/4973 4972/201/4972 4984/214/4984 4985/215/4985
f 4974/203/4974 4973/202/4973 4985/215/4985 4986/216/4986
f 4975/204/4975 4974/203/4974 4986/216/4986 4987/217/4987
f 4976/205/4976 4975/204/4975 4987/217/4987 4988/218/4988
f 4977/206/4977 4976/205/4976 4988/218/4988 4989/219/4989
f 4978/207/4978 4977/206/4977 4989/219/4989 4990/220/4990
f 4979/208/4979 4978/207/4978 4990/220/4990 4991/221/4991
f 4980/197/4980 4979/208/4979 4991/221/4991 4992/210/4992
f 4981/209/4981 4992/210/4992 5004/223/5004 4993/222/4993
f 4982/211/4982 4981/212/4981 4993/225/4993 4994/224/4994
f 4983/213/4983 4982/211/4982 4994/224/4994 4995/226/4995
f 4984/214/4984 4983/213/4983 4995/226/4995 4996/227/4996
f 4985/215/4985 4984/214/4984 4996/227/4996 4997/228/4997
f 4986/216/4986 4985/215/4985 4997/228/4997 4998/229/4998
f 4987/217/4987 4986/216/4986 4998/229/4998 4999/230/4999
f 4988/218/4988 4987/217/4987 4999/230/4999 5000/231/5000
f 4989/219/4989 4988/218/4988 5000/231/5000 5001/232/5001
f 4990/220/4990 4989/219/4989 5001/232/5001 5002/233/5002
f 4991/221/4991 4990/220/4990 5002/233/5002 5003/234/5003
f 4992/210/4992 4991/221/4991 5003/234/5003 5004/223/5004
f 4993/222/4993 5004/223/5004 5016/236/5016 5005/235/5005
f 4994/224/4994 4993/225/4993 5005/238/5005 5006/237/5006
f 4995/226/4995 4994/224/4994 5006/237/5006 5007/239/5007
f 4996/227/4996 4995/226/4995 5007/239/5007 5008/240/5008
f 4997/228/4997 4996/227/4996 5008/240/5008 5009/241/5009
f 4998/229/4998 4997/228/4997 5009/241/5009 5010/242/5010
f 4999/230/4999 4998/229/4998 5010/242/5010 5011/243/5011
f 5000/231/5000 4999/230/4999 5011/243/5011 5012/244/5012
f 5001/232/5001 5000/231/5000 5012/244/5012 5013/245/5013
f 5002/233/5002 5001/232/5001 5013/245/5013 5014/246/5014
f 5003/234/5003 5002/233/5002 5014/246/5014 5015/247/5015
f 5004/223/5004 5003/234/5003 5015/247/5015 5016/236/5016
f 5005/235/5005 5016/236/5016 5028/249/5028 5017/248/5017
f 5006/237/5006 5005/238/5005 5017/251/5017 5018/250/5018
f 5007/239/5007 5006/237/5006 5018/250/5018 5019/252/5019
f 5008/240/5008 5007/239/5007 5019/252/5019 5020/253/5020
f 5009/241/5009 5008/240/5008 5020/253/5020 5021/254/5021
f 5010/242/5010 5009/241/5009 5021/254/5021 5022/255/5022
f 5011/243/5011 5010/242/5010 5022/255/5022 5023/256/5023
f 5012/244/5012 5011/243/5011 5023/256/5023 5024/257/5024
f 5013/245/5013 5012/244/5012 5024/257/5024 5025/258/5025
f 5014/246/5014 5013/245/5013 5025/258/5025 5026/259/5026
f 5015/247/5015 5014/246/5014 5026/259/5026 5027/260/5027
f 5016/236/5016 5015/247/5015 5027/260/5027 5028/249/5028
f 5017/248/5017 5028/249/5028 5040/262/5040 5029/261/5029
f 5018/250/5018 5017/251/5017 5029/264/5029 5030/263/5030
f 5019/252/5019 5018/250/5018 5030/263/5030 5031/265/5031
f 5020/253/5020 5019/252/5019 5031/265/5031 5032/266/5032
f 5021/254/5021 5020/253/5020 5032/266/5032 5033/267/5033
f 5022/255/5022 5021/254/5021 5033/267/5033 5034/268/5034
f 5023/256/5023 5022/255/5022 5034/268/5034 5035/269/5035
f 5024/257/5024 5023/256/5023 5035/269/5035 5036/270/5036
f 5025/258/5025 5024/257/5024 5036/270/5036 5037/271/5037
f 5026/259/5026 5025/258/5025 5037/271/5037 5038/272/5038
f 5027/260/5027 5026/259/5026 5038/272/5038 5039/273/5039
f 5028/249/5028 5027/260/5027 5039/273/5039 5040/262/5040
f 5029/261/5029 5040/262/5040 5052/275/5052 5041/274/5041
f 5030/263/5030 5029/264/5029 5041/277/5041 5042/276/5042
f 5031/265/5031 5030/263/5030 5042/276/5042 5043/278/5043
f 5032/266/5032 5031/265/5031 5043/278/5043 5044/279/5044
f 5033/267/5033 5032/266/5032 5044/279/5044 5045/280/5045
f 5034/268/5034 5033/267/5033 5045/280/5045 5046/281/5046
f 5035/269/5035 5034/268/5034 5046/281/5046 5047/282/5047
f 5036/270/5036 5035/269/5035 5047/282/5047 5048/283/5048
f 5037/271/5037 5036/270/5036 5048/283/5048 5049/284/5049
f 5038/272/5038 5037/271/5037 5049/284/5049 5050/285/5050
f 5039/273/5039 5038/272/5038 5050/285/5050 5051/286/5051
f 5040/262/5040 5039/273/5039 5051/286/5051 5052/275/5052
f 5041/274/5041 5052/275/5052 5064/288/5064 5053/287/5053
f 5042/276/5042 5041/277/5041 5053/290/5053 5054/289/5054
f 5043/278/5043 5042/276/5042 5054/289/5054 5055/291/5055
f 5044/279/5044 5043/278/5043 5055/291/5055 5056/292/5056
f 5045/280/5045 5044/279/5044 5056/292/5056 5057/293/5057
f 5046/281/5046 5045/280/5045 5057/293/5057 5058/294/5058
f 5047/282/5047 5046/281/5046 5058/294/5058 5059/295/5059
f 5048/283/5048 5047/282/5047 5059/295/5059 5060/296/5060
f 5049/284/5049 5048/283/5048 5060/296/5060 5061/297/5061
f 5050/285/5050 5049/284/5049 5061/297/5061 5062/298/5062
f 5051/286/5051 5050/285/5050 5062/298/5062 5063/299/5063
f 5052/275/5052 5051/286/5051 5063/299/5063 5064/288/5064
f 5053/287/5053 5064/288/5064 5076/301/5076 5065/300/5065
f 5054/289/5054 5053/290/5053 5065/303/5065 5066/302/5066
f 5055/291/5055 5054/289/5054 5066/302/5066 5067/304/5067
f 5056/292/5056 5055/291/5055 5067/304/5067 5068/305/5068
f 5057/293/5057 5056/292/5056 5068/305/5068 5069/306/5069
f 5058/294/5058 5057/293/5057 5069/306/5069 5070/307/5070
f 5059/295/5059 5058/294/5058 5070/307/5070 5071/308/5071
f 5060/296/5060 5059/295/5059 5071/308/5071 5072/309/5072
f 5061/297/5061 5060/296/5060 5072/309/5072 5073/310/5073
f 5062/298/5062 5061/297/5061 5073/310/5073 5074/311/5074
f 5063/299/5063 5062/298/5062 5074/311/5074 5075/312/5075
f 5064/288/5064 5063/299/5063 5075/312/5075 5076/301/5076
f 5077/1/5077 5089/2/5089 5100/3/5100 5088/4/5088
f 5078/5/5078 5090/6/5090 5089/7/5089 5077/8/5077
f 5079/9/5079 5091/10/5091 5090/6/5090 5078/5/5078
f 5080/11/5080 5092/12/5092 5091/10/5091 5079/9/5079
f 5081/13/5081 5093/14/5093 5092/12/5092 5080/11/5080
f 5082/15/5082 5094/16/5094 5093/14/5093 5081/13/5081
f 5083/17/5083 5095/18/5095 5094/16/5094 5082/15/5082
f 5084/19/5084 5096/20/5096 5095/18/5095 5083/17/5083
f 5085/21/5085 5097/22/5097 5096/20/5096 5084/19/5084
f 5086/23/5086 5098/24/5098 5097/22/5097 5085/21/5085
f 5087/25/5087 5099/26/5099 5098/24/5098 5086/23/5086
f 5088/4/5088 5100/3/5100 5099/26/5099 5087/25/5087
f 5089/2/5089 5101/27/5101 5112/28/5112 5100/3/5100
f 5090/6/5090 5102/29/5102 5101/30/5101 5089/7/5089
f 5091/10/5091 5103/31/5103 5102/29/5102 5090/6/5090
f 5092/12/5092 5104/32/5104 5103/31/5103 5091/10/5091
f 5093/14/5093 5105/33/5105 5104/32/5104 5092/12/5092
f 5094/16/5094 5106/34/5106 5105/33/5105 5093/14/5093
f 5095/18/5095 5107/35/5107 5106/34/5106 5094/16/5094
f 5096/20/5096 5108/36/5108 5107/35/5107 5095/18/5095
f 5097/22/5097 5109/37/5109 5108/36/5108 5096/20/5096
f 5098/24/5098 5110/38/5110 5109/37/5109 5097/22/5097
f 5099/26/5099 5111/39/5111 5110/38/5110 5098/24/5098
f 5100/3/5100 5112/28/5112 5111/39/5111 5099/26/5099
f 5101/27/5101 5113/40/5113 5124/41/5124 5112/28/5112
f 5102/29/5102 5114/42/5114 5113/43/5113 5101/30/5101
f 5103/31/5103 5115/44/5115 5114/42/5114 5102/29/5102
f 5104/32/5104 5116/45/5116 5115/44/5115 5103/31/5103
f 5105/33/5105 5117/46/5117 5116/45/5116 5104/32/5104
f 5106/34/5106 5118/47/5118 5117/46/5117 5105/33/5105
f 5107/35/5107 5119/48/5119 5118/47/5118 5106/34/5106
f 5108/36/5108 5120/49/5120 5119/48/5119 5107/35/5107
f 5109/37/5109 5121/50/5121 5120/49/5120 5108/36/5108
f 5110/38/5110 5122/51/5122 5121/50/5121 5109/37/5109
f 5111/39/5111 5123/52/5123 5122/51/5122 5110/38/5110
f 5112/28/5112 5124/41/5124 5123/52/5123 5111/39/5111
f 5113/40/5113 5125/53/5125 5136/54/5136 5124/41/5124
f 5114/42/5114 5126/55/5126 5125/56/5125 5113/43/5113
f 5115/44/5115 5127/57/5127 5126/55/5126 5114/42/5114
f 5116/45/5116 5128/58/5128 5127/57/5127 5115/44/5115
f 5117/46/5117 5129/59/5129 5128/58/5128 5116/45/5116
f 5118/47/5118 5130/60/5130 5129/59/5129 5117/46/5117
f 5119/48/5119 5131/61/5131 5130/60/5130 5118/47/5118
f 5120/49/5120 5132/62/5132 5131/61/5131 5119/48/5119
f 5121/50/5121 5133/63/5133 5132/62/5132 5120/49/5120
f 5122/51/5122 5134/64/5134 5133/63/5133 5121/50/5121
f 5123/52/5123 5135/65/5135 5134/64/5134 5122/51/5122
f 5124/41/5124 5136/54/5136 5135/65/5135 5123/52/5123
f 5125/53/5125 5137/66/5137 5148/67/5148 5136/54/5136
f 5126/55/5126 5138/68/5138 5137/69/5137 5125/56/5125
f 5127/57/5127 5139/70/5139 5138/68/5138 5126/55/5126
f 5128/58/5128 5140/71/5140 5139/70/5139 5127/57/5127
f 5129/59/5129 5141/72/5141 5140/71/5140 5128/58/5128
f 5130/60/5130 5142/73/5142 5141/72/5141 5129/59/5129
f 5131/61/5131 5143/74/5143 5142/73/5142 5130/60/5130
f 5132/62/5132 5144/75/5144 5143/74/5143 5131/61/5131
f 5133/63/5133 5145/76/5145 5144/75/5144 5132/62/5132
f 5134/64/5134 5146/77/5146 5145/76/5145 5133/63/5133
f 5135/65/5135 5147/78/5147 5146/77/5146 5134/64/5134
f 5136/54/5136 5148/67/5148 5147/78/5147 5135/65/5135
f 5137/66/5137 5149/79/5149 5160/80/5160 5148/67/5148
f 5138/68/5138 5150/81/5150 5149/82/5149 5137/69/5137
f 5139/70/5139 5151/83/5151 5150/81/5150 5138/68/5138
f 5140/71/5140 5152/84/5152 5151/83/5151 5139/70/5139
f 5141/72/5141 5153/85/5153 5152/84/5152 5140/71/5140
f 5142/73/5142 5154/86/5154 5153/85/5153 5141/72/5141
f 5143/74/5143 5155/87/5155 5154/86/5154 5142/73/5142
f 5144/75/5144 5156/88/5156 5155/87/5155 5143/74/5143
f 5145/76/5145 5157/89/5157 5156/88/5156 5144/75/5144
f 5146/77/5146 5158/90/5158 5157/89/5157 5145/76/5145
f 5147/78/5147 5159/91/5159 5158/90/5158 5146/77/5146
f 5148/67/5148 5160/80/5160 5159/91/5159 5147/78/5147
f 5149/79/5149 5161/92/5161 5172/93/5172 5160/80/5160
f 5150/81/5150 5162/94/5162 5161/95/5161 5149/82/5149
f 5151/83/5151 5163/96/5163 5162/94/5162 5150/81/5150
f 5152/84/5152 5164/97/5164 5163/96/5163 5151/83/5151
f 5153/85/5153 5165/98/5165 5164/97/5164 5152/84/5152
f 5154/86/5154 5166/99/5166 5165/98/5165 5153/85/5153
f 5155/87/5155 5167/100/5167 5166/99/5166 5154/86/5154
f 5156/88/5156 5168/101/5168 5167/100/5167 5155/87/5155
f 5157/89/5157 5169/102/5169 5168/101/5168 5156/88/5156
f 5158/90/5158 5170/103/5170 5169/102/5169 5157/89/5157
f 5159/91/5159 5171/104/5171 5170/103/5170 5158/90/5158
f 5160/80/5160 5172/93/5172 5171/104/5171 5159/91/5159
f 5161/92/5161 5173/105/5173 5184/106/5184 5172/93/5172
f 5162/94/5162 5174/107/5174 5173/108/5173 5161/95/5161
f 5163/96/5163 5175/109/5175 5174/107/5174 5162/94/5162
f 5164/97/5164 5176/110/5176 5175/109/5175 5163/96/5163
f 5165/98/5165 5177/111/5177 5176/110/5176 5164/97/5164
f 5166/99/5166 5178/112/5178 5177/111/5177 5165/98/5165
f 5167/100/5167 5179/113/5179 5178/112/5178 5166/99/5166
f 5168/101/5168 5180/114/5180 5179/113/5179 5167/100/5167
f 5169/102/5169 5181/115/5181 5180/114/5180 5168/101/5168
f 5170/103/5170 5182/116/5182 5181/115/5181 5169/102/5169
f 5171/104/5171 5183/117/5183 5182/116/5182 5170/103/5170
f 5172/93/5172 5184/106/5184 5183/117/5183 5171/104/5171
f 5173/105/5173 5185/118/5185 5196/119/5196 5184/106/5184
f 5174/107/5174 5186/120/5186 5185/121/5185 5173/108/5173
f 5175/109/5175 5187/122/5187 5186/120/5186 5174/107/5174
f 5176/110/5176 5188/123/5188 5187/122/5187 5175/109/5175
f 5177/111/5177 5189/124/5189 5188/123/5188 5176/110/5176
f 5178/112/5178 5190/125/5190 5189/124/5189 5177/111/5177
f 5179/113/5179 5191/126/5191 5190/125/5190 5178/112/5178
f 5180/114/5180 5192/127/5192 5191/126/5191 5179/113/5179
f 5181/115/5181 5193/128/5193 5192/127/5192 5180/114/5180
f 5182/116/5182 5194/129/5194 5193/128/5193 5181/115/5181
f 5183/117/5183 5195/130/5195 5194/129/5194 5182/116/5182
f 5184/106/5184 5196/119/5196 5195/130/5195 5183/117/5183
f 5185/118/5185 5197/131/5197 5208/132/5208 5196/119/5196
f 5186/120/5186 5198/133/5198 5197/134/5197 5185/121/5185
f 5187/122/5187 5199/135/5199 5198/133/5198 5186/120/5186
f 5188/123/5188 5200/136/5200 5199/135/5199 5187/122/5187
f 5189/124/5189 5201/137/5201 5200/136/5200 5188/123/5188
f 5190/125/5190 5202/138/5202 5201/137/5201 5189/124/5189
f 5191/126/5191 5203/139/5203 5202/138/5202 5190/125/5190
f 5192/127/5192 5204/140/5204 5203/139/5203 5191/126/5191
f 5193/128/5193 5205/141/5205 5204/140/5204 5192/127/5192
f 5194/129/5194 5206/142/5206 5205/141/5205 5193/128/5193
f 5195/130/5195 5207/143/5207 5206/142/5206 5194/129/5194
f 5196/119/5196 5208/132/5208 5207/143/5207 5195/130/5195
f 5197/131/5197 5209/144/5209 5220/145/5220 5208/132/5208
f 5198/133/5198 5210/146/5210 5209/147/5209 5197/134/5197
f 5199/135/5199 5211/148/5211 5210/146/5210 5198/133/5198
f 5200/136/5200 5212/149/5212 5211/148/5211 5199/135/5199
f 5201/137/5201 5213/150/5213 5212/149/5212 5200/136/5200
f 5202/138/5202 5214/151/5214 5213/150/5213 5201/137/5201
f 5203/139/5203 5215/152/5215 5214/151/5214 5202/138/5202
f 5204/140/5204 5216/153/5216 5215/152/5215 5203/139/5203
f 5205/141/5205 5217/154/5217 5216/153/5216 5204/140/5204
f 5206/142/5206 5218/155/5218 5217/154/5217 5205/141/5205
f 5207/143/5207 5219/156/5219 5218/155/5218 5206/142/5206
f 5208/132/5208 5220/145/5220 5219/156/5219 5207/143/5207
f 5209/144/5209 5221/157/5221 5232/158/5232 5220/145/5220
f 5210/146/5210 5222/159/5222 5221/160/5221 5209/147/5209
f 5211/148/5211 5223/161/5223 5222/159/5222 5210/146/5210
f 5212/149/5212 5224/162/5224 5223/161/5223 5211/148/5211
f 5213/150/5213 5225/163/5225 5224/162/5224 5212/149/5212
f 5214/151/5214 5226/164/5226 5225/163/5225 5213/150/5213
f 5215/152/5215 5227/165/5227 5226/164/5226 5214/151/5214
f 5216/153/5216 5228/166/5228 5227/165/5227 5215/152/5215
f 5217/154/5217 5229/167/5229 5228/166/5228 5216/153/5216
f 5218/155/5218 5230/168/5230 5229/167/5229 5217/154/5217
f 5219/156/5219 5231/169/5231 5230/168/5230 5218/155/5218
f 5220/145/5220 5232/158/5232 5231/169/5231 5219/156/5219
f 5221/157/5221 5233/170/5233 5244/171/5244 5232/158/5232
f 5222/159/5222 5234/172/5234 5233/173/5233 5221/160/5221
f 5223/161/5223 5235/174/5235 5234/172/5234 5222/159/5222
f 5224/162/5224 5236/175/5236 5235/174/5235 5223/161/5223
f 5225/163/5225 5237/176/5237 5236/175/5236 5224/162/5224
f 5226/164/5226 5238/177/5238 5237/176/5237 5225/163/5225
f 5227/165/5227 5239/178/5239 5238/177/5238 5226/164/5226
f 5228/166/5228 5240/179/5240 5239/178/5239 5227/165/5227
f 5229/167/5229 5241/180/5241 5240/179/5240 5228/166/5228
f 5230/168/5230 5242/181/5242 5241/180/5241 5229/167/5229
f 5231/169/5231 5243/182/5243 5242/181/5242 5230/168/5230
f 5232/158/5232 5244/171/5244 5243/182/5243 5231/169/5231
f 5233/170/5233 5245/183/5245 5256/184/5256 5244/171/5244
f 5234/172/5234 5246/185/5246 5245/186/5245 5233/173/5233
f 5235/174/5235 5247/187/5247 5246/185/5246 5234/172/5234
f 5236/175/5236 5248/188/5248 5247/187/5247 5235/174/5235
f 5237/176/5237 5249/189/5249 5248/188/5248 5236/175/5236
f 5238/177/5238 5250/190/5250 5249/189/5249 5237/176/5237
f 5239/178/5239 5251/191/5251 5250/190/5250 5238/177/5238
f 5240/179/5240 5252/192/5252 5251/191/5251 5239/178/5239
f 5241/180/5241 5253/193/5253 5252/192/5252 5240/179/5240
f 5242/181/5242 5254/194/5254 5253/193/5253 5241/180/5241
f 5243/182/5243 5255/195/5255 5254/194/5254 5242/181/5242
f 5244/171/5244 5256/184/5256 5255/195/5255 5243/182/5243
f 5245/183/5245 5257/196/5257 5268/197/5268 5256/184/5256
f 5246/185/5246 5258/198/5258 5257/199/5257 5245/186/5245
f 5247/187/5247 5259/200/5259 5258/198/5258 5246/185/5246
f 5248/188/5248 5260/201/5260 5259/200/5259 5247/187/5247
f 5249/189/5249 5261/202/5261 5260/201/5260 5248/188/5248
f 5250/190/5250 5262/203/5262 5261/202/5261 5249/189/5249
f 5251/191/5251 5263/204/5263 5262/203/5262 5250/190/5250
f 5252/192/5252 5264/205/5264 5263/204/5263 5251/191/5251
f 5253/193/5253 5265/206/5265 5264/205/5264 5252/192/5252
f 5254/194/5254 5266/207/5266 5265/206/5265 5253/193/5253
f 5255/195/5255 5267/208/5267 5266/207/5266 5254/194/5254
f 5256/184/5256 5268/197/5268 5267/208/5267 5255/195/5255
f 5257/196/5257 5269/209/5269 5280/210/5280 5268/197/5268
f 5258/198/5258 5270/211/5270 5269/212/5269 5257/199/5257
f 5259/200/5259 5271/213/5271 5270/211/5270 5258/198/5258
f 5260/201/5260 5272/214/5272 5271/213/5271 5259/200/5259
f 5261/202/5261 5273/215/5273 5272/214/5272 5260/201/5260
f 5262/203/5262 5274/216/5274 5273/215/5273 5261/202/5261
f 5263/204/5263 5275/217/5275 5274/216/5274 5262/203/5262
f 5264/205/5264 5276/218/5276 5275/217/5275 5263/204/5263
f 5265/206/5265 5277/219/5277 5276/218/5276 5264/205/5264
f 5266/207/5266 5278/220/5278 5277/219/5277 5265/206/5265
f 5267/208/5267 5279/221/5279 5278/220/5278 5266/207/5266
f 5268/197/5268 5280/210/5280 5279/221/5279 5267/208/5267
f 5269/209/5269 5281/222/5281 5292/223/5292 5280/210/5280
f 5270/211/5270 5282/224/5282 5281/225/5281 5269/212/5269
f 5271/213/5271 5283/226/5283 5282/224/5282 5270/211/5270
f 5272/214/5272 5284/227/5284 5283/226/5283 5271/213/5271
f 5273/215/5273 5285/228/5285 5284/227/5284 5272/214/5272
f 5274/216/5274 5286/229/5286 5285/228/5285 5273/215/5273
f 5275/217/5275 5287/230/5287 5286/229/5286 5274/216/5274
f 5276/218/5276 5288/231/5288 5287/230/5287 5275/217/5275
f 5277/219/5277 5289/232/5289 5288/231/5288 5276/218/5276
f 5278/220/5278 5290/233/5290 5289/232/5289 5277/219/5277
f 5279/221/5279 5291/234/5291 5290/233/5290 5278/220/5278
f 5280/210/5280 5292/223/5292 5291/234/5291 5279/221/5279
f 5281/222/5281 5293/235/5293 5304/236/5304 5292/223/5292
f 5282/224/5282 5294/237/5294 5293/238/5293 5281/225/5281
f 5283/226/5283 5295/239/5295 5294/237/5294 5282/224/5282
f 5284/227/5284 5296/240/5296 5295/239/5295 5283/226/5283
f 5285/228/5285 5297/241/5297 5296/240/5296 5284/227/5284
f 5286/229/5286 5298/242/5298 5297/241/5297 5285/228/5285
f 5287/230/5287 5299/243/5299 5298/242/5298 5286/229/5286
f 5288/231/5288 5300/244/5300 5299/243/5299 5287/230/5287
f 5289/232/5289 5301/245/5301 5300/244/5300 5288/231/5288
f 5290/233/5290 5302/246/5302 5301/245/5301 5289/232/5289
f 5291/234/5291 5303/247/5303 5302/246/5302 5290/233/5290
f 5292/223/5292 5304/236/5304 5303/247/5303 5291/234/5291
f 5293/235/5293 5305/248/5305 5316/249/5316 5304/236/5304
f 5294/237/5294 5306/250/5306 5305/251/5305 5293/238/5293
f 5295/239/5295 5307/252/5307 5306/250/5306 5294/237/5294
f 5296/240/5296 5308/253/5308 5307/252/5307 5295/239/5295
f 5297/241/5297 5309/254/5309 5308/253/5308 5296/240/5296
f 5298/242/5298 5310/255/5310 5309/254/5309 5297/241/5297
f 5299/243/5299 5311/256/5311 5310/255/5310 5298/242/5298
f 5300/244/5300 5312/257/5312 5311/256/5311 5299/243/5299
f 5301/245/5301 5313/258/5313 5312/257/5312 5300/244/5300
f 5302/246/5302 5314/259/5314 5313/258/5313 5301/245/5301
f 5303/247/5303 5315/260/5315 5314/259/5314 5302/246/5302
f 5304/236/5304 5316/249/5316 5315/260/5315 5303/247/5303
f 5305/248/5305 5317/261/5317 5328/262/5328 5316/249/5316
f 5306/250/5306 5318/263/5318 5317/264/5317 5305/251/5305
f 5307/252/5307 5319/265/5319 5318/263/5318 5306/250/5306
f 5308/253/5308 5320/266/5320 5319/265/5319 5307/252/5307
f 5309/254/5309 5321/267/5321 5320/266/5320 5308/253/5308
f 5310/255/5310 5322/268/5322 5321/267/5321 5309/254/5309
f 5311/256/5311 5323/269/5323 5322/268/5322 5310/255/5310
f 5312/257/5312 5324/270/5324 5323/269/5323 5311/256/5311
f 5313/258/5313 5325/271/5325 5324/270/5324 5312/257/5312
f 5314/259/5314 5326/272/5326 5325/271/5325 5313/258/5313
f 5315/260/5315 5327/273/5327 5326/272/5326 5314/259/5314
f 5316/249/5316 5328/262/5328 5327/273/5327 5315/260/5315
f 5317/261/5317 5329/274/5329 5340/275/5340 5328/262/5328
f 5318/263/5318 5330/276/5330 5329/277/5329 5317/264/5317
f 5319/265/5319 5331/278/5331 5330/276/5330 5318/263/5318
f 5320/266/5320 5332/279/5332 5331/278/5331 5319/265/5319
f 5321/267/5321 5333/280/5333 5332/279/5332 5320/266/5320
f 5322/268/5322 5334/281/5334 5333/280/5333 5321/267/5321
f 5323/269/5323 5335/282/5335 5334/281/5334 5322/268/5322
f 5324/270/5324 5336/283/5336 5335/282/5335 5323/269/5323
f 5325/271/5325 5337/284/5337 5336/283/5336 5324/270/5324
f 5326/272/5326 5338/285/5338 5337/284/5337 5325/271/5325
f 5327/273/5327 5339/286/5339 5338/285/5338 5326/272/5326
f 5328/262/5328 5340/275/5340 5339/286/5339 5327/273/5327
f 5329/274/5329 5341/287/5341 5352/288/5352 5340/275/5340
f 5330/276/5330 5342/289/5342 5341/290/5341 5329/277/5329
f 5331/278/5331 5343/291/5343 5342/289/5342 5330/276/5330
f 5332/279/5332 5344/292/5344 5343/291/5343 5331/278/5331
f 5333/280/5333 5345/293/5345 5344/292/5344 5332/279/5332
f 5334/281/5334 5346/294/5346 5345/293/5345 5333/280/5333
f 5335/282/5335 5347/295/5347 5346/294/5346 5334/281/5334
f 5336/283/5336 5348/296/5348 5347/295/5347 5335/282/5335
f 5337/284/5337 5349/297/5349 5348/296/5348 5336/283/5336
f 5338/285/5338 5350/298/5350 5349/297/5349 5337/284/5337
f 5339/286/5339 5351/299/5351 5350/298/5350 5338/285/5338
f 5340/275/5340 5352/288/5352 5351/299/5351 5339/286/5339
f 5341/287/5341 5353/300/5353 5364/301/5364 5352/288/5352
f 5342/289/5342 5354/302/5354 5353/303/5353 5341/290/5341
f 5343/291/5343 5355/304/5355 5354/302/5354 5342/289/5342
f 5344/292/5344 5356/305/5356 5355/304/5355 5343/291/5343
f 5345/293/5345 5357/306/5357 5356/305/5356 5344/292/5344
f 5346/294/5346 5358/307/5358 5357/306/5357 5345/293/5345
f 5347/295/5347 5359/308/5359 5358/307/5358 5346/294/5346
f 5348/296/5348 5360/309/5360 5359/308/5359 5347/295/5347
f 5349/297/5349 5361/310/5361 5360/309/5360 5348/296/5348
f 5350/298/5350 5362/311/5362 5361/310/5361 5349/297/5349
f 5351/299/5351 5363/312/5363 5362/311/5362 5350/298/5350
f 5352/288/5352 5364/301/5364 5363/312/5363 5351/299/5351
f 5077/1/5077 5088/4/5088 5376/3/5376 5365/2/5365
f 5078/5/5078 5077/8/5077 5365/7/5365 5366/6/5366
f 5079/9/5079 5078/5/5078 5366/6/5366 5367/10/5367
f 5080/11/5080 5079/9/5079 5367/10/5367 5368/12/5368
f 5081/13/5081 5080/11/5080 5368/12/5368 5369/14/5369
f 5082/15/5082 5081/13/5081 5369/14/5369 5370/16/5370
f 5083/17/5083 5082/15/5082 5370/16/5370 5371/18/5371
f 5084/19/5084 5083/17/5083 5371/18/5371 5372/20/5372
f 5085/21/5085 5084/19/5084 5372/20/5372 5373/22/5373
f 5086/23/5086 5085/21/5085 5373/22/5373 5374/24/5374
f 5087/25/5087 5086/23/5086 5374/24/5374 5375/26/5375
f 5088/4/5088 5087/25/5087 5375/26/5375 5376/3/5376
f 5365/2/5365 5376/3/5376 5388/28/5388 5377/27/5377
f 5366/6/5366 5365/7/5365 5377/30/5377 5378/29/5378
f 5367/10/5367 5366/6/5366 5378/29/5378 5379/31/5379
f 5368/12/5368 5367/10/5367 5379/31/5379 5380/32/5380
f 5369/14/5369 5368/12/5368 5380/32/5380 5381/33/5381
f 5370/16/5370 5369/14/5369 5381/33/5381 5382/34/5382
f 5371/18/5371 5370/16/5370 5382/34/5382 5383/35/5383
f 5372/20/5372 5371/18/5371 5383/35/5383 5384/36/5384
f 5373/22/5373 5372/20/5372 5384/36/5384 5385/37/5385
f 5374/24/5374 5373/22/5373 5385/37/5385 5386/38/5386
f 5375/26/5375 5374/24/5374 5386/38/5386 5387/39/5387
f 5376/3/5376 5375/26/5375 5387/39/5387 5388/28/5388
f 5377/27/5377 5388/28/5388 5400/41/5400 5389/40/5389
f 5378/29/5378 5377/30/5377 5389/43/5389 5390/42/5390
f 5379/31/5379 5378/29/5378 5390/42/5390 5391/44/5391
f 5380/32/5380 5379/31/5379 5391/44/5391 5392/45/5392
f 5381/33/5381 5380/32/5380 5392/45/5392 5393/46/5393
f 5382/34/5382 5381/33/5381 5393/46/5393 5394/47/5394
f 5383/35/5383 5382/34/5382 5394/47/5394 5395/48/5395
f 5384/36/5384 5383/35/5383 5395/48/5395 5396/49/5396
f 5385/37/5385 5384/36/5384 5396/49/5396 5397/50/5397
f 5386/38/5386 5385/37/5385 5397/50/5397 5398/51/5398
f 5387/39/5387 5386/38/5386 5398/51/5398 5399/52/5399
f 5388/28/5388 5387/39/5387 5399/52/5399 5400/41/5400
f 5389/40/5389 5400/41/5400 5412/54/5412 5401/53/5401
f 5390/42/5390 5389/43/5389 5401/56/5401 5402/55/5402
f 5391/44/5391 5390/42/5390 5402/55/5402 5403/57/5403
f 5392/45/5392 5391/44/5391 5403/57/5403 5404/58/5404
f 5393/46/5393 5392/45/5392 5404/58/5404 5405/59/5405
f 5394/47/5394 5393/46/5393 5405/59/5405 5406/60/5406
f 5395/48/5395 5394/47/5394 5406/60/5406 5407/61/5407
f 5396/49/5396 5395/48/5395 5407/61/5407 5408/62/5408
f 5397/50/5397 5396/49/5396 5408/62/5408 5409/63/5409
f 5398/51/5398 5397/50/5397 5409/63/5409 5410/64/5410
f 5399/52/5399 5398/51/5398 5410/64/5410 5411/65/5411
f 5400/41/5400 5399/52/5399 5411/65/5411 5412/54/5412
f 5401/53/5401 5412/54/5412 5424/67/5424 5413/66/5413
f 5402/55/5402 5401/56/5401 5413/69/5413 5414/68/5414
f 5403/57/5403 5402/55/5402 5414/68/5414 5415/70/5415
f 5404/58/5404 5403/57/5403 5415/70/5415 5416/71/5416
f 5405/59/5405 5404/58/5404 5416/71/5416 5417/72/5417
f 5406/60/5406 5405/59/5405 5417/72/5417 5418/73/5418
f 5407/61/5407 5406/60/5406 5418/73/5418 5419/74/5419
f 5408/62/5408 5407/61/5407 5419/74/5419 5420/75/5420
f 5409/63/5409 5408/62/5408 5420/75/5420 5421/76/5421
f 5410/64/5410 5409/63/5409 5421/76/5421 5422/77/5422
f 5411/65/5411 5410/64/5410 5422/77/5422 5423/78/5423
f 5412/54/5412 5411/65/5411 5423/78/5423 5424/67/5424
f 5413/66/5413 5424/67/5424 5436/80/5436 5425/79/5425
f 5414/68/5414 5413/69/5413 5425/82/5425 5426/81/5426
f 5415/70/5415 5414/68/5414 5426/81/5426 5427/83/5427
f 5416/71/5416 5415/70/5415 5427/83/5427 5428/84/5428
f 5417/72/5417 5416/71/5416 5428/84/5428 5429/85/5429
f 5418/73/5418 5417/72/5417 5429/85/5429 5430/86/5430
f 5419/74/5419 5418/73/5418 5430/86/5430 5431/87/5431
f 5420/75/5420 5419/74/5419 5431/87/5431 5432/88/5432
f 5421/76/5421 5420/75/5420 5432/88/5432 5433/89/5433
f 5422/77/5422 5421/76/5421 5433/89/5433 5434/90/5434
f 5423/78/5423 5422/77/5422 5434/90/5434 5435/91/5435
f 5424/67/5424 5423/78/5423 5435/91/5435 5436/80/5436
f 5425/79/5425 5436/80/5436 5448/93/5448 5437/92/5437
f 5426/81/5426 5425/82/5425 5437/95/5437 5438/94/5438
f 5427/83/5427 5426/81/5426 5438/94/5438 5439/96/5439
f 5428/84/5428 5427/83/5427 5439/96/5439 5440/97/5440
f 5429/85/5429 5428/84/5428 5440/97/5440 5441/98/5441
f 5430/86/5430 5429/85/5429 5441/98/5441 5442/99/5442
f 5431/87/5431 5430/86/5430 5442/99/5442 5443/100/5443
f 5432/88/5432 5431/87/5431 5443/100/5443 5444/101/5444
f 5433/89/5433 5432/88/5432 5444/101/5444 5445/102/5445
f 5434/90/5434 5433/89/5433 5445/102/5445 5446/103/5446
f 5435/91/5435 5434/90/5434 5446/103/5446 5447/104/5447
f 5436/80/5436 5435/91/5435 5447/104/5447 5448/93/5448
f 5437/92/5437 5448/93/5448 5460/106/5460 5449/105/5449
f 5438/94/5438 5437/95/5437 5449/108/5449 5450/107/5450
f 5439/96/5439 5438/94/5438 5450/107/5450 5451/109/5451
f 5440/97/5440 5439/96/5439 5451/109/5451 5452/110/5452
f 5441/98/5441 5440/97/5440 5452/110/5452 5453/111/5453
f 5442/99/5442 5441/98/5441 5453/111/5453 5454/112/5454
f 5443/100/5443 5442/99/5442 5454/112/5454 5455/113/5455
f 5444/101/5444 5443/100/5443 5455/113/5455 5456/114/5456
f 5445/102/5445 5444/101/5444 5456/114/5456 5457/115/5457
f 5446/103/5446 5445/102/5445 5457/115/5457 5458/116/5458
f 5447/104/5447 5446/103/5446 5458/116/5458 5459/117/5459
f 5448/93/5448 5447/104/5447 5459/117/5459 5460/106/5460
f 5449/105/5449 5460/106/5460 5472/119/5472 5461/118/5461
f 5450/107/5450 5449/108/5449 5461/121/5461 5462/120/5462
f 5451/109/5451 5450/107/5450 5462/120/5462 5463/122/5463
f 5452/110/5452 5451/109/5451 5463/122/5463 5464/123/5464
f 5453/111/5453 5452/110/5452 5464/123/5464 5465/124/5465
f 5454/112/5454 5453/111/5453 5465/124/5465 5466/125/5466
f 5455/113/5455 5454/112/5454 5466/125/5466 5467/126/5467
f 5456/114/5456 5455/113/5455 5467/126/5467 5468/127/5468
f 5457/115/5457 5456/114/5456 5468/127/5468 5469/128/5469
f 5458/116/5458 5457/115/5457 5469/128/5469 5470/129/5470
f 5459/117/5459 5458/116/5458 5470/129/5470 5471/130/5471
f 5460/106/5460 5459/117/5459 5471/130/5471 5472/119/5472
f 5461/118/5461 5472/119/5472 5484/132/5484 5473/131/5473
f 5462/120/5462 5461/121/5461 5473/134/5473 5474/133/5474
f 5463/122/5463 5462/120/5462 5474/133/5474 5475/135/5475
f 5464/123/5464 5463/122/5463 5475/135/5475 5476/136/5476
f 5465/124/5465 5464/123/5464 5476/136/5476 5477/137/5477
f 5466/125/5466 5465/124/5465 5477/137/5477 5478/138/5478
f 5467/126/5467 5466/125/5466 5478/138/5478 5479/139/5479
f 5468/127/5468 5467/126/5467 5479/139/5479 5480/140/5480
f 5469/128/5469 5468/127/5468 5480/140/5480 5481/141/5481
f 5470/129/5470 5469/128/5469 5481/141/5481 5482/142/5482
f 5471/130/5471 5470/129/5470 5482/142/5482 5483/143/5483
f 5472/119/5472 5471/130/5471 5483/143/5483 5484/132/5484
f 5473/131/5473 5484/132/5484 5496/145/5496 5485/144/5485
f 5474/133/5474 5473/134/5473 5485/147/5485 5486/146/5486
f 5475/135/5475 5474/133/5474 5486/146/5486 5487/148/5487
f 5476/136/5476 5475/135/5475 5487/148/5487 5488/149/5488
f 5477/137/5477 5476/136/5476 5488/149/5488 5489/150/5489
f 5478/138/5478 5477/137/5477 5489/150/5489 5490/151/5490
f 5479/139/5479 5478/138/5478 5490/151/5490 5491/152/5491
f 5480/140/5480 5479/139/5479 5491/152/5491 5492/153/5492
f 5481/141/5481 5480/140/5480 5492/153/5492 5493/154/5493
f 5482/142/5482 5481/141/5481 5493/154/5493 5494/155/5494
f 5483/143/5483 5482/142/5482 5494/155/5494 5495/156/5495
f 5484/132/5484 5483/143/5483 5495/156/5495 5496/145/5496
f 5485/144/5485 5496/145/5496 5508/158/5508 5497/157/5497
f 5486/146/5486 5485/147/5485 5497/160/5497 5498/159/5498
f 5487/148/5487 5486/146/5486 5498/159/5498 5499/161/5499
f 5488/149/5488 5487/148/5487 5499/161/5499 5500/162/5500
f 5489/150/5489 5488/149/5488 5500/162/5500 5501/163/5501
f 5490/151/5490 5489/150/5489 5501/163/5501 5502/164/5502
f 5491/152/5491 5490/151/5490 5502/164/5502 5503/165/5503
f 5492/153/5492 5491/152/5491 5503/165/5503 5504/166/5504
f 5493/154/5493 5492/153/5492 5504/166/5504 5505/167/5505
f 5494/155/5494 5493/154/5493 5505/167/5505 5506/168/5506
f 5495/156/5495 5494/155/5494 5506/168/5506 5507/169/5507
f 5496/145/5496 5495/156/5495 5507/169/5507 5508/158/5508
f 5497/157/5497 5508/158/5508 5520/171/5520 5509/170/5509
f 5498/159/5498 5497/160/5497 5509/173/5509 5510/172/5510
f 5499/161/5499 5498/159/5498 5510/172/5510 5511/174/5511
f 5500/162/5500 5499/161/5499 5511/174/5511 5512/175/5512
f 5501/163/5501 5500/162/5500 5512/175/5512 5513/176/5513
f 5502/164/5502 5501/163/5501 5513/176/5513 5514/177/5514
f 5503/165/5503 5502/164/5502 5514/177/5514 5515/178/5515
f 5504/166/5504 5503/165/5503 5515/178/5515 5516/179/5516
f 5505/167/5505 5504/166/5504 5516/179/5516 5517/180/5517
f 5506/168/5506 5505/167/5505 5517/180/5517 5518/181/5518
f 5507/169/5507 5506/168/5506 5518/181/5518 5519/182/5519
f 5508/158/5508 5507/169/5507 5519/182/5519 5520/171/5520
f 5509/170/5509 5520/171/5520 5532/184/5532 5521/183/5521
f 5510/172/5510 5509/173/5509 5521/186/5521 5522/185/5522
f 5511/174/5511 5510/172/5510 5522/185/5522 5523/187/5523
f 5512/175/5512 5511/174/5511 5523/187/5523 5524/188/5524
f 5513/176/5513 5512/175/5512 5524/188/5524 5525/189/5525
f 5514/177/5514 5513/176/5513 5525/189/5525 5526/190/5526
f 5515/178/5515 5514/177/5514 5526/190/5526 5527/191/5527
f 5516/179/5516 5515/178/5515 5527/191/5527 5528/192/5528
f 5517/180/5517 5516/179/5516 5528/192/5528 5529/193/5529
f 5518/181/5518 5517/180/5517 5529/193/5529 5530/194/5530
f 5519/182/5519 5518/181/5518 5530/194/5530 5531/195/5531
f 5520/171/5520 5519/182/5519 5531/195/5531 5532/184/5532
f 5521/183/5521 5532/184/5532 5544/197/5544 5533/196/5533
f 5522/185/5522 5521/186/5521 5533/199/5533 5534/198/5534
f 5523/187/5523 5522/185/5522 5534/198/5534 5535/200/5535
f 5524/188/5524 5523/187/5523 5535/200/5535 5536/201/5536
f 5525/189/5525 5524/188/5524 5536/201/5536 5537/202/5537
f 5526/190/5526 5525/189/5525 5537/202/5537 5538/203/5538
f 5527/191/5527 5526/190/5526 5538/203/5538 5539/204/5539
f 5528/192/5528 5527/191/5527 5539/204/5539 5540/205/5540
f 5529/193/5529 5528/192/5528 5540/205/5540 5541/206/5541
f 5530/194/5530 5529/193/5529 5541/206/5541 5542/207/5542
f 5531/195/5531 5530/194/5530 5542/207/5542 5543/208/5543
f 5532/184/5532 5531/195/5531 5543/208/5543 5544/197/5544
f 5533/196/5533 5544/197/5544 5556/210/5556 5545/209/5545
f 5534/198/5534 5533/199/5533 5545/212/5545 5546/211/5546
f 5535/200/5535 5534/198/5534 5546/211/5546 5547/213/5547
f 5536/201/5536 5535/200/5535 5547/213/5547 5548/214/5548
f 5537/202/5537 5536/201/5536 5548/214/5548 5549/215/5549
f 5538/203/5538 5537/202/5537 5549/215/5549 5550/216/5550
f 5539/204/5539 5538/203/5538 5550/216/5550 5551/217/5551
f 5540/205/5540 5539/204/5539 5551/217/5551 5552/218/5552
f 5541/206/5541 5540/205/5540 5552/218/5552 5553/219/5553
f 5542/207/5542 5541/206/5541 5553/219/5553 5554/220/5554
f 5543/208/5543 5542/207/5542 5554/220/5554 5555/221/5555
f 5544/197/5544 5543/208/5543 5555/221/5555 5556/210/5556
f 5545/209/5545 5556/210/5556 5568/223/5568 5557/222/5557
f 5546/211/5546 5545/212/5545 5557/225/5557 5558/224/5558
f 5547/213/5547 5546/211/5546 5558/224/5558 5559/226/5559
f 5548/214/5548 5547/213/5547 5559/226/5559 5560/227/5560
f 5549/215/5549 5548/214/5548 5560/227/5560 5561/228/5561
f 5550/216/5550 5549/215/5549 5561/228/5561 5562/229/5562
f 5551/217/5551 5550/216/5550 5562/229/5562 5563/230/5563
f 5552/218/5552 5551/217/5551 5563/230/5563 5564/231/5564
f 5553/219/5553 5552/218/5552 5564/231/5564 5565/232/5565
f 5554/220/5554 5553/219/5553 5565/232/5565 5566/233/5566
f 5555/221/5555 5554/220/5554 5566/233/5566 5567/234/5567
f 5556/210/5556 5555/221/5555 5567/234/5567 5568/223/5568
f 5557/222/5557 5568/223/5568 5580/236/5580 5569/235/5569
f 5558/224/5558 5557/225/5557 5569/238/5569 5570/237/5570
f 5559/226/5559 5558/224/5558 5570/237/5570 5571/239/5571
f 5560/227/5560 5559/226/5559 5571/239/5571 5572/240/5572
f 5561/228/5561 5560/227/5560 5572/240/5572 5573/241/5573
f 5562/229/5562 5561/228/5561 5573/241/5573 5574/242/5574
f 5563/230/5563 5562/229/5562 5574/242/5574 5575/243/5575
f 5564/231/5564 5563/230/5563 5575/243/5575 5576/244/5576
f 5565/232/5565 5564/231/5564 5576/244/5576 5577/245/5577
f 5566/233/5566 5565/232/5565 5577/245/5577 5578/246/5578
f 5567/234/5567 5566/233/5566 5578/246/5578 5579/247/5579
f 5568/223/5568 5567/234/5567 5579/247/5579 5580/236/5580
f 5569/235/5569 5580/236/5580 5592/249/5592 5581/248/5581
f 5570/237/5570 5569/238/5569 5581/251/5581 5582/250/5582
f 5571/239/5571 5570/237/5570 5582/250/5582 5583/252/5583
f 5572/240/5572 5571/239/5571 5583/252/5583 5584/253/5584
f 5573/241/5573 5572/240/5572 5584/253/5584 5585/254/5585
f 5574/242/5574 5573/241/5573 5585/254/5585 5586/255/5586
f 5575/243/5575 5574/242/5574 5586/255/5586 5587/256/5587
f 5576/244/5576 5575/243/5575 5587/256/5587 5588/257/5588
f 5577/245/5577 5576/244/5576 5588/257/5588 5589/258/5589
f 5578/246/5578 5577/245/5577 5589/258/5589 5590/259/5590
f 5579/247/5579 5578/246/5578 5590/259/5590 5591/260/5591
f 5580/236/5580 5579/247/5579 5591/260/5591 5592/249/5592
f 5581/248/5581 5592/249/5592 5604/262/5604 5593/261/5593
f 5582/250/5582 5581/251/5581 5593/264/5593 5594/263/5594
f 5583/252/5583 5582/250/5582 5594/263/5594 5595/265/5595
f 5584/253/5584 5583/252/5583 5595/265/5595 5596/266/5596
f 5585/254/5585 5584/253/5584 5596/266/5596 5597/267/5597
f 5586/255/5586 5585/254/5585 5597/267/5597 5598/268/5598
f 5587/256/5587 5586/255/5586 5598/268/5598 5599/269/5599
f 5588/257/5588 5587/256/5587 5599/269/5599 5600/270/5600
f 5589/258/5589 5588/257/5588 5600/270/5600 5601/271/5601
f 5590/259/5590 5589/258/5589 5601/271/5601 5602/272/5602
f 5591/260/5591 5590/259/5590 5602/272/5602 5603/273/5603
f 5592/249/5592 5591/260/5591 5603/273/5603 5604/262/5604
f 5593/261/5593 5604/262/5604 5616/275/5616 5605/274/5605
f 5594/263/5594 5593/264/5593 5605/277/5605 5606/276/5606
f 5595/265/5595 5594/263/5594 5606/276/5606 5607/278/5607
f 5596/266/5596 5595/265/5595 5607/278/5607 5608/279/5608
f 5597/267/5597 5596/266/5596 5608/279/5608 5609/280/5609
f 5598/268/5598 5597/267/5597 5609/280/5609 5610/281/5610
f 5599/269/5599 5598/268/5598 5610/281/5610 5611/282/5611
f 5600/270/5600 5599/269/5599 5611/282/5611 5612/283/5612
f 5601/271/5601 5600/270/5600 5612/283/5612 5613/284/5613
f 5602/272/5602 5601/271/5601 5613/284/5613 5614/285/5614
f 5603/273/5603 5602/272/5602 5614/285/5614 5615/286/5615
f 5604/262/5604 5603/273/5603 5615/286/5615 5616/275/5616
f 5605/274/5605 5616/275/5616 5628/288/5628 5617/287/5617
f 5606/276/5606 5605/277/5605 5617/290/5617 5618/289/5618
f 5607/278/5607 5606/276/5606 5618/289/5618 5619/291/5619
f 5608/279/5608 5607/278/5607 5619/291/5619 5620/292/5620
f 5609/280/5609 5608/279/5608 5620/292/5620 5621/293/5621
f 5610/281/5610 5609/280/5609 5621/293/5621 5622/294/5622
f 5611/282/5611 5610/281/5610 5622/294/5622 5623/295/5623
f 5612/283/5612 5611/282/5611 5623/295/5623 5624/296/5624
f 5613/284/5613 5612/283/5612 5624/296/5624 5625/297/5625
f 5614/285/5614 5613/284/5613 5625/297/5625 5626/298/5626
f 5615/286/5615 5614/285/5614 5626/298/5626 5627/299/5627
f 5616/275/5616 5615/286/5615 5627/299/5627 5628/288/5628
f 5617/287/5617 5628/288/5628 5640/301/5640 5629/300/5629
f 5618/289/5618 5617/290/5617 5629/303/5629 5630/302/5630
f 5619/291/5619 5618/289/5618 5630/302/5630 5631/304/5631
f 5620/292/5620 5619/291/5619 5631/304/5631 5632/305/5632
f 5621/293/5621 5620/292/5620 5632/305/5632 5633/306/5633
f 5622/294/5622 5621/293/5621 5633/306/5633 5634/307/5634
f 5623/295/5623 5622/294/5622 5634/307/5634 5635/308/5635
f 5624/296/5624 5623/295/5623 5635/308/5635 5636/309/5636
f 5625/297/5625 5624/296/5624 5636/309/5636 5637/310/5637
f 5626/298/5626 5625/297/5625 5637/310/5637 5638/311/5638
f 5627/299/5627 5626/298/5626 5638/311/5638 5639/312/5639
f 5628/288/5628 5627/299/5627 5639/312/5639 5640/301/5640
f 5641/1/5641 5653/2/5653 5664/3/5664 5652/4/5652
f 5642/5/5642 5654/6/5654 5653/7/5653 5641/8/5641
f 5643/9/5643 5655/10/5655 5654/6/5654 5642/5/5642
f 5644/11/5644 5656/12/5656 5655/10/5655 5643/9/5643
f 5645/13/5645 5657/14/5657 5656/12/5656 5644/11/5644
f 5646/15/5646 5658/16/5658 5657/14/5657 5645/13/5645
f 5647/17/5647 5659/18/5659 5658/16/5658 5646/15/5646
f 5648/19/5648 5660/20/5660 5659/18/5659 5647/17/5647
f 5649/21/5649 5661/22/5661 5660/20/5660 5648/19/5648
f 5650/23/5650 5662/24/5662 5661/22/5661 5649/21/5649
f 5651/25/5651 5663/26/5663 5662/24/5662 5650/23/5650
f 5652/4/5652 5664/3/5664 5663/26/5663 5651/25/5651
f 5653/2/5653 5665/27/5665 5676/28/5676 5664/3/5664
f 5654/6/5654 5666/29/5666 5665/30/5665 5653/7/5653
f 5655/10/5655 5667/31/5667 5666/29/5666 5654/6/5654
f 5656/12/5656 5668/32/5668 5667/31/5667 5655/10/5655
f 5657/14/5657 5669/33/5669 5668/32/5668 5656/12/5656
f 5658/16/5658 5670/34/5670 5669/33/5669 5657/14/5657
f 5659/18/5659 5671/35/5671 5670/34/5670 5658/16/5658
f 5660/20/5660 5672/36/5672 5671/35/5671 5659/18/5659
f 5661/22/5661 5673/37/5673 5672/36/5672 5660/20/5660
f 5662/24/5662 5674/38/5674 5673/37/5673 5661/22/5661
f 5663/26/5663 5675/39/5675 5674/38/5674 5662/24/5662
f 5664/3/5664 5676/28/5676 5675/39/5675 5663/26/5663
f 5665/27/5665 5677/40/5677 5688/41/5688 5676/28/5676
f 5666/29/5666 5678/42/5678 5677/43/5677 5665/30/5665
f 5667/31/5667 5679/44/5679 5678/42/5678 5666/29/5666
f 5668/32/5668 5680/45/5680 5679/44/5679 5667/31/5667
f 5669/33/5669 5681/46/5681 5680/45/5680 5668/32/5668
f 5670/34/5670 5682/47/5682 5681/46/5681 5669/33/5669
f 5671/35/5671 5683/48/5683 5682/47/5682 5670/34/5670
f 5672/36/5672 5684/49/5684 5683/48/5683 5671/35/5671
f 5673/37/5673 5685/50/5685 5684/49/5684 5672/36/5672
f 5674/38/5674 5686/51/5686 5685/50/5685 5673/37/5673
f 5675/39/5675 5687/52/5687 5686/51/5686 5674/38/5674
f 5676/28/5676 5688/41/5688 5687/52/5687 5675/39/5675
f 5677/40/5677 5689/53/5689 5700/54/5700 5688/41/5688
f 5678/42/5678 5690/55/5690 5689/56/5689 5677/43/5677
f 5679/44/5679 5691/57/5691 5690/55/5690 5678/42/5678
f 5680/45/5680 5692/58/5692 5691/57/5691 5679/44/5679
f 5681/46/5681 5693/59/5693 5692/58/5692 5680/45/5680
f 5682/47/5682 5694/60/5694 5693/59/5693 5681/46/5681
f 5683/48/5683 5695/61/5695 5694/60/5694 5682/47/5682
f 5684/49/5684 5696/62/5696 5695/61/5695 5683/48/5683
f 5685/50/5685 5697/63/5697 5696/62/5696 5684/49/5684
f 5686/51/5686 5698/64/5698 5697/63/5697 5685/50/5685
f 5687/52/5687 5699/65/5699 5698/64/5698 5686/51/5686
f 5688/41/5688 5700/54/5700 5699/65/5699 5687/52/5687
f 5689/53/5689 5701/66/5701 5712/67/5712 5700/54/5700
f 5690/55/5690 5702/68/5702 5701/69/5701 5689/56/5689
f 5691/57/5691 5703/70/5703 5702/68/5702 5690/55/5690
f 5692/58/5692 5704/71/5704 5703/70/5703 5691/57/5691
f 5693/59/5693 5705/72/5705 5704/71/5704 5692/58/5692
f 5694/60/5694 5706/73/5706 5705/72/5705 5693/59/5693
f 5695/61/5695 5707/74/5707 5706/73/5706 5694/60/5694
f 5696/62/5696 5708/75/5708 5707/74/5707 5695/61/5695
f 5697/63/5697 5709/76/5709 5708/75/5708 5696/62/5696
f 5698/64/5698 5710/77/5710 5709/76/5709 5697/63/5697
f 5699/65/5699 5711/78/5711 5710/77/5710 5698/64/5698
f 5700/54/5700 5712/67/5712 5711/78/5711 5699/65/5699
f 5701/66/5701 5713/79/5713 5724/80/5724 5712/67/5712
f 5702/68/5702 5714/81/5714 5713/82/5713 5701/69/5701
f 5703/70/5703 5715/83/5715 5714/81/5714 5702/68/5702
f 5704/71/5704 5716/84/5716 5715/83/5715 5703/70/5703
f 5705/72/5705 5717/85/5717 5716/84/5716 5704/71/5704
f 5706/73/5706 5718/86/5718 5717/85/5717 5705/72/5705
f 5707/74/5707 5719/87/5719 5718/86/5718 5706/73/5706
f 5708/75/5708 5720/88/5720 5719/87/5719 5707/74/5707
f 5709/76/5709 5721/89/5721 5720/88/5720 5708/75/5708
f 5710/77/5710 5722/90/5722 5721/89/5721 5709/76/5709
f 5711/78/5711 5723/91/5723 5722/90/5722 5710/77/5710
f 5712/67/5712 5724/80/5724 5723/91/5723 5711/78/5711
f 5713/79/5713 5725/92/5725 5736/93/5736 5724/80/5724
f 5714/81/5714 5726/94/5726 5725/95/5725 5713/82/5713
f 5715/83/5715 5727/96/5727 5726/94/5726 5714/81/5714
f 5716/84/5716 5728/97/5728 5727/96/5727 5715/83/5715
f 5717/85/5717 5729/98/5729 5728/97/5728 5716/84/5716
f 5718/86/5718 5730/99/5730 5729/98/5729 5717/85/5717
f 5719/87/5719 5731/100/5731 5730/99/5730 5718/86/5718
f 5720/88/5720 5732/101/5732 5731/100/5731 5719/87/5719
f 5721/89/5721 5733/102/5733 5732/101/5732 5720/88/5720
f 5722/90/5722 5734/103/5734 5733/102/5733 5721/89/5721
f 5723/91/5723 5735/104/5735 5734/103/5734 5722/90/5722
f 5724/80/5724 5736/93/5736 5735/104/5735 5723/91/5723
f 5725/92/5725 5737/105/5737 5748/106/5748 5736/93/5736
f 5726/94/5726 5738/107/5738 5737/108/5737 5725/95/5725
f 5727/96/5727 5739/109/5739 5738/107/5738 5726/94/5726
f 5728/97/5728 5740/110/5740 5739/109/5739 5727/96/5727
f 5729/98/5729 5741/111/5741 5740/110/5740 5728/97/5728
f 5730/99/5730 5742/112/5742 5741/111/5741 5729/98/5729
f 5731/100/5731 5743/113/5743 5742/112/5742 5730/99/5730
f 5732/101/5732 5744/114/5744 5743/113/5743 5731/100/5731
f 5733/102/5733 5745/115/5745 5744/114/5744 5732/101/5732
f 5734/103/5734 5746/116/5746 5745/115/5745 5733/102/5733
f 5735/104/5735 5747/117/5747 5746/116/5746 5734/103/5734
f 5736/93/5736 5748/106/5748 5747/117/5747 5735/104/5735
f 5737/105/5737 5749/118/5749 5760/119/5760 5748/106/5748
f 5738/107/5738 5750/120/5750 5749/121/5749 5737/108/5737
f 5739/109/5739 5751/122/5751 5750/120/5750 5738/107/5738
f 5740/110/5740 5752/123/5752 5751/122/5751 5739/109/5739
f 5741/111/5741 5753/124/5753 5752/123/5752 5740/110/5740
f 5742/112/5742 5754/125/5754 5753/124/5753 5741/111/5741
f 5743/113/5743 5755/126/5755 5754/125/5754 5742/112/5742
f 5744/114/5744 5756/127/5756 5755/126/5755 5743/113/5743
f 5745/115/5745 5757/128/5757 5756/127/5756 5744/114/5744
f 5746/116/5746 5758/129/5758 5757/128/5757 5745/115/5745
f 5747/117/5747 5759/130/5759 5758/129/5758 5746/116/5746
f 5748/106/5748 5760/119/5760 5759/130/5759 5747/117/5747
f 5749/118/5749 5761/131/5761 5772/132/5772 5760/119/5760
f 5750/120/5750 5762/133/5762 5761/134/5761 5749/121/5749
f 5751/122/5751 5763/135/5763 5762/133/5762 5750/120/5750
f 5752/123/5752 5764/136/5764 5763/135/5763 5751/122/5751
f 5753/124/5753 5765/137/5765 5764/136/5764 5752/123/5752
f 5754/125/5754 5766/138/5766 5765/137/5765 5753/124/5753
f 5755/126/5755 5767/139/5767 5766/138/5766 5754/125/5754
f 5756/127/5756 5768/140/5768 5767/139/5767 5755/126/5755
f 5757/128/5757 5769/141/5769 5768/140/5768 5756/127/5756
f 5758/129/5758 5770/142/5770 5769/141/5769 5757/128/5757
f 5759/130/5759 5771/143/5771 5770/142/5770 5758/129/5758
f 5760/119/5760 5772/132/5772 5771/143/5771 5759/130/5759
f 5761/131/5761 5773/144/5773 5784/145/5784 5772/132/5772
f 5762/133/5762 5774/146/5774 5773/147/5773 5761/134/5761
f 5763/135/5763 5775/148/5775 5774/146/5774 5762/133/5762
f 5764/136/5764 5776/149/5776 5775/148/5775 5763/135/5763
f 5765/137/5765 5777/150/5777 5776/149/5776 5764/136/5764
f 5766/138/5766 5778/151/5778 5777/150/5777 5765/137/5765
f 5767/139/5767 5779/152/5779 5778/151/5778 5766/138/5766
f 5768/140/5768 5780/153/5780 5779/152/5779 5767/139/5767
f 5769/141/5769 5781/154/5781 5780/153/5780 5768/140/5768
f 5770/142/5770 5782/155/5782 5781/154/5781 5769/141/5769
f 5771/143/5771 5783/156/5783 5782/155/5782 5770/142/5770
f 5772/132/5772 5784/145/5784 5783/156/5783 5771/143/5771
f 5773/144/5773 5785/157/5785 5796/158/5796 5784/145/5784
f 5774/146/5774 5786/159/5786 5785/160/5785 5773/147/5773
f 5775/148/5775 5787/161/5787 5786/159/5786 5774/146/5774
f 5776/149/5776 5788/162/5788 5787/161/5787 5775/148/5775
f 5777/150/5777 5789/163/5789 5788/162/5788 5776/149/5776
f 5778/151/5778 5790/164/5790 5789/163/5789 5777/150/5777
f 5779/152/5779 5791/165/5791 5790/164/5790 5778/151/5778
f 5780/153/5780 5792/166/5792 5791/165/5791 5779/152/5779
f 5781/154/5781 5793/167/5793 5792/166/5792 5780/153/5780
f 5782/155/5782 5794/168/5794 5793/167/5793 5781/154/5781
f 5783/156/5783 5795/169/5795 5794/168/5794 5782/155/5782
f 5784/145/5784 5796/158/5796 5795/169/5795 5783/156/5783
f 5785/157/5785 5797/170/5797 5808/171/5808 5796/158/5796
f 5786/159/5786 5798/172/5798 5797/173/5797 5785/160/5785
f 5787/161/5787 5799/174/5799 5798/172/5798 5786/159/5786
f 5788/162/5788 5800/175/5800 5799/174/5799 5787/161/5787
f 5789/163/5789 5801/176/5801 5800/175/5800 5788/162/5788
f 5790/164/5790 5802/177/5802 5801/176/5801 5789/163/5789
f 5791/165/5791 5803/178/5803 5802/177/5802 5790/164/5790
f 5792/166/5792 5804/179/5804 5803/178/5803 5791/165/5791
f 5793/167/5793 5805/180/5805 5804/179/5804 5792/166/5792
f 5794/168/5794 5806/181/5806 5805/180/5805 5793/167/5793
f 5795/169/5795 5807/182/5807 5806/181/5806 5794/168/5794
f 5796/158/5796 5808/171/5808 5807/182/5807 5795/169/5795
f 5797/170/5797 5809/183/5809 5820/184/5820 5808/171/5808
f 5798/172/5798 5810/185/5810 5809/186/5809 5797/173/5797
f 5799/174/5799 5811/187/5811 5810/185/5810 5798/172/5798
f 5800/175/5800 5812/188/5812 5811/187/5811 5799/174/5799
f 5801/176/5801 5813/189/5813 5812/188/5812 5800/175/5800
f 5802/177/5802 5814/190/5814 5813/189/5813 5801/176/5801
f 5803/178/5803 5815/191/5815 5814/190/5814 5802/177/5802
f 5804/179/5804 5816/192/5816 5815/191/5815 5803/178/5803
f 5805/180/5805 5817/193/5817 5816/192/5816 5804/179/5804
f 5806/181/5806 5818/194/5818 5817/193/5817 5805/180/5805
f 5807/182/5807 5819/195/5819 5818/194/5818 5806/181/5806
f 5808/171/5808 5820/184/5820 5819/195/5819 5807/182/5807
f 5809/183/5809 5821/196/5821 5832/197/5832 5820/184/5820
f 5810/185/5810 5822/198/5822 5821/199/5821 5809/186/5809
f 5811/187/5811 5823/200/5823 5822/198/5822 5810/185/5810
f 5812/188/5812 5824/201/5824 5823/200/5823 5811/187/5811
f 5813/189/5813 5825/202/5825 5824/201/5824 5812/188/5812
f 5814/190/5814 5826/203/5826 5825/202/5825 5813/189/5813
f 5815/191/5815 5827/204/5827 5826/203/5826 5814/190/5814
f 5816/192/5816 5828/205/5828 5827/204/5827 5815/191/5815
f 5817/193/5817 5829/206/5829 5828/205/5828 5816/192/5816
f 5818/194/5818 5830/207/5830 5829/206/5829 5817/193/5817
f 5819/195/5819 5831/208/5831 5830/207/5830 5818/194/5818
f 5820/184/5820 5832/197/5832 5831/208/5831 5819/195/5819
f 5821/196/5821 5833/209/5833 5844/210/5844 5832/197/5832
f 5822/198/5822 5834/211/5834 5833/212/5833 5821/199/5821
f 5823/200/5823 5835/213/5835 5834/211/5834 5822/198/5822
f 5824/201/5824 5836/214/5836 5835/213/5835 5823/200/5823
f 5825/202/5825 5837/215/5837 5836/214/5836 5824/201/5824
f 5826/203/5826 5838/216/5838 5837/215/5837 5825/202/5825
f 5827/204/5827 5839/217/5839 5838/216/5838 5826/203/5826
f 5828/205/5828 5840/218/5840 5839/217/5839 5827/204/5827
f 5829/206/5829 5841/219/5841 5840/218/5840 5828/205/5828
f 5830/207/5830 5842/220/5842 5841/219/5841 5829/206/5829
f 5831/208/5831 5843/221/5843 5842/220/5842 5830/207/5830
f 5832/197/5832 5844/210/5844 5843/221/5843 5831/208/5831
f 5833/209/5833 5845/222/5845 5856/223/5856 5844/210/5844
f 5834/211/5834 5846/224/5846 5845/225/5845 5833/212/5833
f 5835/213/5835 5847/226/5847 5846/224/5846 5834/211/5834
f 5836/214/5836 5848/227/5848 5847/226/5847 5835/213/5835
f 5837/215/5837 5849/228/5849 5848/227/5848 5836/214/5836
f 5838/216/5838 5850/229/5850 5849/228/5849 5837/215/5837
f 5839/217/5839 5851/230/5851 5850/229/5850 5838/216/5838
f 5840/218/5840 5852/231/5852 5851/230/5851 5839/217/5839
f 5841/219/5841 5853/232/5853 5852/231/5852 5840/218/5840
f 5842/220/5842 5854/233/5854 5853/232/5853 5841/219/5841
f 5843/221/5843 5855/234/5855 5854/233/5854 5842/220/5842
f 5844/210/5844 5856/223/5856 5855/234/5855 5843/221/5843
f 5845/222/5845 5857/235/5857 5868/236/5868 5856/223/5856
f 5846/224/5846 5858/237/5858 5857/238/5857 5845/225/5845
f 5847/226/5847 5859/239/5859 5858/237/5858 5846/224/5846
f 5848/227/5848 5860/240/5860 5859/239/5859 5847/226/5847
f 5849/228/5849 5861/241/5861 5860/240/5860 5848/227/5848
f 5850/229/5850 5862/242/5862 5861/241/5861 5849/228/5849
f 5851/230/5851 5863/243/5863 5862/242/5862 5850/229/5850
f 5852/231/5852 5864/244/5864 5863/243/5863 5851/230/5851
f 5853/232/5853 5865/245/5865 5864/244/5864 5852/231/5852
f 5854/233/5854 5866/246/5866 5865/245/5865 5853/232/5853
f 5855/234/5855 5867/247/5867 5866/246/5866 5854/233/5854
f 5856/223/5856 5868/236/5868 5867/247/5867 5855/234/5855
f 5857/235/5857 5869/248/5869 5880/249/5880 5868/236/5868
f 5858/237/5858 5870/250/5870 5869/251/5869 5857/238/5857
f 5859/239/5859 5871/252/5871 5870/250/5870 5858/237/5858
f 5860/240/5860 5872/253/5872 5871/252/5871 5859/239/5859
f 5861/241/5861 5873/254/5873 5872/253/5872 5860/240/5860
f 5862/242/5862 5874/255/5874 5873/254/5873 5861/241/5861
f 5863/243/5863 5875/256/5875 5874/255/5874 5862/242/5862
f 5864/244/5864 5876/257/5876 5875/256/5875 5863/243/5863
f 5865/245/5865 5877/258/5877 5876/257/5876 5864/244/5864
f 5866/246/5866 5878/259/5878 5877/258/5877 5865/245/5865
f 5867/247/5867 5879/260/5879 5878/259/5878 5866/246/5866
f 5868/236/5868 5880/249/5880 5879/260/5879 5867/247/5867
f 5869/248/5869 5881/261/5881 5892/262/5892 5880/249/5880
f 5870/250/5870 5882/263/5882 5881/264/5881 5869/251/5869
f 5871/252/5871 5883/265/5883 5882/263/5882 5870/250/5870
f 5872/253/5872 5884/266/5884 5883/265/5883 5871/252/5871
f 5873/254/5873 5885/267/5885 5884/266/5884 5872/253/5872
f 5874/255/5874 5886/268/5886 5885/267/5885 5873/254/5873
f 5875/256/5875 5887/269/5887 5886/268/5886 5874/255/5874
f 5876/257/5876 5888/270/5888 5887/269/5887 5875/256/5875
f 5877/258/5877 5889/271/5889 5888/270/5888 5876/257/5876
f 5878/259/5878 5890/272/5890 5889/271/5889 5877/258/5877
f 5879/260/5879 5891/273/5891 5890/272/5890 5878/259/5878
f 5880/249/5880 5892/262/5892 5891/273/5891 5879/260/5879
f 5881/261/5881 5893/274/5893 5904/275/5904 5892/262/5892
f 5882/263/5882 5894/276/5894 5893/277/5893 5881/264/5881
f 5883/265/5883 5895/278/5895 5894/276/5894 5882/263/5882
f 5884/266/5884 5896/279/5896 5895/278/5895 5883/265/5883
f 5885/267/5885 5897/280/5897 5896/279/5896 5884/266/5884
f 5886/268/5886 5898/281/5898 5897/280/5897 5885/267/5885
f 5887/269/5887 5899/282/5899 5898/281/5898 5886/268/5886
f 5888/270/5888 5900/283/5900 5899/282/5899 5887/269/5887
f 5889/271/5889 5901/284/5901 5900/283/5900 5888/270/5888
f 5890/272/5890 5902/285/5902 5901/284/5901 5889/271/5889
f 5891/273/5891 5903/286/5903 5902/285/5902 5890/272/5890
f 5892/262/5892 5904/275/5904 5903/286/5903 5891/273/5891
f 5893/274/5893 5905/287/5905 5916/288/5916 5904/275/5904
f 5894/276/5894 5906/289/5906 5905/290/5905 5893/277/5893
f 5895/278/5895 5907/291/5907 5906/289/5906 5894/276/5894
f 5896/279/5896 5908/292/5908 5907/291/5907 5895/278/5895
f 5897/280/5897 5909/293/5909 5908/292/5908 5896/279/5896
f 5898/281/5898 5910/294/5910 5909/293/5909 5897/280/5897
f 5899/282/5899 5911/295/5911 5910/294/5910 5898/281/5898
f 5900/283/5900 5912/296/5912 5911/295/5911 5899/282/5899
f 5901/284/5901 5913/297/5913 5912/296/5912 5900/283/5900
f 5902/285/5902 5914/298/5914 5913/297/5913 5901/284/5901
f 5903/286/5903 5915/299/5915 5914/298/5914 5902/285/5902
f 5904/275/5904 5916/288/5916 5915/299/5915 5903/286/5903
f 5905/287/5905 5917/300/5917 5928/301/5928 5916/288/5916
f 5906/289/5906 5918/302/5918 5917/303/5917 5905/290/5905
f 5907/291/5907 5919/304/5919 5918/302/5918 5906/289/5906
f 5908/292/5908 5920/305/5920 5919/304/5919 5907/291/5907
f 5909/293/5909 5921/306/5921 5920/305/5920 5908/292/5908
f 5910/294/5910 5922/307/5922 5921/306/5921 5909/293/5909
f 5911/295/5911 5923/308/5923 5922/307/5922 5910/294/5910
f 5912/296/5912 5924/309/5924 5923/308/5923 5911/295/5911
f 5913/297/5913 5925/310/5925 5924/309/5924 5912/296/5912
f 5914/298/5914 5926/311/5926 5925/310/5925 5913/297/5913
f 5915/299/5915 5927/312/5927 5926/311/5926 5914/298/5914
f 5916/288/5916 5928/301/5928 5927/312/5927 5915/299/5915
f 5641/1/5641 5652/4/5652 5940/3/5940 5929/2/5929
f 5642/5/5642 5641/8/5641 5929/7/5929 5930/6/5930
f 5643/9/5643 5642/5/5642 5930/6/5930 5931/10/5931
f 5644/11/5644 5643/9/5643 5931/10/5931 5932/12/5932
f 5645/13/5645 5644/11/5644 5932/12/5932 5933/14/5933
f 5646/15/5646 5645/13/5645 5933/14/5933 5934/16/5934
f 5647/17/5647 5646/15/5646 5934/16/5934 5935/18/5935
f 5648/19/5648 5647/17/5647 5935/18/5935 5936/20/5936
f 5649/21/5649 5648/19/5648 5936/20/5936 5937/22/5937
f 5650/23/5650 5649/21/5649 5937/22/5937 5938/24/5938
f 5651/25/5651 5650/23/5650 5938/24/5938 5939/26/5939
f 5652/4/5652 5651/25/5651 5939/26/5939 5940/3/5940
f 5929/2/5929 5940/3/5940 5952/28/5952 5941/27/5941
f 5930/6/5930 5929/7/5929 5941/30/5941 5942/29/5942
f 5931/10/5931 5930/6/5930 5942/29/5942 5943/31/5943
f 5932/12/5932 5931/10/5931 5943/31/5943 5944/32/5944
f 5933/14/5933 5932/12/5932 5944/32/5944 5945/33/5945
f 5934/16/5934 5933/14/5933 5945/33/5945 5946/34/5946
f 5935/18/5935 5934/16/5934 5946/34/5946 5947/35/5947
f 5936/20/5936 5935/18/5935 5947/35/5947 5948/36/5948
f 5937/22/5937 5936/20/5936 5948/36/5948 5949/37/5949
f 5938/24/5938 5937/22/5937 5949/37/5949 5950/38/5950
f 5939/26/5939 5938/24/5938 5950/38/5950 5951/39/5951
f 5940/3/5940 5939/26/5939 5951/39/5951 5952/28/5952
f 5941/27/5941 5952/28/5952 5964/41/5964 5953/40/5953
f 5942/29/5942 5941/30/5941 5953/43/5953 5954/42/5954
f 5943/31/5943 5942/29/5942 5954/42/5954 5955/44/5955
f 5944/32/5944 5943/31/5943 5955/44/5955 5956/45/5956
f 5945/33/5945 5944/32/5944 5956/45/5956 5957/46/5957
f 5946/34/5946 5945/33/5945 5957/46/5957 5958/47/5958
f 5947/35/5947 5946/34/5946 5958/47/5958 5959/48/5959
f 5948/36/5948 5947/35/5947 5959/48/5959 5960/49/5960
f 5949/37/5949 5948/36/5948 5960/49/5960 5961/50/5961
f 5950/38/5950 5949/37/5949 5961/50/5961 5962/51/5962
f 5951/39/5951 5950/38/5950 5962/51/5962 5963/52/5963
f 5952/28/5952 5951/39/5951 5963/52/5963 5964/41/5964
f 5953/40/5953 5964/41/5964 5976/54/5976 5965/53/5965
f 5954/42/5954 5953/43/5953 5965/56/5965 5966/55/5966
f 5955/44/5955 5954/42/5954 5966/55/5966 5967/57/5967
f 5956/45/5956 5955/44/5955 5967/57/5967 5968/58/5968
f 5957/46/5957 5956/45/5956 5968/58/5968 5969/59/5969
f 5958/47/5958 5957/46/5957 5969/59/5969 5970/60/5970
f 5959/48/5959 5958/47/5958 5970/60/5970 5971/61/5971
f 5960/49/5960 5959/48/5959 5971/61/5971 5972/62/5972
f 5961/50/5961 5960/49/5960 5972/62/5972 5973/63/5973
f 5962/51/5962 5961/50/5961 5973/63/5973 5974/64/5974
f 5963/52/5963 5962/51/5962 5974/64/5974 5975/65/5975
f 5964/41/5964 5963/52/5963 5975/65/5975 5976/54/5976
f 5965/53/5965 5976/54/5976 5988/67/5988 5977/66/5977
f 5966/55/5966 5965/56/5965 5977/69/5977 5978/68/5978
f 5967/57/5967 5966/55/5966 5978/68/5978 5979/70/5979
f 5968/58/5968 5967/57/5967 5979/70/5979 5980/71/5980
f 5969/59/5969 5968/58/5968 5980/71/5980 5981/72/5981
f 5970/60/5970 5969/59/5969 5981/72/5981 5982/73/5982
f 5971/61/5971 5970/60/5970 5982/73/5982 5983/74/5983
f 5972/62/5972 5971/61/5971 5983/74/5983 5984/75/5984
f 5973/63/5973 5972/62/5972 5984/75/5984 5985/76/5985
f 5974/64/5974 5973/63/5973 5985/76/5985 5986/77/5986
f 5975/65/5975 5974/64/5974 5986/77/5986 5987/78/5987
f 5976/54/5976 5975/65/5975 5987/78/5987 5988/67/5988
f 5977/66/5977 5988/67/5988 6000/80/6000 5989/79/5989
f 5978/68/5978 5977/69/5977 5989/82/5989 5990/81/5990
f 5979/70/5979 5978/68/5978 5990/81/5990 5991/83/5991
f 5980/71/5980 5979/70/5979 5991/83/5991 5992/84/5992
f 5981/72/5981 5980/71/5980 5992/84/5992 5993/85/5993
f 5982/73/5982 5981/72/5981 5993/85/5993 5994/86/5994
f 5983/74/5983 5982/73/5982 5994/86/5994 5995/87/5995
f 5984/75/5984 5983/74/5983 5995/87/5995 5996/88/5996
f 5985/76/5985 5984/75/5984 5996/88/5996 5997/89/5997
f 5986/77/5986 5985/76/5985 5997/89/5997 5998/90/5998
f 5987/78/5987 5986/77/5986 5998/90/5998 5999/91/5999
f 5988/67/5988 5987/78/5987 5999/91/5999 6000/80/6000
f 5989/79/5989 6000/80/6000 6012/93/6012 6001/92/6001
f 5990/81/5990 5989/82/5989 6001/95/6001 6002/94/6002
f 5991/83/5991 5990/81/5990 6002/94/6002 6003/96/6003
f 5992/84/5992 5991/83/5991 6003/96/6003 6004/97/6004
f 5993/85/5993 5992/84/5992 6004/97/6004 6005/98/6005
f 5994/86/5994 5993/85/5993 6005/98/6005 6006/99/6006
f 5995/87/5995 5994/86/5994 6006/99/6006 6007/100/6007
f 5996/88/5996 5995/87/5995 6007/100/6007 6008/101/6008
f 5997/89/5997 5996/88/5996 6008/101/6008 6009/102/6009
f 5998/90/5998 5997/89/5997 6009/102/6009 6010/103/6010
f 5999/91/5999 5998/90/5998 6010/103/6010 6011/104/6011
f 6000/80/6000 5999/91/5999 6011/104/6011 6012/93/6012
f 6001/92/6001 6012/93/6012 6024/106/6024 6013/105/6013
f 6002/94/6002 6001/95/6001 6013/108/6013 6014/107/6014
f 6003/96/6003 6002/94/6002 6014/107/6014 6015/109/6015
f 6004/97/6004 6003/96/6003 6015/109/6015 6016/110/6016
f 6005/98/6005 6004/97/6004 6016/110/6016 6017/111/6017
f 6006/99/6006 6005/98/6005 6017/111/6017 6018/112/6018
f 6007/100/6007 6006/99/6006 6018/112/6018 6019/113/6019
f 6008/101/6008 6007/100/6007 6019/113/6019 6020/114/6020
f 6009/102/6009 6008/101/6008 6020/114/6020 6021/115/6021
f 6010/103/6010 6009/102/6009 6021/115/6021 6022/116/6022
f 6011/104/6011 6010/103/6010 6022/116/6022 6023/117/6023
f 6012/93/6012 6011/104/6011 6023/117/6023 6024/106/6024
f 6013/105/6013 6024/106/6024 6036/119/6036 6025/118/6025
f 6014/107/6014 6013/108/6013 6025/121/6025 6026/120/6026
f 6015/109/6015 6014/107/6014 6026/120/6026 6027/122/6027
f 6016/110/6016 6015/109/6015 6027/122/6027 6028/123/6028
f 6017/111/6017 6016/110/6016 6028/123/6028 6029/124/6029
f 6018/112/6018 6017/111/6017 6029/124/6029 6030/125/6030
f 6019/113/6019 6018/112/6018 6030/125/6030 6031/126/6031
f 6020/114/6020 6019/113/6019 6031/126/6031 6032/127/6032
f 6021/115/6021 6020/114/6020 6032/127/6032 6033/128/6033
f 6022/116/6022 6021/115/6021 6033/128/6033 6034/129/6034
f 6023/117/6023 6022/116/6022 6034/129/6034 6035/130/6035
f 6024/106/6024 6023/117/6023 6035/130/6035 6036/119/6036
f 6025/118/6025 6036/119/6036 6048/132/6048 6037/131/6037
f 6026/120/6026 6025/121/6025 6037/134/6037 6038/133/6038
f 6027/122/6027 6026/120/6026 6038/133/6038 6039/135/6039
f 6028/123/6028 6027/122/6027 6039/135/6039 6040/136/6040
f 6029/124/6029 6028/123/6028 6040/136/6040 6041/137/6041
f 6030/125/6030 6029/124/6029 6041/137/6041 6042/138/6042
f 6031/126/6031 6030/125/6030 6042/138/6042 6043/139/6043
f 6032/127/6032 6031/126/6031 6043/139/6043 6044/140/6044
f 6033/128/6033 6032/127/6032 6044/140/6044 6045/141/6045
f 6034/129/6034 6033/128/6033 6045/141/6045 6046/142/6046
f 6035/130/6035 6034/129/6034 6046/142/6046 6047/143/6047
f 6036/119/6036 6035/130/6035 6047/143/6047 6048/132/6048
f 6037/131/6037 6048/132/6048 6060/145/6060 6049/144/6049
f 6038/133/6038 6037/134/6037 6049/147/6049 6050/146/6050
f 6039/135/6039 6038/133/6038 6050/146/6050 6051/148/6051
f 6040/136/6040 6039/135/6039 6051/148/6051 6052/149/6052
f 6041/137/6041 6040/136/6040 6052/149/6052 6053/150/6053
f 6042/138/6042 6041/137/6041 6053/150/6053 6054/151/6054
f 6043/139/6043 6042/138/6042 6054/151/6054 6055/152/6055
f 6044/140/6044 6043/139/6043 6055/152/6055 6056/153/6056
f 6045/141/6045 6044/140/6044 6056/153/6056 6057/154/6057
f 6046/142/6046 6045/141/6045 6057/154/6057 6058/155/6058
f 6047/143/6047 6046/142/6046 6058/155/6058 6059/156/6059
f 6048/132/6048 6047/143/6047 6059/156/6059 6060/145/6060
f 6049/144/6049 6060/145/6060 6072/158/6072 6061/157/6061
f 6050/146/6050 6049/147/6049 6061/160/6061 6062/159/6062
f 6051/148/6051 6050/146/6050 6062/159/6062 6063/161/6063
f 6052/149/6052 6051/148/6051 6063/161/6063 6064/162/6064
f 6053/150/6053 6052/149/6052 6064/162/6064 6065/163/6065
f 6054/151/6054 6053/150/6053 6065/163/6065 6066/164/6066
f 6055/152/6055 6054/151/6054 6066/164/6066 6067/165/6067
f 6056/153/6056 6055/152/6055 6067/165/6067 6068/166/6068
f 6057/154/6057 6056/153/6056 6068/166/6068 6069/167/6069
f 6058/155/6058 6057/154/6057 6069/167/6069 6070/168/6070
f 6059/156/6059 6058/155/6058 6070/168/6070 6071/169/6071
f 6060/145/6060 6059/156/6059 6071/169/6071 6072/158/6072
f 6061/157/6061 6072/158/6072 6084/171/6084 6073/170/6073
f 6062/159/6062 6061/160/6061 6073/173/6073 6074/172/6074
f 6063/161/6063 6062/159/6062 6074/172/6074 6075/174/6075
f 6064/162/6064 6063/161/6063 6075/174/6075 6076/175/6076
f 6065/163/6065 6064/162/6064 6076/175/6076 6077/176/6077
f 6066/164/6066 6065/163/6065 6077/176/6077 6078/177/6078
f 6067/165/6067 6066/164/6066 6078/177/6078 6079/178/6079
f 6068/166/6068 6067/165/6067 6079/178/6079 6080/179/6080
f 6069/167/6069 6068/166/6068 6080/179/6080 6081/180/6081
f 6070/168/6070 6069/167/6069 6081/180/6081 6082/181/6082
f 6071/169/6071 6070/168/6070 6082/181/6082 6083/182/6083
f 6072/158/6072 6071/169/6071 6083/182/6083 6084/171/6084
f 6073/170/6073 6084/171/6084 6096/184/6096 6085/183/6085
f 6074/172/6074 6073/173/6073 6085/186/6085 6086/185/6086
f 6075/174/6075 6074/172/6074 6086/185/6086 6087/187/6087
f 6076/175/6076 6075/174/6075 6087/187/6087 6088/188/6088
f 6077/176/6077 6076/175/6076 6088/188/6088 6089/189/6089
f 6078/177/6078 6077/176/6077 6089/189/6089 6090/190/6090
f 6079/178/6079 6078/177/6078 6090/190/6090 6091/191/6091
f 6080/179/6080 6079/178/6079 6091/191/6091 6092/192/6092
f 6081/180/6081 6080/179/6080 6092/192/6092 6093/193/6093
f 6082/181/6082 6081/180/6081 6093/193/6093 6094/194/6094
f 6083/182/6083 6082/181/6082 6094/194/6094 6095/195/6095
f 6084/171/6084 6083/182/6083 6095/195/6095 6096/184/6096
f 6085/183/6085 6096/184/6096 6108/197/6108 6097/196/6097
f 6086/185/6086 6085/186/6085 6097/199/6097 6098/198/6098
f 6087/187/6087 6086/185/6086 6098/198/6098 6099/200/6099
f 6088/188/6088 6087/187/6087 6099/200/6099 6100/201/6100
f 6089/189/6089 6088/188/6088 6100/201/6100 6101/202/6101
f 6090/190/6090 6089/189/6089 6101/202/6101 6102/203/6102
f 6091/191/6091 6090/190/6090 6102/203/6102 6103/204/6103
f 6092/192/6092 6091/191/6091 6103/204/6103 6104/205/6104
f 6093/193/6093 6092/192/6092 6104/205/6104 6105/206/6105
f 6094/194/6094 6093/193/6093 6105/206/6105 6106/207/6106
f 6095/195/6095 6094/194/6094 6106/207/6106 6107/208/6107
f 6096/184/6096 6095/195/6095 6107/208/6107 6108/197/6108
f 6097/196/6097 6108/197/6108 6120/210/6120 6109/209/6109
f 6098/198/6098 6097/199/6097 6109/212/6109 6110/211/6110
f 6099/200/6099 6098/198/6098 6110/211/6110 6111/213/6111
f 6100/201/6100 6099/200/6099 6111/213/6111 6112/214/6112
f 6101/202/6101 6100/201/6100 6112/214/6112 6113/215/6113
f 6102/203/6102 6101/202/6101 6113/215/6113 6114/216/6114
f 6103/204/6103 6102/203/6102 6114/216/6114 6115/217/6115
f 6104/205/6104 6103/204/6103 6115/217/6115 6116/218/6116
f 6105/206/6105 6104/205/6104 6116/218/6116 6117/219/6117
f 6106/207/6106 6105/206/6105 6117/219/6117 6118/220/6118
f 6107/208/6107 6106/207/6106 6118/220/6118 6119/221/6119
f 6108/197/6108 6107/208/6107 6119/221/6119 6120/210/6120
f 6109/209/6109 6120/210/6120 6132/223/6132 6121/222/6121
f 6110/211/6110 6109/212/6109 6121/225/6121 6122/224/6122
f 6111/213/6111 6110/211/6110 6122/224/6122 6123/226/6123
f 6112/214/6112 6111/213/6111 6123/226/6123 6124/227/6124
f 6113/215/6113 6112/214/6112 6124/227/6124 6125/228/6125
f 6114/216/6114 6113/215/6113 6125/228/6125 6126/229/6126
f 6115/217/6115 6114/216/6114 6126/229/6126 6127/230/6127
f 6116/218/6116 6115/217/6115 6127/230/6127 6128/231/6128
f 6117/219/6117 6116/218/6116 6128/231/6128 6129/232/6129
f 6118/220/6118 6117/219/6117 6129/232/6129 6130/233/6130
f 6119/221/6119 6118/220/6118 6130/233/6130 6131/234/6131
f 6120/210/6120 6119/221/6119 6131/234/6131 6132/223/6132
f 6121/222/6121 6132/223/6132 6144/236/6144 6133/235/6133
f 6122/224/6122 6121/225/6121 6133/238/6133 6134/237/6134
f 6123/226/6123 6122/224/6122 6134/237/6134 6135/239/6135
f 6124/227/6124 6123/226/6123 6135/239/6135 6136/240/6136
f 6125/228/6125 6124/227/6124 6136/240/6136 6137/241/6137
f 6126/229/6126 6125/228/6125 6137/241/6137 6138/242/6138
f 6127/230/6127 6126/229/6126 6138/242/6138 6139/243/6139
f 6128/231/6128 6127/230/6127 6139/243/6139 6140/244/6140
f 6129/232/6129 6128/231/6128 6140/244/6140 6141/245/6141
f 6130/233/6130 6129/232/6129 6141/245/6141 6142/246/6142
f 6131/234/6131 6130/233/6130 6142/246/6142 6143/247/6143
f 6132/223/6132 6131/234/6131 6143/247/6143 6144/236/6144
f 6133/235/6133 6144/236/6144 6156/249/6156 6145/248/6145
f 6134/237/6134 6133/238/6133 6145/251/6145 6146/250/6146
f 6135/239/6135 6134/237/6134 6146/250/6146 6147/252/6147
f 6136/240/6136 6135/239/6135 6147/252/6147 6148/253/6148
f 6137/241/6137 6136/240/6136 6148/253/6148 6149/254/6149
f 6138/242/6138 6137/241/6137 6149/254/6149 6150/255/6150
f 6139/243/6139 6138/242/6138 6150/255/6150 6151/256/6151
f 6140/244/6140 6139/243/6139 6151/256/6151 6152/257/6152
f 6141/245/6141 6140/244/6140 6152/257/6152 6153/258/6153
f 6142/246/6142 6141/245/6141 6153/258/6153 6154/259/6154
f 6143/247/6143 6142/246/6142 6154/259/6154 6155/260/6155
f 6144/236/6144 6143/247/6143 6155/260/6155 6156/249/6156
f 6145/248/6145 6156/249/6156 6168/262/6168 6157/261/6157
f 6146/250/6146 6145/251/6145 6157/264/6157 6158/263/6158
f 6147/252/6147 6146/250/6146 6158/263/6158 6159/265/6159
f 6148/253/6148 6147/252/6147 6159/265/6159 6160/266/6160
f 6149/254/6149 6148/253/6148 6160/266/6160 6161/267/6161
f 6150/255/6150 6149/254/6149 6161/267/6161 6162/268/6162
f 6151/256/6151 6150/255/6150 6162/268/6162 6163/269/6163
f 6152/257/6152 6151/256/6151 6163/269/6163 6164/270/6164
f 6153/258/6153 6152/257/6152 6164/270/6164 6165/271/6165
f 6154/259/6154 6153/258/6153 6165/271/6165 6166/272/6166
f 6155/260/6155 6154/259/6154 6166/272/6166 6167/273/6167
f 6156/249/6156 6155/260/6155 6167/273/6167 6168/262/6168
f 6157/261/6157 6168/262/6168 6180/275/6180 6169/274/6169
f 6158/263/6158 6157/264/6157 6169/277/6169 6170/276/6170
f 6159/265/6159 6158/263/6158 6170/276/6170 6171/278/6171
f 6160/266/6160 6159/265/6159 6171/278/6171 6172/279/6172
f 6161/267/6161 6160/266/6160 6172/279/6172 6173/280/6173
f 6162/268/6162 6161/267/6161 6173/280/6173 6174/281/6174
f 6163/269/6163 6162/268/6162 6174/281/6174 6175/282/6175
f 6164/270/6164 6163/269/6163 6175/282/6175 6176/283/6176
f 6165/271/6165 6164/270/6164 6176/283/6176 6177/284/6177
f 6166/272/6166 6165/271/6165 6177/284/6177 6178/285/6178
f 6167/273/6167 6166/272/6166 6178/285/6178 6179/286/6179
f 6168/262/6168 6167/273/6167 6179/286/6179 6180/275/6180
f 6169/274/6169 6180/275/6180 6192/288/6192 6181/287/6181
f 6170/276/6170 6169/277/6169 6181/290/6181 6182/289/6182
f 6171/278/6171 6170/276/6170 6182/289/6182 6183/291/6183
f 6172/279/6172 6171/278/6171 6183/291/6183 6184/292/6184
f 6173/280/6173 6172/279/6172 6184/292/6184 6185/293/6185
f 6174/281/6174 6173/280/6173 6185/293/6185 6186/294/6186
f 6175/282/6175 6174/281/6174 6186/294/6186 6187/295/6187
f 6176/283/6176 6175/282/6175 6187/295/6187 6188/296/6188
f 6177/284/6177 6176/283/6176 6188/296/6188 6189/297/6189
f 6178/285/6178 6177/284/6177 6189/297/6189 6190/298/6190
f 6179/286/6179 6178/285/6178 6190/298/6190 6191/299/6191
f 6180/275/6180 6179/286/6179 6191/299/6191 6192/288/6192
f 6181/287/6181 6192/288/6192 6204/301/6204 6193/300/6193
f 6182/289/6182 6181/290/6181 6193/303/6193 6194/302/6194
f 6183/291/6183 6182/289/6182 6194/302/6194 6195/304/6195
f 6184/292/6184 6183/291/6183 6195/304/6195 6196/305/6196
f 6185/293/6185 6184/292/6184 6196/305/6196 6197/306/6197
f 6186/294/6186 6185/293/6185 6197/306/6197 6198/307/6198
f 6187/295/6187 6186/294/6186 6198/307/6198 6199/308/6199
f 6188/296/6188 6187/295/6187 6199/308/6199 6200/309/6200
f 6189/297/6189 6188/296/6188 6200/309/6200 6201/310/6201
f 6190/298/6190 6189/297/6189 6201/310/6201 6202/311/6202
f 6191/299/6191 6190/298/6190 6202/311/6202 6203/312/6203
f 6192/288/6192 6191/299/6191 6203/312/6203 6204/301/6204
